Date,Open,High,Low,Close,Volume,Return
1999-11-19,0.34271106350644376,0.3401062340719924,0.32705805243988906,28.880542755126957,0.2370673529677361,-0.08238639187123153
1999-11-22,0.3254359579824771,0.3507779021941461,0.32984743641150793,31.473533630371094,0.0974802301430654,0.08978331526625549
1999-11-23,0.33806006265506905,0.3467760302053051,0.3291500904186032,28.612302780151367,0.08776945702233058,-0.09090910743681857
1999-11-24,0.312811881656683,0.3287675635719213,0.3291500904186032,29.372318267822266,0.06950894642465523,0.02656254176780659
1999-11-26,0.32078498547790013,0.3240987176608955,0.33751833158803446,29.46173095703125,0.01929737992956384,0.003044114134733933
1999-11-29,0.322113826665837,0.3341034118608645,0.33542626385779545,30.13233184814453,0.057116503476656734,0.02276176142166686
1999-11-30,0.33274466955652354,0.33943926014980774,0.3396103695667486,30.177038192749023,0.06091083246255661,0.0014836669405406955
1999-12-01,0.3347379313384289,0.34477507998301815,0.350070648714894,30.713520050048828,0.03909787530477186,0.01777781682460522
1999-12-02,0.35134858792162926,0.36144959877203264,0.3647150335719927,31.56294631958008,0.0409119934982004,0.027656428444120973
1999-12-03,0.3639726925942212,0.3687863403717972,0.3772673804503771,31.831188201904297,0.04045725453771431,0.008498632529682748
1999-12-06,0.3672948239108613,0.37679008434947925,0.3870302838540928,32.72532272338867,0.027703600500535372,0.02808988831371617
1999-12-07,0.3726102453562046,0.3721212384384535,0.3772673804503771,32.36766815185547,0.027142433272701473,-0.010928985316853379
1999-12-08,0.3672948239108613,0.36811939490534534,0.3828462078966646,32.322959899902344,0.02185165834591122,-0.0013812626767975011
1999-12-09,0.3672948239108613,0.37145429297200167,0.38772765959852246,32.77002716064453,0.0241285782473522,0.01383125995040868
1999-12-10,0.3719457964154383,0.37145429297200167,0.382148832152235,32.010013580322266,0.01825406039965427,-0.023192339041909982
1999-12-13,0.36995250628673515,0.374789191038658,0.37796472644328183,32.54649353027344,0.0562425016448005,0.01675975390029083
1999-12-14,0.36862366509879824,0.3654514423051409,0.3521627164451331,30.75822639465332,0.028964614213656363,-0.05494500149322512
1999-12-15,0.33274466955652354,0.3327694640164951,0.34030771555965333,29.819385528564453,0.038459305700685016,-0.030523244547418504
1999-12-16,0.33274466955652354,0.3854608307050788,0.35146537045222837,33.798282623291016,0.03307661545209438,0.13343323560155573
1999-12-17,0.37925450798948473,0.38412688286070945,0.3898197273287615,32.85944366455078,0.05120328444083234,-0.02777771193892742
1999-12-20,0.3779256668015478,0.3821259326384225,0.39749056300223823,33.53004455566406,0.010708941264496822,0.020408163265306145
1999-12-21,0.38257663930612484,0.3794580369496837,0.3960958710164289,33.35121536254883,0.027843892307493845,-0.005333401595048803
1999-12-22,0.38191219036535856,0.3887957287717351,0.3995826307324773,34.02181625366211,0.022140304707354515,0.02010723998581243
1999-12-23,0.3912141920681082,0.41480796783853396,0.41213497761086176,35.586551666259766,0.026231342802224028,0.045992118731439824
1999-12-27,0.4171267936604626,0.44882389397154915,0.43584491987877144,37.77718353271485,0.024138253544383814,0.06155785722087992
1999-12-28,0.4629721831526576,0.5375321939269004,0.48465955590345006,43.99141693115234,0.04881671117303302,0.16449700102857046
1999-12-29,0.55599186001858,0.724953431126107,0.585078271427476,51.50214767456055,0.16102596849723286,0.1707317305819609
1999-12-30,0.694192534129527,0.734958125326076,0.7112989374466007,56.68812561035156,0.09898473883148212,0.10069440149488429
1999-12-31,0.7314003708597385,0.7342911798596243,0.7336141877287009,55.30221557617188,0.022549892281693046,-0.02444797776003027
2000-01-03,0.7234272670385213,0.7236194832817375,0.6345902236935343,51.50214767456055,0.06678535031025452,-0.06871456888336092
2000-01-04,0.6104748022727584,0.6162357996822831,0.6053014539793372,47.56795501708984,0.06824793271153425,-0.07638890483423477
2000-01-05,0.5905420143729179,0.5908905629934018,0.555789442210229,44.6173095703125,0.08427022459589509,-0.06203010925563757
2000-01-06,0.5413744935640827,0.5428680422158438,0.5313821241978897,42.918453216552734,0.03227840344698583,-0.038076172008590814
2000-01-07,0.5141329940901957,0.5848877123265412,0.5411450871046554,46.49499130249024,0.03687739463601533,0.08333334074020438
2000-01-10,0.619776803975508,0.6242395436599653,0.6366822914237734,49.31151580810547,0.026053962356644353,0.06057694445604467
2000-01-11,0.6191123550347417,0.616902745148735,0.624129944545389,48.64091491699219,0.02133725505373015,-0.013599275546971823
2000-01-12,0.6091459610848216,0.606898050948766,0.5976305588028106,47.65736770629883,0.01446618161177548,-0.020220573818807153
2000-01-13,0.6131325413422279,0.6262404938822521,0.619248492843531,48.372676849365234,0.00970109782370319,0.015009413601579702
2000-01-14,0.5985151748877306,0.6215715910597608,0.6304061477361061,48.909156799316406,0.012645613220325863,0.011090557415745161
2000-01-18,0.6157902237181017,0.6589224721708979,0.6429584351114407,51.144493103027344,0.025300901737683353,0.04570384054836496
2000-01-19,0.651669275953972,0.6495847803488464,0.6617869851805424,50.07152938842773,0.03373614819974974,-0.02097906635692326
2000-01-20,0.6383807506874117,0.6375791359265905,0.6359849156793437,48.73032760620117,0.023788330301740268,-0.026785716326382603
2000-01-21,0.6211056451634449,0.6215715910597608,0.624129944545389,49.17739486694336,0.02234348594501851,0.009174312644786964
2000-01-24,0.6144613825301648,0.6475838301265595,0.6415637431256312,48.99856948852539,0.02520576131687243,-0.0036363328903820102
2000-01-25,0.6171190649060385,0.6242395436599653,0.624129944545389,48.41738128662109,0.010013932427725534,-0.011861329993325787
2000-01-26,0.6084815688376508,0.6202376432153913,0.6401690511398219,48.86444854736328,0.007895042377800999,0.009233610923640168
2000-01-27,0.6290787489846621,0.6335772354820166,0.6331955317077249,48.953861236572266,0.0054149412386960295,0.0018298106674081716
2000-01-28,0.6250922254208513,0.6229055958155958,0.635287599437964,48.68562316894531,0.017359095424229525,-0.0054794057271739804
2000-01-31,0.6044949885802444,0.6028962074156579,0.6053014539793372,47.34442138671875,0.008185301288749567,-0.02754821022979248
2000-02-01,0.5905420143729179,0.6495847803488464,0.6220378768151499,50.78683853149414,0.014053368938426411,0.0727100901003106
2000-02-02,0.6503403780724395,0.6976073011264046,0.6813127919879739,54.72103118896485,0.022775649212430825,0.07746480724589744
2000-02-03,0.6855549813675434,0.7109468933930299,0.7064174857447428,55.61516571044922,0.020105267231704013,0.016339869736677892
2000-02-04,0.7127964808414304,0.7109468933930299,0.7196671488645071,54.54220199584961,0.009883315917798676,-0.019292646185499307
2000-02-07,0.7121320319006643,0.734958125326076,0.7336141877287009,56.86695098876953,0.011957054581575656,0.042622939812676064
2000-02-08,0.744688896126299,0.7583024117926702,0.7559294380108013,56.5093002319336,0.0102719403485687,-0.006289255017497997
2000-02-09,0.711467582959898,0.7209515875929988,0.7273380440410336,54.18455123901367,0.010483184333759046,-0.041139228116050974
2000-02-10,0.7048233203266179,0.7222855354373683,0.7231539085805555,54.85514831542969,0.008612626907646066,0.012376167396089377
2000-02-11,0.6995079555748702,0.7009421991930609,0.7175751406373179,53.91630935668945,0.0035314834165408888,-0.017114874128891122
2000-02-14,0.6862194303083098,0.7022761470374301,0.7175751406373179,54.67632293701172,0.004916663441567657,0.014096172185939393
2000-02-15,0.7001723478220407,0.7669731581482699,0.7371009474447494,58.5658073425293,0.023943135054246167,0.07113653948526033
2000-02-16,0.7367157923050818,0.7549675137260139,0.7684817848891856,57.93991470336914,0.020463253221873916,-0.010686997542773469
2000-02-17,0.7473466351957683,0.9163765687698873,0.7489559185787042,69.38483428955078,0.0066469290607221645,0.1975308324973446
2000-02-18,0.8270777867951304,0.904370981259097,0.865413740697163,67.06008911132812,0.05687945869938207,-0.033505090875064036
2000-02-22,0.906808881700897,0.920378469214461,0.8870316747378836,65.45064544677734,0.027335939213333854,-0.024000022753905115
2000-02-23,0.8602990432679356,0.9537274498810244,0.9051627300564559,70.8154525756836,0.018662035424487536,0.08196721502569071
2000-04-03,0.9812246685485115,0.9830745301030137,0.9065574815453151,70.10014343261719,0.02415760413844705,-0.010101031865918264
2000-04-04,0.92807056748227,0.9737368382809624,0.7977705546033829,66.88125610351562,0.04816846627191455,-0.04591841288022003
2000-04-05,0.8722587840401548,0.9470576537477118,0.8884263072206432,69.34012603759766,0.025420230401073315,0.03676470923746278
2000-04-12,0.92807056748227,0.9403878576143989,0.8089282094959579,61.51645278930664,0.061580040507243576,-0.1128303868967423
2000-04-13,0.8217623653497872,0.9163765687698873,0.8535587100601584,64.377685546875,0.05166286104983423,0.046511666844121446
2000-04-14,0.8191046829739133,0.8356720697036835,0.7866129592138577,59.1469955444336,0.03757079092328135,-0.0812500474039689
2000-04-17,0.7373802412458481,0.762971257703696,0.6980492743268365,56.86695098876953,0.035876001393242776,-0.03854878062151457
2000-04-18,0.7154541632173044,0.8203315272147711,0.7210619003533665,62.23175811767578,0.052012784292477784,0.09433963023559544
2000-04-19,0.8111315224591007,0.8410079179926266,0.8200858643885328,62.410587310791016,0.030496536243662685,0.0028736002087081935
2000-04-20,0.8204335241618503,0.8603503040146472,0.8577428455206365,64.33297729492188,0.014840293096998079,0.030802305617759762
2000-04-24,0.8124604203406331,0.8670201001479598,0.8319408355224878,65.54005432128906,0.018799102132435463,0.018762959171523708
2000-04-25,0.8921915719399953,0.9010360831924407,0.8870316747378836,64.377685546875,0.009522104828618238,-0.017735242767970893
2000-04-26,0.897506936691743,0.8970341827478667,0.9051627300564559,65.71888732910156,0.0071564947043874245,0.02083333333333326
2000-04-27,0.8337220494284105,0.8763577919700112,0.8758740198453085,64.9141616821289,0.028195428099642664,-0.012244967613995295
2000-04-28,0.8430240511311602,0.8423418089255303,0.8528613938187786,63.394134521484375,0.020102042132693475,-0.023415956106585645
2000-05-01,0.8284066279830673,0.9083728817036707,0.8716898843848304,68.22245788574219,0.021977437207322266,0.07616356624636134
2000-05-02,0.930728249858144,0.9924122219250653,0.9700165321786173,72.07841491699219,0.06009488241289008,0.056520347562204476
2000-05-03,0.9227552027305224,0.9270482653477736,0.8828475392774054,65.45064544677734,0.028938813421572042,-0.09195220896363487
2000-05-04,0.8589702587735943,0.8576824083259083,0.8675057489243524,64.55651092529297,0.010571874556548887,-0.013661202504281822
2000-05-05,0.8450172845662678,0.8783587991037638,0.8828475392774054,65.40593719482422,0.011781286685501246,0.013157871411517919
2000-05-08,0.8629568390310007,0.8616843087704822,0.8263620080762004,60.622318267822266,0.008796457551246825,-0.07313738067467823
2000-05-09,0.7951853148166665,0.8043240392594069,0.7594161977268497,57.35872650146485,0.01912161203348943,-0.053834822877265265
2000-05-10,0.7260850061079909,0.7316232272594196,0.7280354197854633,55.07868194580078,0.017233316562818478,-0.03975061328472562
2000-05-11,0.7101387417719611,0.7282883291927633,0.7308248037570821,54.7657356262207,0.018531418914560678,-0.005681804802228685
2000-05-12,0.7792391071742322,0.9270482653477736,0.8005599980780517,64.78004455566406,0.2101668021208251,0.18285719738691353
2000-05-15,0.8430240511311602,0.8523465031254993,0.8326381517638676,63.0811882019043,0.06305229820555491,-0.026224995141829188
2000-05-16,0.8443528356255015,0.9157095663919697,0.8647163649527334,63.30472183227539,0.08446695563553801,0.003543586237716889
2000-05-17,0.7712659466594196,0.774976902125952,0.7398903909194181,55.79399108886719,0.19218365003805615,-0.11864408413811112
2000-05-18,0.7154541632173044,0.7236194832817375,0.6750366483003066,50.78683853149414,0.0906365700427003,-0.08974358097806245
2000-05-19,0.6589779308344228,0.6782648581929183,0.6206431848293404,47.65736770629883,0.0762461782576725,-0.06161972108688463
2000-05-22,0.5985151748877306,0.606898050948766,0.5516053662528008,44.6173095703125,0.1175209953945586,-0.06378988774036987
2000-05-23,0.544696624880723,0.5562076344824691,0.5139483256176473,41.48783874511719,0.07549795528722732,-0.07014028535861339
2000-05-24,0.5001800765764648,0.520857703593619,0.4853569316478797,42.2031478881836,0.11972373801875716,0.0172414173575286
2000-05-25,0.516126284218899,0.6149017949264481,0.5327768756867489,49.17739486694336,0.11522149980004386,0.1652541890296404
2000-05-26,0.5985151748877306,0.6122338992377092,0.6004200022774793,46.49499130249024,0.07133273991511539,-0.05454545877655281
2000-05-30,0.5898776221257473,0.696940298748487,0.6199458685879607,53.91630935668945,0.07750074177277241,0.15961543052921767
2000-05-31,0.6729309050417493,0.7156157393040556,0.694562514610788,52.66452026367188,0.06249596862623683,-0.02321726223388587
2000-06-01,0.6775818775463265,0.6956063509041175,0.694562514610788,52.21745300292969,0.05507662835249042,-0.008488964838261004
2000-06-02,0.6676154835964061,0.7563014615703834,0.7029307260286943,58.47639465332031,0.2669349949043436,0.1198630207038145
2000-06-05,0.7473466351957683,0.774976902125952,0.7364036312033697,56.5093002319336,0.16303520518079906,-0.033639119392512296
2000-06-06,0.6855549813675434,0.686935604548518,0.6534187142595861,50.78683853149414,0.18782976637382767,-0.10126583902034725
2000-06-07,0.6304075901725987,0.6522526760375853,0.6136696653972435,47.92560958862305,0.17560019092586143,-0.05633800066323835
2000-06-08,0.5985151748877306,0.6262404938822521,0.6283140800058671,49.44563674926758,0.14575028703381193,0.03171638657686193
2000-06-09,0.627749907796725,0.6582554697929803,0.6610896094361127,50.69742584228516,0.14089490047344452,0.025316472297955084
2000-06-12,0.6583135385872523,0.6562545764821592,0.6108802814256247,47.21030044555664,0.08292052065998426,-0.06878308590216464
2000-06-13,0.57193812435461,0.6469168277486419,0.6025120700077183,49.40092849731445,0.11587135725066759,0.04640148508023301
2000-06-14,0.6383807506874117,0.6442489320599032,0.6304061477361061,48.46208953857422,0.0818868764271063,-0.019004480022906334
2000-06-15,0.6084815688376508,0.6062311054823142,0.6059988297237668,47.16559219360352,0.10102622650515371,-0.02675281559906173
2000-06-16,0.5898776221257473,0.5915575084598537,0.5746179922793305,44.79613876342773,0.09602571048931202,-0.05023690618469823
2000-06-19,0.546689915009426,0.6175697475266526,0.57601268426514,48.64091491699219,0.10124714578737566,0.08582829368104816
2000-06-20,0.6191123550347417,0.6909375049930919,0.6457478785861094,52.66452026367188,0.18037011236244951,0.08272059342522953
2000-06-21,0.6662866424084695,0.7342911798596243,0.7008386582984553,56.15164566040039,0.13617819317053034,0.0662139402252171
2000-06-22,0.7340581099292081,0.7329571751037891,0.7126936294324101,54.18455123901367,0.09999419482178103,-0.03503182138745342
2000-06-23,0.6722664561009832,0.7082789407928254,0.7071148614891725,53.73748397827149,0.05541848884760762,-0.00825082519868292
2000-06-26,0.6835616912388403,0.6956063509041175,0.7092068697163617,53.73748397827149,0.05307867951546113,0.0
2000-06-27,0.6822328500509034,0.7009421991930609,0.7099042454607913,53.96101760864258,0.05768734600152225,0.0041597338360961356
2000-06-28,0.7234272670385213,0.736959075548363,0.7503506700675635,56.86695098876953,0.15097333488138084,0.05385245699409369
2000-06-29,0.7353869511171449,0.7342911798596243,0.7196671488645071,54.273963928222656,0.1310680237883303,-0.04559743428232954
2000-06-30,0.7015011890099778,0.7296222770371328,0.7046741058867186,52.75393295288086,0.12493227292077866,-0.028006632744791538
2000-07-03,0.6729309050417493,0.6729290668154408,0.683404859718213,52.709228515625,0.04294058077582982,-0.0008474143017126456
2000-07-05,0.652998117141909,0.6569215219486111,0.6596949174503033,50.25035858154297,0.07848600952049227,-0.04664970448871453
2000-07-06,0.6304075901725987,0.6329102900155648,0.6450505028416798,49.44563674926758,0.05915960369983359,-0.016014250544491904
2000-07-07,0.6304075901725987,0.6329102900155648,0.6276167042614375,48.28326034545898,0.08803714024020537,-0.023508169380098365
2000-07-10,0.6064882787089476,0.6309093397932779,0.637379667168203,48.99856948852539,0.0778861411045319,0.014814847587931945
2000-07-11,0.6091459610848216,0.612900901615627,0.6206431848293404,48.14914321899414,0.058759691422526676,-0.017335736091850018
2000-07-12,0.624427776480085,0.6349111833263861,0.642261118870061,49.356224060058594,0.052564276223280054,0.02506962243490718
2000-07-13,0.619776803975508,0.654920571726324,0.6499319545435377,50.78683853149414,0.08559090264071106,0.028985492684665548
2000-07-14,0.6463538545086287,0.7162826847705075,0.6806154757465941,55.12339019775391,0.11402015041861785,0.08538731276944067
2000-07-17,0.7034944791386808,0.7449628195260449,0.7336141877287009,55.97281646728516,0.09084136382986957,0.01540954332605371
2000-07-18,0.7154541632173044,0.7136147890817686,0.7085095534749819,54.81044387817383,0.050453448920881876,-0.020766733969706852
2000-07-19,0.694192534129527,0.6929384552153788,0.694562514610788,52.97746658325195,0.04847807577692635,-0.033442117327055376
2000-07-20,0.6716020638538125,0.6956063509041175,0.4853569316478797,38.626609802246094,0.04868125701459035,-0.2708860522511787
2000-07-21,0.4337374502436631,0.43081545579389807,0.3988853144910976,34.37947082519531,0.5790552394958526,-0.10995370804723881
2000-07-24,0.41779124260122896,0.41680886114935517,0.41562173732691027,35.4077262878418,0.21695886063702155,0.029908996210986416
2000-07-25,0.4078248486513087,0.4094721195495907,0.382148832152235,32.010013580322266,0.1387276339383619,-0.09595964112178046
2000-07-26,0.37460353548490777,0.37879103457176616,0.3605309278630395,30.75822639465332,0.1750035476089116,-0.0391061122960118
2000-07-27,0.3566640093669725,0.36078259639411514,0.33333419612755644,29.14878463745117,0.1502396248564831,-0.05232557094000456
2000-07-28,0.33008695883385186,0.32810058964973654,0.32357129272384066,29.506437301635746,0.14648722215772023,0.012269899710503074
2000-07-31,0.32277827560660327,0.33143548771639286,0.33054481215593756,29.14878463745117,0.12127017299431092,-0.012121174119681055
2000-08-01,0.3187916953491969,0.32076381959423916,0.32357129272384066,28.96995735168457,0.08705025994298024,-0.006134982572715386
2000-08-02,0.312811881656683,0.32076381959423916,0.32357129272384066,28.701717376708984,0.10023768979707677,-0.00925924645726095
2000-08-03,0.3021810387659964,0.3187628693719522,0.31311101357569526,29.32761001586914,0.1299618148277152,0.021806800998885878
2000-08-04,0.31679843356729154,0.3234317437387108,0.32496598470965005,28.65700912475586,0.07449494949494949,-0.022865855443059302
2000-08-07,0.31812727475522845,0.3214307935164239,0.3172951192846484,28.43347549438477,0.0810806016744714,-0.007800312635486639
2000-08-08,0.30816088080530823,0.30475630318314223,0.30892690786674204,27.762874603271484,0.07390959402453655,-0.02358490755889897
2000-08-09,0.2981944868553879,0.30675725340542914,0.3124136378312656,28.120529174804688,0.06688532837958125,0.012882476207671134
2000-08-10,0.3015166181720281,0.30609027948324447,0.3145057055615046,27.896995544433597,0.04177954513203556,-0.007949126027520514
2000-08-11,0.30882530139927666,0.3167619476053981,0.3172951192846484,29.059370040893555,0.046739747410245495,0.04166665527148106
2000-08-14,0.33274466955652354,0.3461090562831204,0.34588654300594085,31.11587905883789,0.08068068939716448,0.07076922228700533
2000-08-15,0.35134858792162926,0.3534458263386177,0.357044168146991,30.40057182312012,0.06377149528490524,-0.02298849517846424
2000-08-16,0.3407177733777406,0.3454420539052029,0.3472812349917503,31.11587905883789,0.042064966394468314,0.023529400692843705
2000-08-17,0.34470432528834916,0.3854608307050788,0.3640176875790879,33.261802673339844,0.14512461782576724,0.0689655468336332
2000-08-18,0.5001800765764648,0.5015152606601327,0.4972119027818345,40.32546615600586,0.27817930260458995,0.21236562407748627
2000-08-21,0.505495498021808,0.5268604973490141,0.5223165965386035,43.27610778808594,0.12970380690687203,0.07317067633304042
2000-08-22,0.5280859682975225,0.5268604973490141,0.5418424033460351,43.27610778808594,0.0715778474399164,0.0
2000-08-23,0.5227705468521793,0.5275274997269317,0.5446318468207038,43.27610778808594,0.04403711443941329,0.0
2000-08-24,0.5280859682975225,0.5288614475713009,0.5425397790904647,42.739627838134766,0.04028632429015571,-0.012396677459493355
2000-08-25,0.5207772567234761,0.5221916514379883,0.5306848079565099,41.84549331665039,0.030822271243727183,-0.02092050321239758
2000-08-28,0.5061598902689788,0.5095190615492806,0.5216192207941739,41.934906005859375,0.05121618483687449,0.0021367340213289676
2000-08-29,0.5094820215856188,0.5642113784601512,0.5355662596583678,45.06437683105469,0.0883080485570907,0.0746268711025142
2000-08-30,0.5593139913352201,0.5635443760822338,0.5620656454009462,43.90200424194336,0.047199324019247396,-0.025793601750425554
2000-08-31,0.5413744935640827,0.5442019900602133,0.5495132985225616,43.63376235961914,0.047525059019311894,-0.006110014496056748
2000-09-01,0.5314080996141626,0.5502047838156086,0.5536974339830396,44.2596549987793,0.04201497735980495,0.014344228077370458
2000-09-05,0.5420389425048491,0.5482038335933215,0.5662497213583744,44.21495056152344,0.024384973618690096,-0.0010100493837353897
2000-09-06,0.5420389425048491,0.546869885748952,0.5502106742669913,42.918453216552734,0.02745688042622909,-0.02932260080595761
2000-09-07,0.5240993880401161,0.5442019900602133,0.5439344710762741,44.2596549987793,0.025644374782305822,0.03125000277757661
2000-09-08,0.5300792584262257,0.5328633480158749,0.5425397790904647,42.38197326660156,0.023914109163151315,-0.04242422884293884
2000-09-11,0.5134686018430252,0.5108530093936501,0.50767218192998,40.59370422363281,0.039444573448404865,-0.04219409586523348
2000-09-12,0.4795828397358581,0.4988473649713941,0.4965145270374049,39.341915130615234,0.03704832488357393,-0.03083702551808054
2000-09-13,0.48954923368577835,0.48684172054913816,0.48047547994602186,39.341915130615234,0.04822329295509373,0.0
2000-09-14,0.4775895496071549,0.49217756883808145,0.5027907302281222,39.87839889526367,0.048961840628507294,0.013636442528720538
2000-09-15,0.4782539985479211,0.5088520591713632,0.5034880464695018,40.77253341674805,0.052246603970741906,0.02242152509263784
2000-09-18,0.49353581394318463,0.4968464147491071,0.468620508812067,38.626609802246094,0.06769321568172143,-0.052631598644308886
2000-09-19,0.45566352827220674,0.45749464032714876,0.46304168136577945,38.53719711303711,0.0429792819639563,-0.0023147951546030887
2000-09-20,0.45566352827220674,0.4561606924827793,0.46025223789111075,37.55364990234375,0.02314653559864288,-0.025522022471131556
2000-09-21,0.4456971343222866,0.442821100216154,0.40725352590900393,34.33476257324219,0.03865281164131739,-0.08571436697823265
2000-09-22,0.3971940057606221,0.41480796783853396,0.4170164293127197,35.765380859375,0.04696550434098327,0.04166675925255192
2000-09-25,0.4204489249771027,0.43548430170492375,0.4205031890287682,34.55829620361328,0.029924081169291898,-0.0337500853271443
2000-09-26,0.4018449782651991,0.4074711693273037,0.38633296761271313,32.322959899902344,0.04059432124566224,-0.06468305875210423
2000-09-27,0.3772612178607816,0.38012498241613557,0.37796472644328183,32.90414810180664,0.05456867525833043,0.01798066153916955
2000-09-28,0.3759323766728447,0.39813347750525235,0.39679324676085853,34.30123519897461,0.05953371518505619,0.04245930005072096
2000-09-29,0.3998516881364959,0.4121400152383295,0.4163191130713399,35.00536346435547,0.05070984429221977,0.020527781617669216
2000-10-02,0.4084892408984793,0.4294815079495287,0.4309634681769136,36.16773986816406,0.03991866300295419,0.03320566589723306
2000-10-03,0.42842202879831986,0.47350212828251287,0.4442131907997277,38.00071716308594,0.08100319929821845,0.0506798959958048
2000-10-04,0.4483548166981603,0.5068511089490761,0.468620508812067,41.3984260559082,0.08060167447140627,0.08941170447495694
2000-10-05,0.502173366705168,0.4995143673493116,0.4923304510799766,39.43133163452149,0.05589257840215695,-0.047516164472778954
2000-10-06,0.4795828397358581,0.47817097419353866,0.4539760942034435,37.330116271972656,0.03642910587355032,-0.05328796354189713
2000-10-09,0.4403817128769432,0.4374852519272107,0.44212112306948864,36.25715255737305,0.0262652063418347,-0.02874257628297794
2000-10-10,0.43506629143159997,0.44615599828281033,0.42259525675900717,35.452430725097656,0.04124417869628598,-0.02219484365193891
2000-10-11,0.39652955681985586,0.39679947274941724,0.3828462078966646,32.77002716064453,0.08054846033773236,-0.07566204938817311
2000-10-12,0.38390548049406176,0.38412688286070945,0.36610975530932693,32.010013580322266,0.058759691422526676,-0.023192339041909982
2000-10-13,0.3486908771989577,0.3621165442384845,0.3605309278630395,31.74177360534668,0.07325328637589174,-0.008379876950145415
2000-10-16,0.36330824365345493,0.40080137319399106,0.38005679417352084,33.21709442138672,0.05844685681850433,0.0464788399786058
2000-10-17,0.38124779811818793,0.37879103457176616,0.35843888988432526,30.98176002502441,0.03790297612136693,-0.06729469977130498
2000-10-18,0.31746285416125997,0.3341034118608645,0.3207818790006968,29.23819732666016,0.08232226479352915,-0.05627707066854659
2000-10-19,0.33806006265506905,0.36078259639411514,0.35495213016827687,31.29470634460449,0.06558400092882852,0.07033638206104964
2000-10-20,0.35134858792162926,0.3901296766161046,0.37029386101828016,33.30651092529297,0.06645155256266366,0.0642857791517617
2000-10-23,0.38124779811818793,0.4348173562384719,0.39051704357014133,36.52539443969727,0.072603428925268,0.09664427239539775
2000-10-24,0.4290864777390862,0.42814756010515925,0.4128323533552914,34.37947082519531,0.04971973889598411,-0.05875155210287564
2000-10-25,0.36330824365345493,0.364784496838689,0.35425475442384724,30.48998641967773,0.07636711947056775,-0.11313392301161129
2000-10-26,0.33938893218980365,0.3567807244052741,0.35146537045222837,31.473533630371094,0.094274481726589,0.03225804030068691
2000-10-27,0.3739390865441415,0.3854608307050788,0.38424089988247406,32.72532272338867,0.06441167743849736,0.03977275344162923
2000-10-30,0.3626438514062843,0.3721212384384535,0.3709912070111848,32.54649353027344,0.03526323258124025,-0.005464550941996493
2000-10-31,0.37128140416826766,0.38946273114965274,0.3919117950590006,33.127681732177734,0.05450901092663545,0.017857167973062804
2000-11-01,0.3752679277320784,0.3861278330829964,0.39121441931457096,33.48533630371094,0.04620599352400119,0.010796245098726676
2000-11-02,0.3872276118107018,0.40080137319399106,0.4058588339231945,34.42417907714844,0.046763935652824544,0.02803743002376402
2000-11-03,0.39254303325604506,0.3901296766161046,0.39400380328618984,33.48533630371094,0.029735412877175335,-0.027272771598516488
2000-11-06,0.38523432168199867,0.3821259326384225,0.39470117903061946,33.17238998413086,0.029559644981100926,-0.009345772034112687
2000-11-07,0.37128140416826766,0.37545613650510984,0.39121441931457096,32.85944366455078,0.02674897119341564,-0.009433939481894082
2000-11-08,0.37460353548490777,0.3854608307050788,0.37308327474142394,31.74177360534668,0.029890217629681234,-0.034013663487853285
2000-11-09,0.36065056127758116,0.3574476983274588,0.3465838889988456,31.160587310791016,0.05538462530799696,-0.018309824201435565
2000-11-10,0.33274466955652354,0.33743830992752083,0.32147922499360154,28.209941864013672,0.07139401679631564,-0.09469158643731745
2000-11-13,0.30284548770676273,0.3160949736832134,0.3075321861294077,28.120529174804688,0.0877952578144149,-0.003169545319873346
2000-11-14,0.3154695640325569,0.3407732079941771,0.33193950414174694,30.48998641967773,0.055155643278248644,0.08426076302276764
2000-11-15,0.3407177733777406,0.3521118500385156,0.35425475442384724,31.026466369628903,0.03026916676341964,0.01759528333554572
2000-11-16,0.34271106350644376,0.3474430041274898,0.3430971292827971,29.774677276611328,0.03614045951210702,-0.04034584789980855
2000-11-17,0.35400629864430094,0.3881287833052833,0.3716885530040896,33.8876953125,0.11828534386005651,0.13813812313322837
2000-11-20,0.38456992943482804,0.3821259326384225,0.3716885530040896,31.92060089111328,0.05818562379865062,-0.058047453603642496
2000-11-21,0.40317381945313596,0.4201437592160115,0.3995826307324773,34.781829833984375,0.15428712411471032,0.08963581082421479
2000-11-22,0.40317381945313596,0.4041362712606474,0.39051704357014133,34.33476257324219,0.05056471483674549,-0.01285347156478156
2000-11-24,0.4058315585226055,0.43081545579389807,0.42608201647505567,36.43598175048828,0.019573125894964974,0.06119801098853728
2000-11-27,0.4277576365511491,0.43548430170492375,0.4407264310836792,36.12303161621094,0.03971225666627966,-0.0085890408119208
2000-11-28,0.4231066073529765,0.44415504806052336,0.44560788278553715,36.25715255737305,0.048495813821484324,0.0037128927213827545
2000-11-29,0.43506629143159997,0.45749464032714876,0.45258140221763415,38.53719711303711,0.06212185714101424,0.06288537281178219
2000-11-30,0.44968365788609727,0.44882389397154915,0.4476999505157761,37.330116271972656,0.07143433053394739,-0.03132248662308912
2000-12-01,0.44901926563892663,0.46483138192691326,0.4714098927836858,37.91130065917969,0.0499229201336481,0.015568780524891634
2000-12-04,0.439717263936177,0.4474899461271797,0.44630519902691684,36.48068618774414,0.03809486951249404,-0.03773583196991015
2000-12-05,0.44702597551022344,0.4755030785047997,0.4693178250534467,39.38662338256836,0.07965349536230762,0.07965686774281355
2000-12-06,0.4736030260433442,0.4888426707714251,0.46304168136577945,37.19599533081055,0.061828373131055124,-0.05561857970102957
2000-12-07,0.4443682931343496,0.4668323321492001,0.45606816193368255,38.626609802246094,0.04075235109717869,0.03846151873910264
2000-12-08,0.48556271012196756,0.5201907012157014,0.5090668739157895,42.51609420776367,0.06252176941832113,0.10069442867055356
2000-12-11,0.5094820215856188,0.5141879074603064,0.518829836822555,41.30901336669922,0.04270837364707097,-0.028391150776122642
2000-12-12,0.5068243392097451,0.5075181113269938,0.518829836822555,40.951358795166016,0.02582336777739077,-0.008658027446899141
2000-12-13,0.5147974430309621,0.5148548529267583,0.5278953644818412,41.6219596862793,0.057451913773752854,0.016375546766776328
2000-12-14,0.505495498021808,0.5175228055269627,0.5306848079565099,42.38197326660156,0.05989170117522608,0.01825991822707973
2000-12-15,0.516126284218899,0.5181897509934146,0.49093575909416726,40.6831169128418,0.08898370679979875,-0.04008440907348032
2000-12-18,0.4908780748737152,0.502849265415968,0.5111589416460285,40.77253341674805,0.04629145864778049,0.0021978774167625836
2000-12-19,0.4922069727552478,0.5201907012157014,0.516737769092316,40.81723785400391,0.04427738431569849,0.0010964351123077254
2000-12-20,0.466958763410064,0.46483138192691326,0.4470025747713465,37.55364990234375,0.06717719984003509,-0.07995611960156257
2000-12-21,0.4443682931343496,0.4558271912938205,0.43933167959481995,36.74892807006836,0.056294103228969126,-0.021428591744558134
2000-12-22,0.4297508699862567,0.47617008088271734,0.45258140221763415,39.11838150024414,0.03267025297676639,0.06447680393991351
2000-12-26,0.46828760459800095,0.47016723021585644,0.47419927675530466,38.26895523071289,0.016872105473638044,-0.021714248825093874
2000-12-27,0.45566352827220674,0.47883797657145605,0.48047547994602186,40.01251602172852,0.05185475444096134,0.045560710515983205
2000-12-28,0.4775895496071549,0.48283987701603,0.4895410671083578,39.56544876098633,0.019842421662345032,-0.011173185422766685
2000-12-29,0.47493186723128106,0.48350682248248184,0.48117279618740166,39.16308975219727,0.02477843569797593,-0.010169453939969042
2001-01-02,0.4589856595888469,0.4561606924827793,0.4302661519355338,36.39127349853516,0.02787936839660978,-0.07077624036307284
2001-01-03,0.4084892408984793,0.48417382486039945,0.4135296695966712,40.14663696289063,0.06401660280970625,0.10319406559120914
2001-01-04,0.4908780748737152,0.5181897509934146,0.5000012867534535,41.66666793823242,0.06233471367570984,0.03786197525702639
2001-01-05,0.4948646551311216,0.502849265415968,0.4797781042015921,39.38662338256836,0.04425319607311945,-0.05472106766598306
2001-01-08,0.4629721831526576,0.47617008088271734,0.46652844108182795,38.09012985229492,0.02806642413922108,-0.032917102785897545
2001-01-09,0.4549990793314405,0.4674993345271177,0.4609496136355404,37.91130065917969,0.03130603609530813,-0.004694895864327475
2001-01-10,0.4443682931343496,0.47416913066043037,0.46722575732320765,39.56544876098633,0.030206277332714117,0.04363205885963484
2001-01-11,0.4802472886766243,0.4968464147491071,0.4818701719318312,41.17489242553711,0.048123314885766995,0.04067800858959991
2001-01-12,0.49818678644776165,0.5001813128157635,0.5041854222139315,40.14663696289063,0.03251706077376576,-0.02497287550917171
2001-01-16,0.4842338122404351,0.502849265415968,0.5000012867534535,41.6219596862793,0.03335074886799025,0.03674835141863486
2001-01-17,0.5128041529022589,0.5555406321045517,0.5404477113602256,44.30436325073242,0.1265915863617013,0.06444683490809733
2001-01-18,0.544696624880723,0.606898050948766,0.5564868179546586,48.32796859741211,0.10394171601068153,0.09081736089758996
2001-01-19,0.6038305396394781,0.6015622026598226,0.6032093862490983,46.89735412597656,0.09114774823587084,-0.029602205781770752
2001-01-22,0.5838977517396378,0.5815528142598847,0.5676444728472336,44.88555145263672,0.03692254602216288,-0.04289799948917594
2001-01-23,0.5526697287019402,0.5642113784601512,0.569039164833043,44.88555145263672,0.04088135505760027,0.0
2001-01-24,0.55599186001858,0.5575415823268386,0.5299874322120802,41.48783874511719,0.07661383954487402,-0.07569724772357544
2001-01-25,0.4888848414386077,0.4935115166824508,0.4853569316478797,39.52074432373047,0.06049640723970227,-0.04741375981216256
2001-01-26,0.46363663209342393,0.4755030785047997,0.47071251703925615,39.07367706298828,0.051554820232981156,-0.011312217631329946
2001-01-29,0.4762607084192179,0.48417382486039945,0.4853569316478797,38.927040100097656,0.040612059290220215,-0.00375283244149871
2001-01-30,0.4746660876549746,0.47190137948697636,0.49093575909416726,39.16308975219727,0.029940206664344597,0.006063899322749311
2001-01-31,0.47094528697387467,0.47617008088271734,0.47754656132246726,39.02002716064453,0.03261865139259776,-0.0036529955235392597
2001-02-01,0.45393601771981024,0.45802824222948274,0.46583106533739843,38.48354721069336,0.04769598926687049,-0.013748835892463562
2001-02-02,0.4589324809961473,0.4653916753066571,0.46304168136577945,37.339054107666016,0.04012345679012346,-0.029739802746388322
2001-02-05,0.456062140943071,0.456854329426641,0.41841112129852914,35.19313430786133,0.05105654243585278,-0.057471188038588084
2001-02-06,0.4114127028506596,0.44148715237178465,0.4340318024463043,36.459228515625,0.04370976688984352,0.03597560241972686
2001-02-07,0.4220435457413461,0.4265467543981573,0.4312424184746854,35.86552047729492,0.020023027206935252,-0.016284163502681803
2001-02-08,0.4204489249771027,0.4653916753066571,0.4435158150552981,38.77682495117188,0.057993730407523515,0.08117279312090275
2001-02-09,0.46265328167724723,0.46517825731030976,0.463264817802777,37.55364990234375,0.030815821045706106,-0.03154397118300334
2001-02-12,0.44224211321749324,0.4467162347510885,0.4446315567433356,36.566524505615234,0.04001702852277565,-0.02628573785225885
2001-02-13,0.42842202879831986,0.4318826026871005,0.41127027929020893,33.88412094116211,0.06219603441825664,-0.07335680928717214
2001-02-14,0.3991872958893253,0.4041362712606474,0.41584487376390783,34.33476257324219,0.06078666615065082,0.013299493082986835
2001-02-15,0.4146019443791465,0.4681662799935696,0.4361517771069305,38.51931381225586,0.05518305661983824,0.12187505971789592
2001-02-16,0.41779124260122896,0.4201437592160115,0.42566359102839785,35.765380859375,0.07211966407368706,-0.0714948601188381
2001-02-20,0.40928657962739884,0.4089385176472567,0.3626229955932785,31.473533630371094,0.09376975373143955,-0.12000004266357212
2001-02-21,0.33274466955652354,0.3321024616385776,0.32022400815667806,28.7553653717041,0.1424026342608718,-0.08636361873406029
2001-02-22,0.31095148131613304,0.31449422488767703,0.3124136378312656,27.947067260742188,0.09977327553955906,-0.028109471067868874
2001-02-23,0.301702658206083,0.301368050617399,0.279498633252134,27.39628028869629,0.07862468877794548,-0.019708220791367248
2001-02-26,0.28692581266708267,0.2947516089831732,0.29902449956261545,27.39628028869629,0.05143065392107538,0.0
2001-02-27,0.2875636723114992,0.30446283921029826,0.29444987533739164,27.28898429870605,0.05020995394558613,-0.0039164437237309
2001-02-28,0.2944737145210859,0.2952852108855072,0.28228804697527776,25.751073837280277,0.04835229691551531,-0.05635645667833433
2001-03-01,0.26789666398796513,0.2974195331276449,0.2666673658275026,27.403432846069336,0.07350161899970328,0.06416660599205426
2001-03-02,0.27374361623912363,0.3106524163960964,0.2894289484866478,27.203147888183597,0.046752647806287656,-0.007308754308658294
2001-03-05,0.29064661334818254,0.2998740108200363,0.2967929566834904,27.217453002929688,0.02418985512855245,0.0005258624775665854
2001-03-06,0.3019152875364878,0.3221778134151052,0.3191082367171156,29.041488647460938,0.0516805990943922,0.06701713214439686
2001-03-07,0.33593391108501036,0.3334897924377666,0.3358446893044532,29.29899787902832,0.035540591096146656,0.008866943244312475
2001-03-08,0.3217949251904266,0.32111063806617,0.3246870344118782,28.612302780151367,0.037177328843995515,-0.023437494405516013
2001-03-09,0.3019152875364878,0.30243522596633426,0.29177202983274664,26.502145767211918,0.036895132680573296,-0.07374998891746964
2001-03-12,0.26895975394639343,0.2718075239433294,0.27336193496182765,25.042919158935547,0.04630274649431738,-0.055060696635428896
2001-03-13,0.26470742245947837,0.2747955750823221,0.27503557724540895,26.165950775146484,0.03413767302656192,0.04484427750150011
2001-03-14,0.26045509097256325,0.2727679618383581,0.27269249589931016,25.25035858154297,0.05083562315363082,-0.03499174180489495
2001-03-15,0.2636443325010501,0.27148736849307564,0.2681178716740863,24.928468704223636,0.03788685062631423,-0.012747932916668425
2001-03-16,0.2519504279987332,0.26273660461671217,0.2617580071952576,24.8569393157959,0.05826463872440884,-0.002869385571830918
2001-03-19,0.2540765795687918,0.28194561861888195,0.25785285178407624,26.459226608276367,0.03019982713469304,0.06446036143565981
2001-03-20,0.27161743632226715,0.2680724244499225,0.26555159438794,24.53504943847656,0.05951113949198241,-0.07272235119668735
2001-03-21,0.2372799112983342,0.24128653091849828,0.21311075324985201,22.60371971130371,0.1313405446547209,-0.07871717283536761
2001-03-22,0.22537337746561248,0.2545194141869499,0.2381038192850724,24.89270401000977,0.06566785350310254,0.10126582385293781
2001-03-23,0.2562027594856483,0.30275538141658814,0.2711304218342277,27.06008529663086,0.07324199852935484,0.08706893737817922
2001-03-26,0.28086625943231724,0.28290605651391065,0.2860816341679603,26.51645278930664,0.038446405304642856,-0.020089829775662427
2001-03-27,0.2795905684902821,0.27639635233359133,0.28161857816123526,26.416309356689453,0.03486332030393333,-0.003776652684765347
2001-03-28,0.25939200101413507,0.257080600877515,0.24546785723343995,23.39055824279785,0.060085207115858456,-0.11454102361673713
2001-03-29,0.22643646742404067,0.2353104001847801,0.21757377950505213,21.459226608276367,0.132387089283641,-0.0825688559663238
2001-03-30,0.2115533213932369,0.22090363256921952,0.2198053223841771,21.981401443481445,0.07818123766399628,0.024333348295212387
2001-04-02,0.22909417814671235,0.22880066754872797,0.2209210938237396,22.06723976135254,0.048049137608524584,0.0039050430015483695
2001-04-03,0.2062378999478936,0.20671031140573926,0.1952585292229519,21.1015739440918,0.0733726150392817,-0.04376015431490243
2001-04-04,0.19146105440889327,0.1949714679346503,0.19258071346983185,20.09299087524414,0.03768205683914497,-0.04779658008070298
2001-04-05,0.1918862847229051,0.2141804819368201,0.2031804380153382,21.90271759033203,0.04543680740998749,0.09006756268015792
2001-04-06,0.1626515518139106,0.17896395152355338,0.16178565379980153,19.88555145263672,0.11017260729904407,-0.09209661446695083
2001-04-09,0.17881038878674949,0.18280576001513388,0.18443563848892303,19.742488861083984,0.03807874401744134,-0.007194298427855017
2001-04-10,0.18603936081854444,0.20649686495365904,0.19369645515786943,21.351930618286133,0.039284931047383155,0.08152172547883008
2001-04-11,0.21846333525602585,0.22912082299898184,0.22873143439762716,22.66094398498535,0.04512397280596515,0.06130655771137428
2001-04-12,0.21580565288015197,0.24939701235008682,0.21768537747507583,24.291845321655277,0.045228788523807684,0.0719696998390944
2001-04-16,0.23919343353798805,0.23925891767453433,0.24345951029436236,23.83404922485352,0.026463549930982884,-0.01884566984269609
2001-04-17,0.22909417814671235,0.2437410086108897,0.23732281200405603,23.84120178222656,0.02049227911296877,0.0003000982881911085
2001-04-18,0.25301351795716137,0.2961389397823623,0.26443585269990255,27.174535751342773,0.07192938323206521,0.13981400768149155
2001-04-19,0.28373657113859585,0.3134270495387418,0.3000286730321542,27.889842987060547,0.05407846020872841,0.02632270307257878
2001-04-20,0.3006395965944526,0.3187628693719522,0.31252523580128927,28.898426055908203,0.04893281473741244,0.03616309598141476
2001-04-23,0.30616761902340284,0.30809120124979855,0.3092895194526255,28.612302780151367,0.037688507037166044,-0.009900998594293275
2001-04-24,0.29978910761963135,0.3000874572721165,0.29009838754916534,26.623748779296875,0.03498587406633384,-0.06949996356930666
2001-04-25,0.2795905684902821,0.2974195331276449,0.29043312195618654,27.775392532348636,0.029017828347330264,0.04325625826019297
2001-04-26,0.2928790937568425,0.3184427423774312,0.306834840136503,27.188840866088867,0.039318794586993826,-0.021117673335368403
2001-04-27,0.3051045290649746,0.310225551947669,0.30962425385964676,27.74678039550781,0.01904098455822594,0.020520901651045698
2001-04-30,0.3051045290649746,0.31075912539427014,0.31620725477547307,27.90414810180664,0.018662035424487536,0.005671566360337499
2001-05-01,0.2891582930757426,0.30222177951425405,0.3017023153157355,28.040058135986328,0.025957209386328166,0.004870603240916926
2001-05-02,0.3104199505103179,0.31289344763640775,0.3203355763751768,28.412017822265625,0.020453577924842294,0.013265296543801597
2001-05-03,0.30350990830073116,0.3000874572721165,0.3054959322599429,27.503576278686523,0.018204071364990908,-0.0319738481533397
2001-05-04,0.2923475346042294,0.29848670847658004,0.2967929566834904,27.446352005004883,0.031683372679541265,-0.0020806121030153557
2001-05-07,0.28596905154725577,0.29837999947840643,0.3001402710021779,27.711015701293945,0.024734896861333643,0.009642946218892723
2001-05-08,0.29978910761963135,0.3038225283097905,0.3049380316643992,27.48211669921875,0.01723009146380794,-0.008260216967236889
2001-05-09,0.2891582930757426,0.3074509188050237,0.30125601269021546,27.896995544433597,0.032002657481584686,0.015096320627538962
2001-05-10,0.3114830121219483,0.3206837736177425,0.31866193409159554,28.04721069335937,0.031209283124991938,0.005384635370017321
2001-05-11,0.30404143910654635,0.31214645619345927,0.32133974984471564,28.39055824279785,0.024625243494975295,0.01224177167534779
2001-05-14,0.3095694615354966,0.30627703445791477,0.30705797657350054,27.718168258666992,0.019581188642491323,-0.023683577419666646
2001-05-15,0.28862676226992734,0.2961389397823623,0.29567721499545285,26.78826904296875,0.0295822206741747,-0.03354836463291466
2001-05-16,0.2738499167309271,0.29208368483870156,0.2789407624081152,27.53934097290039,0.042995407459009,0.028037344582694468
2001-05-17,0.29022138303417083,0.30275538141658814,0.30147917887873793,27.69670867919922,0.039649367235574134,0.005714287297349685
2001-05-18,0.29022138303417083,0.29688595968104364,0.2811722755357152,25.751073837280277,0.14155120812208935,-0.07024787184840309
2001-05-21,0.26895975394639343,0.28994936259656395,0.2811722755357152,27.18168830871582,0.09320858650360565,0.0555555267510599
2001-05-22,0.2981944868553879,0.30595687900766094,0.3049380316643992,28.075822830200195,0.04808622624714579,0.03289473822704636
2001-05-23,0.2939421553684729,0.2914434023939268,0.30125601269021546,27.131616592407227,0.04758794845001742,-0.033630581141056326
2001-05-24,0.28947722289795086,0.2878150403544264,0.28786687442156533,25.965665817260746,0.03570507114568418,-0.04297387777006889
2001-05-25,0.27746438857342565,0.29208368483870156,0.2934456721163279,26.959941864013672,0.024588154856354093,0.03829195267898644
2001-05-29,0.28650058235307096,0.2830127655120843,0.2793870650336352,25.715307235717773,0.027261761936091443,-0.04616607241120374
2001-05-30,0.24876118647024636,0.2525985099411597,0.24792253654956242,23.51215934753418,0.04861352993536902,-0.08567456993566414
2001-05-31,0.23706728196792942,0.24406116406114353,0.24267847326182107,23.991416931152344,0.0659532747655353,0.020383392972726844
2001-06-01,0.25301351795716137,0.25206493649455847,0.24167427004075737,24.29899787902832,0.029943431763355136,0.012820457781157035
2001-06-04,0.24769809651181812,0.24608877730510748,0.25439396924688995,23.962804794311523,0.02700536656475354,-0.013835676943984354
2001-06-05,0.24238270341327267,0.24779626355455042,0.256625512126015,24.39198875427246,0.04444186436523601,0.01791042257552511
2001-06-06,0.24876118647024636,0.25366568529009487,0.2568486485630125,24.513591766357425,0.02375607931163487,0.00498536684769757
2001-06-07,0.24238270341327267,0.270206775147793,0.256625512126015,25.63662338256836,0.03864474889379104,0.04581260987433877
2001-06-08,0.26088032128657507,0.2622030027143781,0.27168829267824646,25.042919158935547,0.012624650076757357,-0.02315844074990403
2001-06-11,0.2519504279987332,0.25473283218329723,0.2528318951818075,24.15593719482422,0.04282447721145039,-0.035418473321024324
2001-06-12,0.2372799112983342,0.24032609302346958,0.24100483097823988,23.81974220275879,0.03778042235896642,-0.01391769606593718
2001-06-13,0.24238270341327267,0.24331414416246216,0.2470299312985224,23.347639083862305,0.017026910226143943,-0.01981982486954903
2001-06-14,0.2280310881882841,0.22442528561054625,0.2214789646677584,22.246065139770508,0.04514171085052311,-0.04718138481304501
2001-06-15,0.2053874393198702,0.211619295246255,0.20641615436400207,21.78826904296875,0.055937729788304504,-0.0205787447769058
2001-06-18,0.20836407986475008,0.21279317959336386,0.209540302494167,21.459226608276367,0.03160435775378304,-0.015101816213278663
2001-06-19,0.21049023143480872,0.20863121565152942,0.20641615436400207,20.97281837463379,0.04456441812763652,-0.022666624595640394
2001-06-20,0.1979458663044683,0.1949714679346503,0.18689031780504556,20.329042434692383,0.06600810144871447,-0.030695728558830293
2001-06-21,0.1918862847229051,0.19763939207912196,0.1988289799786369,21.15879821777344,0.04173116864687746,0.040816274831767085
2001-06-22,0.19454399544557677,0.20521627160837647,0.20373833861088197,21.03004264831543,0.04682843763303534,-0.006085202388756539
2001-06-25,0.19932788608510477,0.20084088967019476,0.20864769724312698,21.20886993408203,0.028754982777971283,0.008503420024253971
2001-06-26,0.19773323697406353,0.20084088967019476,0.20061419048071694,20.886981964111328,0.04797012268276636,-0.015177044838840636
2001-06-27,0.18869704319441827,0.20671031140573926,0.20027945607369574,21.351930618286133,0.04591895971206316,0.022260212364509924
2001-06-28,0.2051748099894654,0.22165065246790094,0.21757377950505213,22.6680965423584,0.05931440845233949,0.061641541816601864
2001-06-29,0.22112104597869742,0.24512833941007878,0.2264998915185022,23.24749565124512,0.08199814234296993,0.02556011298981531
2001-07-02,0.23175186052258617,0.23872534422793312,0.24011219597567485,23.669527053833008,0.026116851787349876,0.018153843705108308
2001-07-03,0.23919343353798805,0.2355238181811275,0.24345951029436236,23.261802673339844,0.0065485635409007065,-0.017225708801272277
2001-07-05,0.23185818936118746,0.2327491850384822,0.2348681326879335,23.011444091796875,0.024871963569281577,-0.010762647463685271
2001-07-06,0.22537337746561248,0.22165065246790094,0.20797822842908453,21.566524505615234,0.027302075673723183,-0.06279134766238881
2001-07-09,0.20676945910050665,0.20831106020127566,0.2132223214683508,21.39484977722168,0.01379052336906743,-0.00796024080508917
2001-07-10,0.2042180488696385,0.205643136056804,0.1961511344739919,20.24320411682129,0.04603828837545313,-0.05382817231212844
2001-07-11,0.18763398158278782,0.18803487085017062,0.17517479206845166,19.220314025878903,0.061341383180463636,-0.05053004875312228
2001-07-12,0.18922860234703126,0.2173819795278929,0.19860581379011444,21.988555908203125,0.047026781222183525,0.1440268810695271
2001-07-13,0.21314794215748029,0.2236782657118649,0.21556543256597455,21.67382049560547,0.03627107602203388,-0.014313600852716268
2001-07-16,0.20676945910050665,0.20820435120310204,0.2008373566692394,20.67238998413086,0.02736657765393398,-0.04620461407243159
2001-07-17,0.1865708916243597,0.2007341806720211,0.19537009744145067,21.1015739440918,0.038691512829443865,0.020761216303020857
2001-07-18,0.1849762708601162,0.19326401014094025,0.19637430066251438,20.379112243652344,0.014970909606924933,-0.03423733709881571
2001-07-19,0.19071689427267335,0.20671031140573926,0.20239940098279696,20.715307235717773,0.02176135557361611,0.016497038146013887
2001-07-20,0.19146105440889327,0.19475804993830298,0.1941427577833894,20.67238998413086,0.024557516415753967,-0.002071765149247451
2001-07-23,0.19443769495377322,0.1944378944880491,0.19023760237220816,19.8211727142334,0.024763922752428502,-0.04117652920397197
2001-07-24,0.17966084941477295,0.17949755342588747,0.18410090408190177,19.63519287109375,0.03138021337255054,-0.009382887976456478
2001-07-25,0.17753469784471432,0.1783236690787785,0.18320829883086176,19.91416358947754,0.028384096391759227,0.014207689235101961
2001-07-26,0.183913180901688,0.1965722167301867,0.1913533738117706,20.89413452148437,0.03245417134306024,0.04920974599830252
2001-07-27,0.19613861620982015,0.20340210481649268,0.20429620945490073,21.53075790405273,0.021227601687371804,0.03046899989629881
2001-07-30,0.1950755545981897,0.20084088967019476,0.20697405495954574,21.04434967041016,0.020580969335758606,-0.02259131962795491
2001-07-31,0.1950755545981897,0.20457598916360165,0.20005631963669818,20.46495056152344,0.02597010978237032,-0.02753228861718615
2001-08-01,0.19985941689092002,0.22154394346972728,0.2088708336801246,22.711015701293945,0.04808300114813525,0.10975179896077414
2001-08-02,0.22112104597869742,0.23018799834791703,0.23040507668120846,22.711015701293945,0.03296373698672549,0.0
2001-08-03,0.2179318044502106,0.2264528988545102,0.2300703422741872,22.38912773132324,0.014277513319658914,-0.014173208904627144
2001-08-06,0.21910119490044228,0.21716856153154557,0.22326417516983843,22.04578018188477,0.018947456686920286,-0.015335458958417258
2001-08-07,0.21389210229370037,0.2205834771189657,0.22315260695133965,22.195993423461918,0.015245043022820802,0.006813695879113402
2001-08-08,0.2019855684609786,0.20777748675467445,0.20552354911296206,20.708154678344727,0.04129739282995988,-0.06703186096390235
2001-08-09,0.19401246463976152,0.1901692215480411,0.19548169541147437,20.486408233642575,0.017473586439103683,-0.010708170194133282
2001-08-10,0.19082322311127464,0.1885684727525046,0.18979129974668807,20.45064353942871,0.03000632119406066,-0.0017457767025813586
2001-08-13,0.19454399544557677,0.1944378944880491,0.19749007210207686,20.686695098876957,0.010823432279370977,0.011542500312674342
2001-08-14,0.19454399544557677,0.19817296552572317,0.20641615436400207,21.130186080932617,0.02659255389140447,0.021438464671901025
2001-08-15,0.19348093383394632,0.19262369924043254,0.1892333991511444,19.921316146850582,0.01751712527574597,-0.057210567358556785
2001-08-16,0.17594007708047088,0.17736320272801698,0.17963784807517674,19.670957565307617,0.031933317852858085,-0.012567371537976713
2001-08-17,0.17647160788628613,0.17256095634140778,0.17495165563145415,18.919885635375977,0.026157165524981617,-0.0381817675849323
2001-08-20,0.16371461342554094,0.16252959911976173,0.16502134039694039,18.66237449645996,0.027498806713366103,-0.013610607583934176
2001-08-21,0.15414688884008043,0.16935945875033492,0.15397531322591396,18.919885635375977,0.11427170814143994,0.013798412359845358
2001-08-22,0.17168774559355582,0.1692527497521612,0.1729432789408517,18.869813919067383,0.03227517834797528,-0.002646512630867681
2001-08-23,0.16669125397042084,0.16711839905429077,0.1717159392827904,18.7195987701416,0.05006966213862766,-0.00796060573623325
2001-08-24,0.167966944912456,0.18056470031908978,0.17629056350801425,19.87839698791504,0.022991730846136982,0.06190294097658544
2001-08-27,0.18423211072389628,0.1804579913209161,0.1846587749259206,19.427753448486328,0.013563153888824389,-0.02267001407118885
2001-08-28,0.1754085179278579,0.177896804630351,0.1814230585772567,19.670957565307617,0.021732329682521256,0.012518386002074555
2001-08-29,0.17753469784471432,0.17576245393248052,0.18532824373996304,19.42060089111328,0.022606331514377492,-0.012727223540752952
2001-08-30,0.17221927639937107,0.17522888048587942,0.171939075719788,18.63376235961914,0.02352225963337075,-0.04051566354232594
2001-08-31,0.16158846185548226,0.16669153460586328,0.1712696366572704,18.955650329589844,0.014622598913786653,0.01727444859274696
2001-09-04,0.16637232414821257,0.1688258853037337,0.16848022293412668,18.476394653320312,0.021538823741888875,-0.02528299836389214
2001-09-05,0.15574150960432392,0.1563400219339634,0.153528980848869,17.596567153930664,0.057830862907491266,-0.047619003376913605
2001-09-06,0.14511069506043517,0.14321384766368545,0.14170191664530135,17.167381286621094,0.054846033773236845,-0.024390317927079352
2001-09-07,0.132885259752303,0.14001235007261265,0.14069771342423765,16.70243263244629,0.029354851193931657,-0.027083260190484015
2001-09-10,0.12544368673690112,0.12859366205177755,0.13232950200633126,16.48784065246582,0.035695395848652556,-0.012847947643482849
2001-09-17,0.11109207151191255,0.12112349152069668,0.1171551234840761,15.557939529418944,0.04866996916805346,-0.05639920609663385
2001-09-18,0.1148128580196135,0.12026976262384165,0.1171551234840761,15.543633460998535,0.0257895042377801,-0.0009195349032792288
2001-09-19,0.11513177366842281,0.1266727578059873,0.10722482312532482,16.27324676513672,0.05738902434304733,0.04693968794161929
2001-09-20,0.12012826529155787,0.11610781290987371,0.1120226135390711,14.892704010009766,0.03849316924029568,-0.08483511465484461
2001-09-21,0.07760499294260406,0.09945999982613546,0.08368223318516331,14.413447380065918,0.05717133015983591,-0.03218063218215628
2001-09-24,0.10418202930232587,0.11269286886672072,0.10822901147062607,15.021459579467772,0.036232374833907406,0.04218367635231712
2001-09-25,0.11162361649112665,0.10746375803168395,0.08926104575568837,14.148783683776855,0.04698162983603597,-0.058095279694640456
2001-09-26,0.0983350912245663,0.09679207568166384,0.08926104575568837,13.80543613433838,0.042576144587638844,-0.02426693043813799
2001-09-27,0.08887365295751037,0.08654727200793766,0.08836842562888587,13.762517929077148,0.03215907478359586,-0.0031087902507100917
2001-09-28,0.09248813897340782,0.09380401031480479,0.09483985832621343,13.98426342010498,0.040578195750609544,0.016112276268816617
2001-10-01,0.0898304282507362,0.08900174970032912,0.0917157250718109,13.490700721740724,0.023025594385747646,-0.03529415054172014
2001-10-02,0.08823580748649279,0.09572491456059504,0.09483985832621343,14.356223106384276,0.046076989563579605,0.06415696282171113
2001-10-03,0.09727200126613808,0.11045182339854301,0.10097655661651973,15.20028591156006,0.05748093966484772,0.058794210630540134
2001-10-04,0.11162361649112665,0.11866901382830525,0.11782457742235615,15.522174835205078,0.050355083401060416,0.021176504541945196
2001-10-05,0.1148128580196135,0.11119884329722438,0.11046053947398858,15.092989921569824,0.035293871021840374,-0.027649792518883443
2001-10-08,0.1084343607892409,0.11589436645779352,0.1126920674773511,15.321887969970703,0.024784885895997012,0.015165851802084296
2001-10-09,0.11396238321819113,0.11034510017250293,0.11101842519376982,14.864091873168944,0.020782538023917337,-0.02987856964487612
2001-10-10,0.10471357428153996,0.11578765745961986,0.11157629603778861,15.693848609924316,0.024347884980068887,0.05582290151564262
2001-10-11,0.12151027089879543,0.1411862344197215,0.12976323959594754,17.253219604492188,0.056310228724021825,0.09936192410966505
2001-10-12,0.13416095069433817,0.13467653023940218,0.1383546023266139,16.709585189819336,0.05097107731207348,-0.031509157544792776
2001-10-15,0.1352240406527664,0.13307575298813296,0.13255263844332882,16.616594314575195,0.032354193273733504,-0.005565121706360365
2001-10-16,0.13075907983544657,0.13713100793179367,0.13947037376617638,17.03147315979004,0.018207296464001446,0.02496774232797727
2001-10-17,0.14670531582467855,0.14577506280998342,0.14058614520573887,16.895565032958984,0.03642910587355032,-0.007979822153724392
2001-10-18,0.12916445907120316,0.12987425539706013,0.13422628072691006,16.23748207092285,0.013840512403730796,-0.038950041667880186
2001-10-19,0.12661307718713283,0.1320086060949306,0.13344527344589374,16.709585189819336,0.01698175883999639,0.029074897008933398
2001-10-22,0.12756983830695973,0.1345697927854957,0.13500731775945135,16.888412475585938,0.01465646245339732,0.010702078102786006
2001-10-23,0.13724389173102153,0.1442810230126207,0.14616494290050147,17.06008529663086,0.022083865474670075,0.010165124832964167
2001-10-24,0.1385195826730567,0.14001235007261265,0.1422597874893201,17.324748992919922,0.017817059483726153,0.01551362092787012
2001-10-25,0.13607450128078985,0.13873175672733007,0.1316600331922888,17.260372161865234,0.030280454609956528,-0.0037158882406317373
2001-10-26,0.1403268327677049,0.14353400311393927,0.1490659545936689,17.410587310791016,0.022446689113355782,0.008702891659408296
2001-10-29,0.13990160245369315,0.13595712358468476,0.13456101513393132,16.402002334594727,0.019258678741437364,-0.0579294057226416
2001-10-30,0.12863292826538794,0.1266727578059873,0.12887063434490748,15.879828453063965,0.022424113420282006,-0.03183598385603226
2001-10-31,0.12438059677847291,0.12880710850385774,0.1299863909087075,15.92990016937256,0.019213527355289806,0.003153164812617071
2001-11-01,0.12140397040699194,0.1266727578059873,0.12898220256340626,16.380542755126953,0.01629320020124618,0.028289102942453903
2001-11-02,0.13235370059968998,0.13147500419259656,0.1373504288570751,16.66666603088379,0.012721403047073547,0.017467264670902427
2001-11-05,0.13554294212817683,0.1458817718081571,0.14449130061692017,17.51072883605957,0.0355647793387257,0.05064377024245337
2001-11-06,0.14915039721694545,0.15324523334106427,0.15230164119080775,18.233190536499023,0.02856308938684418,0.04125823129370265
2001-11-07,0.1519144084314205,0.1508974646468465,0.156653128979034,17.6680965423584,0.01669311247855309,-0.030992600719518926
2001-11-08,0.1477684057831068,0.1559131574855359,0.15676469719753278,17.7038631439209,0.03478753047718565,0.0020243607723531287
2001-11-09,0.14564222586625036,0.14737581160551982,0.15397531322591396,17.739627838134766,0.012537572403472788,0.002020163278665388
2001-11-12,0.1452169955522386,0.1458817718081571,0.14627654087052516,17.625179290771484,0.025350890772346715,-0.006451575444962332
2001-11-13,0.14351607429619173,0.14801612250602753,0.152636375597829,17.846923828125,0.03935427067610976,0.012581122364503816
2001-11-14,0.15319012772025353,0.15548629303710837,0.1618972220183003,18.104434967041016,0.030885160674432706,0.014428880931861343
2001-11-15,0.15202073727002186,0.15217805799212902,0.15297111000485025,17.90414810180664,0.034500496665247626,-0.011062861978238803
2001-11-16,0.1403268327677049,0.14001235007261265,0.13500731775945135,17.260372161865234,0.1776674793916173,-0.035956803768644297
2001-11-19,0.1413898943793353,0.14534819836155588,0.14560707205648266,17.46065902709961,0.20099139543583988,0.011603855545877728
2001-11-20,0.14404760510200693,0.1401190590707863,0.14616494290050147,17.010013580322266,0.21039578415057342,-0.02580918887872019
2001-11-21,0.14000790294549664,0.14161309886814905,0.1470575779030664,17.403432846069336,0.12910071339190113,0.02312868616414221
2001-11-23,0.14542962488264338,0.1490832693992299,0.1536405788188927,17.954219818115234,0.03197363159048983,0.031648179811277766
2001-11-26,0.15350902919566395,0.16188928821925408,0.16223195642532157,18.776824951171875,0.10233561670343279,0.04581681306066332
2001-11-27,0.16477770338396913,0.17565574493430686,0.17405902062888923,19.313304901123047,0.12551117819317054,0.02857138793945513
2001-11-28,0.167966944912456,0.1720273828948065,0.17573269266399544,19.27754020690918,0.08800488925009997,-0.0018518163720279146
2001-11-29,0.17062465563512763,0.17309452978800893,0.1736127180033692,19.434907913208008,0.06516473805745836,0.008163266921493717
2001-11-30,0.1785977594563447,0.17469527858354533,0.1838777378933793,19.506437301635746,0.06724492691925642,0.003680459343937903
2001-12-03,0.1754085179278579,0.17682962928141577,0.1829851326423393,19.678112030029297,0.0454255195634506,0.00880092688064349
2001-12-04,0.18072393937320114,0.18163187566802497,0.18666715161652303,20.13590812683105,0.0464672265438549,0.023264228606034276
2001-12-05,0.1865708916243597,0.20062747167384742,0.1961511344739919,21.409156799316406,0.10093592373285859,0.06323274145201108
2001-12-06,0.20464327918365022,0.2012677541186223,0.20976343893116456,21.287553787231445,0.041626352929034924,-0.005679953359435608
2001-12-07,0.2019855684609786,0.21065882889549348,0.21099077858922588,21.566524505615234,0.08510230014061432,0.013104874386794085
2001-12-10,0.20464327918365022,0.2093782355502108,0.20864769724312698,21.4234619140625,0.05038249674265,-0.006633548744281237
2001-12-11,0.20464327918365022,0.20361552281284007,0.20931713630564447,20.951358795166016,0.04198917656772063,-0.022036733408926423
2001-12-12,0.19932788608510477,0.2104454108991461,0.21110237655924957,21.96709632873535,0.07258569088071003,0.048480747406401736
2001-12-13,0.2019855684609786,0.19891998542440448,0.2009489248877382,20.40057182312012,0.04672200936568753,-0.0713123155729074
2001-12-14,0.1844447117075032,0.1905960859964686,0.19537009744145067,20.622318267822266,0.04051530631990402,0.010869619078561321
2001-12-17,0.18901597301662648,0.19571848783333168,0.19860581379011444,20.679542541503903,0.06977017944450895,0.0027748710372164087
2001-12-18,0.19422506562336844,0.19518491438673058,0.19972158522967692,20.615163803100582,0.039989615181186065,-0.0031131606646574994
2001-12-19,0.1844447117075032,0.1916632613454039,0.1952585292229519,20.42203140258789,0.03201233277861631,-0.009368463057453091
2001-12-20,0.18550780166593134,0.18280576001513388,0.18878709652562436,19.81402015686035,0.05562489518428216,-0.029772319596496732
2001-12-21,0.17944824843116597,0.18323262446356142,0.1905723367792293,19.992847442626957,0.05159835906962344,0.009025290392908447
2001-12-24,0.18901597301662648,0.18643412205463428,0.19637430066251438,20.39341926574707,0.011503928170594839,0.02003575650089995
2001-12-26,0.1913547539170899,0.1894222016493597,0.19637430066251438,20.100143432617188,0.031191545080433973,-0.014380905394441146
2001-12-27,0.18401948139349145,0.19038263954438844,0.19537009744145067,20.629470825195312,0.02220803178657585,0.026334508226402376
2001-12-28,0.19454399544557677,0.1927304082386062,0.20139522751325822,20.708154678344727,0.01721719106776578,0.003814147915675914
2001-12-31,0.1913547539170899,0.1917699703435775,0.20027945607369574,20.39341926574707,0.025950759188307082,-0.01519862187077381
2002-01-02,0.18933490283883475,0.1943311854898755,0.20039105404371943,20.922746658325195,0.040087980701007525,0.025955794154989276
2002-01-03,0.19975311639911653,0.2141804819368201,0.21110237655924957,22.246065139770508,0.06491479288414154,0.06324783753564978
2002-01-04,0.22537337746561248,0.2327491850384822,0.23598387437597101,23.44778251647949,0.10679109098649328,0.0540193229300856
2002-01-07,0.23366541110903782,0.23221561159188092,0.24212057266627734,23.35479164123535,0.07728143504005573,-0.003965870767471569
2002-01-08,0.23334648128682955,0.23221561159188092,0.24267847326182107,23.42632293701172,0.0476637382767651,0.0030628102735916762
2002-01-09,0.23409064142304953,0.2365909935300627,0.23643017700149105,22.868383407592773,0.03912851374537198,-0.02381677785793035
2002-01-10,0.22611753760183245,0.2223976723665823,0.23207871896478965,22.68955612182617,0.019319955622637615,-0.007819848153640452
2002-01-11,0.22345982687916077,0.22165065246790094,0.2254957180489634,22.203147888183597,0.02333520389075945,-0.021437538532306122
2002-01-14,0.21049023143480872,0.20799090475102178,0.21835481653759337,21.75965690612793,0.041676341963698287,-0.019974238981297354
2002-01-15,0.20963977080678525,0.2136469084902189,0.21958215619565458,21.781116485595703,0.03333946102145336,0.0009862094591082116
2002-01-16,0.20304865841940684,0.19924014087465836,0.20251099895282065,20.643775939941406,0.04909568223744469,-0.05221681571770864
2002-01-17,0.19348093383394632,0.1959319342854119,0.20217626454579946,21.008583068847656,0.023556123172981412,0.017671531117542605
2002-01-18,0.192630444859125,0.19038263954438844,0.19793637472759684,20.371959686279297,0.035355147903040625,-0.03030301379593603
2002-01-22,0.18816551238860302,0.18536697516143186,0.1846587749259206,19.427753448486328,0.026439361688403835,-0.04634832644151066
2002-01-23,0.17243190572977585,0.18792816185199696,0.18320829883086176,20.02861213684082,0.04105712295367468,0.0309278522577352
2002-01-24,0.18912227350842997,0.1933707191391139,0.19860581379011444,20.593706130981445,0.014851580943534967,0.02821433608478463
2002-01-25,0.19241784387551802,0.19390429258571512,0.19916371438565816,20.78683853149414,0.029627372060322253,0.009378224554838388
2002-01-28,0.1947566247759815,0.19924014087465836,0.2048540802989195,21.194562911987305,0.037943289858998676,0.019614545034129183
2002-01-29,0.19879632693249177,0.20244163846573116,0.20641615436400207,20.922746658325195,0.026853786911258178,-0.012824810532345299
2002-01-30,0.19209891405330987,0.1960386432835856,0.19693217150653314,21.05865478515625,0.033955454932466426,0.006495711535893234
2002-01-31,0.19773323697406353,0.20542971806045668,0.208201394617607,21.709585189819336,0.035863100997200616,0.030910350699224765
2002-02-01,0.2062378999478936,0.20372223181101373,0.2083129628361058,21.18025779724121,0.016177096636866756,-0.024382197446423448
2002-02-04,0.1956070854040049,0.19817296552572317,0.1988289799786369,20.443490982055664,0.01643671710721519,-0.034785545210951674
2002-02-05,0.18742135225238304,0.1896356481014399,0.183989335863403,19.427753448486328,0.05488312241185805,-0.04968513129489005
2002-02-06,0.17753469784471432,0.17522888048587942,0.17774103960307303,19.29899787902832,0.051227472683411386,-0.006627403924978292
2002-02-07,0.17562114725826267,0.17192064544090002,0.17595582910099294,18.87696647644043,0.03353619206109628,-0.021868047513829758
2002-02-08,0.16690388330082562,0.16573109671083458,0.15988884532769781,18.583690643310547,0.06121721686855786,-0.015536173860133062
2002-02-11,0.1573361303685673,0.16829228340139968,0.16736445149456414,19.1273250579834,0.037659481146071185,0.02925330738157439
2002-02-12,0.16786064442065257,0.1686124388516535,0.17238537834530793,18.712446212768555,0.044464440058309795,-0.021690374579673932
2002-02-13,0.1670101837926291,0.16989303219693613,0.17751790316607552,19.21316146850586,0.0388769560225499,0.026758407214319213
2002-02-14,0.17221927639937107,0.17256095634140778,0.17807577401009422,19.52789688110352,0.04145703523098159,0.016381240178175327
2002-02-15,0.17944824843116597,0.17650947383116183,0.18633241720950183,19.670957565307617,0.03677257891817279,0.007325964750588776
2002-02-19,0.17115618644094283,0.1680788654050523,0.1729432789408517,18.63376235961914,0.02926616097114182,-0.05272723517627376
2002-02-20,0.183913180901688,0.19924014087465836,0.1952585292229519,20.643775939941406,0.10468993898112672,0.1078694437296317
2002-02-21,0.1950755545981897,0.19710581863252075,0.19637430066251438,20.1430606842041,0.045872195776410336,-0.024255022782364355
2002-02-22,0.18603936081854444,0.1869677239569682,0.19313858431385067,20.21459197998047,0.024539778371195996,0.0035511631969842306
2002-02-25,0.18922860234703126,0.19710581863252075,0.20027945607369574,20.743919372558597,0.021624288865668174,0.026185410672763032
2002-02-26,0.19454399544557677,0.2002005787696871,0.20518881470594075,21.251789093017575,0.035853425700169,0.024482823681373445
2002-02-27,0.20496220900585854,0.2220775169163285,0.2159001372214709,21.91702461242676,0.09467600655340118,0.03130256546860588
2002-02-28,0.22643646742404067,0.2236782657118649,0.22928930524164598,22.281831741333008,0.05343505295612576,0.016644920346505554
2002-03-01,0.22058951517288228,0.2365909935300627,0.23319449040435225,23.597997665405277,0.09246520118167627,0.05906901817370658
2002-03-04,0.23759881277374462,0.25633358097883363,0.2488151715521274,25.007152557373047,0.08524420449707805,0.0597150195515781
2002-03-05,0.25567122867983305,0.2642306444140749,0.26555159438794,24.964235305786133,0.06899938078098997,-0.001716199054988432
2002-03-06,0.2562027594856483,0.2574007563277689,0.26443585269990255,24.620887756347656,0.057443851026226504,-0.013753577677538376
2002-03-07,0.2583289110557068,0.25686718288116767,0.2678947054855638,24.89270401000977,0.032449333694544426,0.01104006713129313
2002-03-08,0.25886047020831987,0.2692463087970315,0.2735851011503502,25.81545066833496,0.07359837197001948,0.0370689603650185
2002-03-11,0.26991651506622033,0.27596945942943096,0.2854121951054428,25.901287078857425,0.06350381206703046,0.0033250014351966506
2002-03-12,0.26045509097256325,0.2671119865548939,0.27503557724540895,25.75822639465332,0.05832430305610383,-0.0055233040647189036
2002-03-13,0.26683357402953695,0.26380375150991453,0.2773786883430327,25.529327392578125,0.10405459447605041,-0.008886442667601857
2002-03-14,0.2657704840711087,0.2648709268588497,0.27782499096855273,25.50786781311035,0.048716733103706285,-0.0008405853839302813
2002-03-15,0.2680029644797687,0.28141201671654786,0.28173017613125895,26.68812561035156,0.0650502470425842,0.04627034316974887
2002-03-18,0.2828861105105724,0.28674786500549115,0.29288780127230907,26.50929832458496,0.07901492575822078,-0.006700631148754632
2002-03-19,0.28022839978790076,0.280238132369439,0.28697426917052526,26.18025779724121,0.0409119934982004,-0.012412268454446207
2002-03-20,0.26895975394639343,0.26860602635225667,0.26555159438794,24.57796859741211,0.07959866867912845,-0.061202193356474366
2002-03-21,0.2519504279987332,0.2592149515753855,0.26577476057646254,25.264663696289062,0.028732407084897507,0.02793945708553225
2002-03-22,0.25939200101413507,0.25878808712695794,0.26332008126034007,24.58512115478516,0.02880013416411884,-0.026896955751036455
2002-03-25,0.2523756583127449,0.2530253743895871,0.25439396924688995,23.88412094116211,0.031196382728949784,-0.02851318930704594
2002-03-26,0.243445765024903,0.24832983700115158,0.25405923483986875,23.977109909057617,0.05162415986170776,0.003893338512419353
2002-03-27,0.24663500655338993,0.24491489295799856,0.25149298730524744,23.78397750854492,0.07813124862933292,-0.008054865713391979
2002-03-28,0.24716656570600293,0.2585746406748778,0.25885702525361504,25.007152557373047,0.05185959208947715,0.051428532018611195
2002-04-01,0.2575847509194869,0.273941846185467,0.27001465039466516,26.130186080932617,0.04961169807913103,0.04490849251961149
2002-04-02,0.2732120570865107,0.27042019314414034,0.2773786883430327,25.53647994995117,0.10193570442612587,-0.022721083161925115
2002-04-03,0.2742751470449388,0.2755425949810034,0.26901047692512636,25.071531295776367,0.059319246100855295,-0.018207233537513856
2002-04-04,0.2606676919561702,0.2593216605735592,0.2620927416022788,24.42060089111328,0.0396300166415109,-0.025962929706361604
2002-04-05,0.2503558072344897,0.2519581990406519,0.25885702525361504,24.24177360534668,0.015041861785156806,-0.007322804486423529
2002-04-08,0.239724992690601,0.25078431469354306,0.24993091324016498,24.463520050048828,0.03669678909142511,0.009147286345964512
2002-04-09,0.24854855713984153,0.24864999245140545,0.24624889426598118,23.46208953857422,0.03873988931460196,-0.04093566704324758
2002-04-10,0.23706728196792942,0.2377648778771716,0.24892673977062613,23.733905792236328,0.07526252305945792,0.011585338689259261
2002-04-11,0.23387804043944255,0.2323223205900547,0.23988905953867729,22.99713897705078,0.06796412399860675,-0.031042796817140506
2002-04-12,0.22877524832450402,0.229654396445583,0.23866171988061607,23.140199661254883,0.04277448817678703,0.006220803568081301
2002-04-15,0.23015723975834274,0.23125517369685228,0.23933115894313362,23.204578399658203,0.030238528322819515,0.0027821168073633995
2002-04-16,0.23653575116211423,0.24406116406114353,0.24892673977062613,24.248926162719727,0.1422849181469871,0.04500610806516114
2002-04-17,0.2503558072344897,0.2549462786353775,0.26164643897675877,25.014307022094727,0.06099791013584117,0.03156349498691191
2002-04-18,0.2546081387214048,0.25206493649455847,0.2568486485630125,24.74964141845703,0.05314479404517719,-0.01058056908807914
2002-04-19,0.2583289110557068,0.2576142027798491,0.27135355827122515,25.035764694213867,0.05132583820323284,0.011560703887348422
2002-04-22,0.25365134925478006,0.2509977611456232,0.2531666295888287,24.14163017272949,0.03824322406697886,-0.0357142884351771
2002-04-23,0.24504038578914644,0.24726266165221633,0.2431247758873411,23.111587524414062,0.12328908497490873,-0.04266665676450332
2002-04-24,0.23228341967519917,0.23114843624294573,0.22995877405568843,22.26752471923828,0.05657952449140189,-0.03652119545159549
2002-04-25,0.21474256292172372,0.21439392838890026,0.21701590866103337,22.138769149780277,0.04686391372215127,-0.0057822129348200635
2002-04-26,0.21580565288015197,0.2141804819368201,0.21534226637745207,21.430614471435547,0.030994814040791054,-0.031987084446912784
2002-04-29,0.20251712761359159,0.20649686495365904,0.21076764215222826,21.20886993408203,0.05625540204084265,-0.010347091897391691
2002-04-30,0.20358018922522203,0.20724388485234047,0.21188341359179075,21.494993209838867,0.035203568249545264,0.01349073650063004
2002-05-01,0.2051748099894654,0.2104454108991461,0.20641615436400207,21.773962020874023,0.047005818078615015,0.012978315848337418
2002-05-02,0.20730098990632184,0.20361552281284007,0.20641615436400207,20.81545066833496,0.055276584491143886,-0.044020989456129644
2002-05-03,0.19454399544557677,0.1915565238914973,0.19916371438565816,20.39341926574707,0.0478878826579976,-0.02027491065710607
2002-05-06,0.18688982144656785,0.19262369924043254,0.19347331872087187,19.921316146850582,0.03151405498148793,-0.023149777521096482
2002-05-07,0.18816551238860302,0.18536697516143186,0.19258071346983185,19.89270401000977,0.048673194267064,-0.0014362573551816027
2002-05-08,0.19241784387551802,0.20777748675467445,0.20362674064085823,21.48784065246582,0.04512397280596515,0.08018701940437034
2002-05-09,0.20251712761359159,0.20222822046938382,0.2026225671713195,20.557939529418945,0.07201323580633925,-0.04327568963706763
2002-05-10,0.1918862847229051,0.1900625125498674,0.18878709652562436,19.992847442626957,0.051999883896435624,-0.027487778431458443
2002-05-13,0.18338165009587282,0.19027593054621478,0.19191124465578935,20.357654571533203,0.028088999832294854,0.018246882038845502
2002-05-14,0.20836407986475008,0.2147140553834213,0.21534226637745207,22.21030044555664,0.060814079492240415,0.09100487816578129
2002-05-15,0.2051748099894654,0.20831106020127566,0.21444966112641206,21.2804012298584,0.04632532218739115,-0.04186792600927092
2002-05-16,0.20251712761359159,0.19924014087465836,0.2092055680871458,21.173105239868164,0.04572706632093605,-0.005042009726756835
2002-05-17,0.2019855684609786,0.20180135602095634,0.2008373566692394,21.466381072998047,0.07451591263851799,0.013851337808384212
2002-05-20,0.2009225068493482,0.19859982997415065,0.2087592654616257,21.03004264831543,0.033157242927357874,-0.02032659455726682
2002-05-21,0.19996571738272345,0.2012677541186223,0.19827107938309324,20.414878845214844,0.03172207386766774,-0.029251666931348952
2002-05-22,0.18965383266104296,0.1901692215480411,0.19202281287428813,20.107295989990234,0.05165802340131842,-0.01506660203847865
2002-05-23,0.1850825713519197,0.18323262446356142,0.18822922568160555,19.90700912475586,0.03934620792858341,-0.009960905003541076
2002-05-24,0.1821059308070398,0.17949755342588747,0.18577454636548307,19.52789688110352,0.03398286827405601,-0.019044158832523195
2002-05-28,0.17700313869210133,0.1788572425253797,0.18309670086083807,19.413448333740234,0.02135660564779339,-0.005860771800471398
2002-05-29,0.17253820622157928,0.17042663409927006,0.18075361951473917,19.098712921142575,0.01905227240476283,-0.01621223634188962
2002-05-30,0.1690300348708842,0.166157961159262,0.16680658065054538,18.69098663330078,0.058140472412503065,-0.0213483646529099
2002-05-31,0.16403354324774921,0.16743855450454465,0.1729432789408517,18.862661361694336,0.0396138911464582,0.009184893861498455
2002-06-03,0.16786064442065257,0.16455721236372567,0.16468663574144404,18.261802673339844,0.021464646464646464,-0.031854396197489754
2002-06-04,0.15765506019077552,0.1559131574855359,0.1613393214227566,18.233190536499023,0.03669840164093038,-0.0015667750524207547
2002-06-05,0.15574150960432392,0.15377880678766548,0.15620682635351402,17.954219818115234,0.03823354876994724,-0.015300159224758136
2002-06-06,0.14723684663049375,0.15740716882716582,0.15341741263037023,17.618024826049805,0.027073093643974873,-0.01872512398039261
2002-06-07,0.13883851249526497,0.13883846572550373,0.1452723376494614,16.952789306640625,0.04546422075157708,-0.037758802475154285
2002-06-10,0.13820065285084848,0.1504706001984189,0.1430408245218614,17.689556121826172,0.050366371247597304,0.04345991694103968
2002-06-11,0.14946932703915367,0.15868779062818128,0.15910780829515653,18.06867027282715,0.1039481662087026,0.021431524250244305
2002-06-12,0.15478474848449691,0.15548629303710837,0.15285954178635147,17.646638870239258,0.0462640453061909,-0.023357081413045044
2002-06-13,0.14989455735316537,0.14673550070501212,0.1496238254376877,17.167381286621094,0.055336248822838864,-0.02715857604058658
2002-06-14,0.1334167905581182,0.13649069703128597,0.13947037376617638,16.809728622436523,0.04010249364655495,-0.020833268523213655
2002-06-17,0.1408583635735201,0.1540989622379193,0.1489543566236452,18.03290367126465,0.06168324367558085,0.07276590100303659
2002-06-18,0.15520997879850867,0.15836763517792735,0.159330974483679,18.075822830200195,0.045707715726872815,0.002380047036126376
2002-06-19,0.14904409672514196,0.1478026760539473,0.1489543566236452,17.381975173950195,0.055270134293122795,-0.03838539815132247
2002-06-20,0.14351607429619173,0.14534819836155588,0.14828491756112766,17.167381286621094,0.05341408981255725,-0.012345771132541206
2002-06-21,0.1413898943793353,0.13937206762783777,0.14538393561948515,17.138769149780273,0.05901931189287512,-0.001666657037734609
2002-06-24,0.1413898943793353,0.1452414609076494,0.14538393561948515,17.281831741333008,0.0616429299379491,0.00834730839201292
2002-06-25,0.14883146739473718,0.14684223815891861,0.1452723376494614,16.84549331665039,0.035634118967452305,-0.025248389824269912
2002-06-26,0.13086538032725006,0.13094143074599535,0.1327758046318513,16.595136642456055,0.04439671297908846,-0.014861937818519078
2002-06-27,0.13331049006631474,0.14268027421708424,0.14170191664530135,17.3319034576416,0.023328753692738367,0.044396550089298215
2002-06-28,0.14117729339572832,0.14214670077048308,0.14560707205648266,16.917024612426758,0.04291800508275604,-0.023937292648138153
2002-07-01,0.13554294212817683,0.1363839880331123,0.13746199707557383,16.54506492614746,0.03367809641756002,-0.021987299469084287
2002-07-02,0.12916445907120316,0.12816679760335004,0.1228455042731,15.701001167297363,0.05686333320432938,-0.05101604391507453
2002-07-03,0.11747055456888619,0.12763322415674885,0.1229570873673612,16.45207405090332,0.06758194976585781,0.04783598673760503
2002-07-05,0.13075907983544657,0.14001235007261265,0.13891250292215757,17.131616592407227,0.03088677322393798,0.041304369248605255
2002-07-08,0.1413898943793353,0.1379847368286487,0.13456101513393132,16.45207405090332,0.05272714372331231,-0.03966599052917641
2002-07-09,0.12969598987701836,0.13467653023940218,0.13389157607141378,16.201717376708984,0.03459079943754274,-0.015217332077385737
2002-07-10,0.1312906389880596,0.12987425539706013,0.1290937856576675,15.80114459991455,0.03054007508030497,-0.024724093593329943
2002-07-11,0.12012826529155787,0.13723771692996733,0.12384969261840124,16.84549331665039,0.052422371866816315,0.06609323205241013
2002-07-12,0.13873221200346147,0.14054595197494668,0.14080928164273637,17.074392318725586,0.0626572235767638,0.013588144779882905
2002-07-15,0.13628710226439678,0.1357436771326046,0.13210633581780878,16.859800338745117,0.03766109369557646,-0.012568059581548052
2002-07-16,0.12927075956300663,0.1423601187668304,0.13612308919901384,16.659513473510742,0.05296902614910278,-0.011879551430635904
2002-07-17,0.13649973159480155,0.1384116012770762,0.1286474830321475,16.251789093017578,0.04936981565334056,-0.024473966850320217
2002-07-18,0.12756983830695973,0.1282735066015237,0.12429599524392122,15.543633460998535,0.04112646258240128,-0.043574010711429634
2002-07-19,0.11460024286260764,0.11290630109093444,0.11023738816122856,14.842632293701172,0.06622257053291536,-0.045098925489737485
2002-07-22,0.10365049849651067,0.10426224621274469,0.10265019890010103,14.298998832702637,0.06453100610188732,-0.03662648580395267
2002-07-23,0.09939816700959561,0.09913984437588161,0.09963763386419723,14.120171546936035,0.05785182605105977,-0.01250628018498845
2002-07-24,0.09355121475843714,0.09028235727347811,0.08446325534194209,13.54792594909668,0.09339564224621695,-0.04052681625978749
2002-07-25,0.08451502097879185,0.08174501139346199,0.06136696802730056,12.010014533996582,0.0931311841273527,-0.11351637297682748
2002-07-26,0.06750570920453056,0.0689390068013043,0.07152040482304949,12.38197422027588,0.04753634686584878,0.03097079401747571
2002-07-29,0.07282111647647488,0.07672933278263902,0.07866129145865701,13.104434967041016,0.039813847285111656,0.05834778314932065
2002-07-30,0.08100684962809676,0.08270546351635713,0.07921917717843828,13.25464916229248,0.06800121263722796,0.011462851746700142
2002-07-31,0.08451502097879185,0.08291889574057093,0.08200857602581958,13.505006790161133,0.028321206961053703,0.018888287785155722
2002-08-01,0.08313301537155429,0.08270546351635713,0.07921917717843828,12.703862190246582,0.05404620921862301,-0.05932204347340364
2002-08-02,0.07016340575380328,0.0673382580057679,0.06415636687468192,12.04577922821045,0.03379742508094999,-0.051801802647180595
2002-08-05,0.06697416422531646,0.06317630829179993,0.055007118424234266,11.216022491455078,0.022224157281628548,-0.06888360819465578
2002-08-06,0.05559918954520773,0.059974810700727105,0.060585930994759354,11.638053894042969,0.023433569410580904,0.03762754603152896
2002-08-07,0.06676154906831058,0.06349646374205378,0.060809082307519344,12.067238807678224,0.0276165228272508,0.03687772178602278
2002-08-08,0.06697416422531646,0.06584421820840514,0.06092066540178055,12.303290367126465,0.03908174980971916,0.019561356430440657
2002-08-09,0.06304076256060964,0.06306958506575985,0.0656068578455032,11.959942817687988,0.027755202084704,-0.02790696953360361
2002-08-12,0.059532591209914554,0.05922779080204574,0.06136696802730056,11.77396297454834,0.016843079582543184,-0.015550228456326365
2002-08-13,0.06123352663936035,0.059654655250473254,0.059804893962218095,11.36623764038086,0.043419507978894954,-0.034629405158556725
2002-08-14,0.053898254115761934,0.052397916943606154,0.05087879682453049,11.473533630371094,0.0477008269153863,0.009439886212570858
2002-08-15,0.06006413618912865,0.05645315765940043,0.0602511965877381,11.46638011932373,0.04515461124656527,-0.0006234793288466545
2002-08-16,0.056237035016225345,0.059974810700727105,0.05589972367527431,11.416309356689451,0.06856237986506185,-0.004366745399439265
2002-08-19,0.05485502940898779,0.069579317701812,0.05913544002393807,12.474964141845703,0.059061238180012125,0.0927317885386425
2002-08-20,0.05900104623070046,0.06691139355734038,0.05857755430415683,11.587983131408691,0.16450423778009984,-0.07110088657182956
2002-08-21,0.06006413618912865,0.06531064476180395,0.06203642196558061,12.19599437713623,0.05057277758427184,0.05246911725989256
2002-08-22,0.06654893391130473,0.06477705708733633,0.06705736369208688,12.174534797668455,0.04687036392017235,-0.0017595596393521484
2002-08-23,0.06548585812627541,0.06125540404600971,0.0615901193400606,11.459227561950684,0.032439658397512804,-0.05875437933404737
2002-08-26,0.05655596483843359,0.056133002209146576,0.0615901193400606,11.587983131408691,0.027390765896513028,0.011235972822943863
2002-08-27,0.05857581591668873,0.055172550086251465,0.05020932801048801,10.951358795166016,0.06627739721609453,-0.05493832093327222
2002-08-28,0.04762607155059176,0.04407401751567025,0.048089383101386704,10.62231731414795,0.06577266922094507,-0.030045721921128865
2002-08-29,0.03880249292795232,0.036390400532509165,0.041283230872800405,10.157367706298828,0.1256192190100236,-0.04377101475116463
2002-08-30,0.034018630635222064,0.029667249900109716,0.031576096702571596,9.60658073425293,0.07878110607995666,-0.05422536507212805
2002-09-03,0.027959063227057768,0.0235843959403515,0.02521624709950525,9.191702842712402,0.10443676870879935,-0.04318684275053786
2002-09-04,0.024876122190374356,0.026892616757464405,0.02789407772838777,9.656652450561523,0.06621450778538901,0.050583620446102096
2002-09-05,0.027640133404849443,0.027746345654319438,0.0290098342921878,9.814020156860352,0.10539139801591908,0.016296300100318684
2002-09-06,0.03561325139946547,0.03436278728854528,0.037824363211376624,10.121602058410645,0.07717339422320264,0.03134107090001059
2002-09-09,0.03625109687048306,0.039165047903020916,0.030683476575769073,10.536480903625488,0.07660093914883187,0.040989444439785805
2002-09-10,0.043905285042890846,0.04770237955517059,0.04596943819228545,10.922746658325195,0.06934124127610718,0.03665984480328688
2002-09-11,0.05719381030945117,0.05282478139203367,0.05355662745341301,11.037196159362791,0.03892855760671853,0.010478088032039423
2002-09-12,0.050283782273263355,0.05122403259649727,0.05277559042087181,10.922746658325195,0.0628071906807539,-0.01036943616703856
2002-09-13,0.04826391702160934,0.04631506298384791,0.045746286879525436,10.715307235717772,0.045249751667376194,-0.018991507273430686
2002-09-16,0.04464944517911079,0.04332699761698891,0.042622138749360425,10.4363374710083,0.03490202149205981,-0.02603469583957141
2002-09-17,0.04464944517911079,0.04183295781962615,0.045746286879525436,10.557939529418944,0.041966600874646855,0.011651794391322357
2002-09-18,0.04252327943565329,0.039165047903020916,0.04195268481108046,10.550786972045898,0.08262381155101461,-0.0006774576945733912
2002-09-19,0.041460203650623945,0.037030711433016894,0.03905170286943789,10.064377784729004,0.047109021246952286,-0.04610169730519875
2002-09-20,0.03635741153568545,0.03393592284011776,0.03626228914629413,9.992846488952637,0.05762123147180619,-0.007107373879079115
2002-09-23,0.034018630635222064,0.03009411434853726,0.03057190835727032,9.549356460571287,0.05469767921875202,-0.04438075065714653
2002-09-24,0.027108588425635377,0.027426204431932,0.02889826607368902,9.442060470581056,0.06227021169549906,-0.011235939346619817
2002-09-25,0.028703209189878787,0.03393592284011776,0.03146451360831033,10.064377784729004,0.03877214030470736,0.06590905831274041
2002-09-26,0.03635741153568545,0.03382919961407768,0.03324973898615281,9.856938362121582,0.058543609788820526,-0.020611251588963264
2002-09-27,0.03167984973475868,0.030734425249044905,0.02889826607368902,9.36337661743164,0.0463656359250229,-0.050072520143436106
2002-09-30,0.022856271112119242,0.024758280287460382,0.020641607998518982,9.341917037963867,0.05141291587651741,-0.002291863325012744
2002-10-01,0.027108588425635377,0.02262394381745636,0.022873136001881497,9.334763526916504,0.06075764025955597,-0.0007657433713329498
2002-10-02,0.024876122190374356,0.02486500351350046,0.02231526515786271,8.94134521484375,0.03681450520530981,-0.042145503840385956
2002-10-03,0.0191354846044183,0.016541089857698116,0.019302700121958935,8.798283576965332,0.04430318510778281,-0.016000012799071595
2002-10-04,0.017221934017966622,0.013553024490839088,0.013947038864193892,8.440629005432129,0.04263903401834437,-0.04065049374739116
2002-10-07,0.011800212080819883,0.014620199839774306,0.011380776453810124,8.24034309387207,0.048966678277023105,-0.0237287898130768
2002-10-08,0.009780361002564741,0.013553024490839088,0.012161813486351383,8.748211860656738,0.0703974612020589,0.06163199286718357
2002-10-09,0.013820063159075024,0.010564959123980006,0.004463048568843803,7.7968525886535645,0.065461447166428,-0.10874899775595448
2002-10-10,0.0026577107226716523,0.0,0.003347284567162545,7.761087417602539,0.10082143271798444,-0.0045871293120345324
2002-10-11,0.0026577107226716523,0.0013873165713226554,0.0022315205654812736,7.7968525886535645,0.07651708657455783,0.004608268033408303
2002-10-14,0.0,0.0005335876744676088,0.0,7.875536441802978,0.043685578647264474,0.010091745644122962
2002-10-15,0.007016349788089626,0.009284351550831044,0.005801963883285063,8.490700721740723,0.047362191519279645,0.07811077816521572
2002-10-16,0.009567745845558875,0.007150015080827021,0.0064714252594463145,8.047210693359375,0.05600545686752583,-0.05223244145748496
2002-10-17,0.01328853235325983,0.010351526899766261,0.01450490970821268,8.655221939086914,0.05090980043087323,0.07555552711317404
2002-10-18,0.014457922803491507,0.011205255796621294,0.00892609713768762,8.655221939086914,0.06610001677051484,0.0
2002-10-21,0.012756987374045708,0.01568736096084311,0.012161813486351383,8.962803840637207,0.0463978869151283,0.03553714782994244
2002-10-22,0.014032678316080877,0.013553024490839088,0.016178566867556407,8.798283576965332,0.047271888746984535,-0.018355892486003444
2002-10-23,0.015946228902532555,0.014086612165306683,0.01338915314441265,8.583690643310547,0.07886657120373596,-0.024390317927079352
2002-10-24,0.01658407437355014,0.025825455636395628,0.01896796571493771,9.334763526916504,0.06100919798237806,0.0874999944448469
2002-10-25,0.02413196205415441,0.02102319502191996,0.022984719096142733,9.25607967376709,0.03911561334932983,-0.008429121200824397
2002-10-28,0.02604551264060609,0.029987405350363566,0.02956772001196907,9.670958518981934,0.034868157952449144,0.04482230704978307
2002-10-29,0.02657705761982021,0.025291867961928005,0.020641607998518982,9.098712921142578,0.04478533740985848,-0.05917154920230139
2002-10-30,0.021474265504881684,0.03009411434853726,0.02443521006696399,9.921316146850586,0.04989066914354271,0.09040874603225846
2002-10-31,0.0348690912632455,0.03297547071722262,0.034142344237192854,9.835478782653809,0.06080440419520879,-0.008651812211832977
2002-11-01,0.03146723457775277,0.03745757588144441,0.030125605731750313,10.429184913635254,0.039625178992995086,0.06036372444100291
2002-11-04,0.043054824414867354,0.04823596722963819,0.04686204344332549,10.751072883605955,0.05803404414515526,0.030864154067290706
2002-11-05,0.04571252096414008,0.04460759096227143,0.04675047522482671,10.779685020446776,0.027377865500470867,0.0026613285158219036
2002-11-06,0.04592515029454486,0.044500881964097766,0.04541155247250421,10.701001167297363,0.026931189287511127,-0.007299272010282798
2002-11-07,0.042948509749664965,0.03863146022855332,0.0391632859636991,10.164521217346191,0.02964672265438549,-0.05013362222505624
2002-11-08,0.03508170642025138,0.035429962637480494,0.03659702355331536,10.050071716308594,0.031609195402298854,-0.011259704081514887
2002-11-11,0.03274292551978797,0.03052099302483116,0.03347289029891283,9.685264587402344,0.017925100300579228,-0.03629895777900416
2002-11-12,0.030191529462318734,0.032228450818541254,0.03391919292443284,9.871244430541992,0.02606041255466543,0.019202350277714997
2002-11-13,0.029766299148307,0.02838665655482711,0.03001402263748905,9.585121154785156,0.040394365107008785,-0.028985532449339435
2002-11-14,0.028703209189878787,0.030734425249044905,0.030125605731750313,10.0,0.029277448817678707,0.043283630797689376
2002-11-15,0.03253031036278212,0.03521651618540031,0.03458864686271286,9.871244430541992,0.04446121495929925,-0.012875556945800781
2002-11-18,0.031892464891764505,0.03148143091985989,0.03369604161167285,9.728182792663574,0.039731607260342895,-0.014492766224669662
2002-11-19,0.043054824414867354,0.0633897405160137,0.04686204344332549,11.874105453491213,0.2899428512455332,0.22058823385246917
2002-11-20,0.06261553224659791,0.06477705708733633,0.06147853624579937,12.16738224029541,0.09810912445012061,0.024698853143330313
2002-11-21,0.07122649571223152,0.07907710147685679,0.07687606608081453,13.047210693359377,0.11833372034521458,0.0723104144908171
2002-11-22,0.08026268949187679,0.08131814694503448,0.08368223318516331,13.054363250732422,0.06760130035992104,0.0005482058610952745
2002-11-25,0.07866806872763338,0.09038908049951819,0.08334749877814206,13.96995735168457,0.07762168298566766,0.07013701728429989
2002-11-26,0.09493322036567467,0.0907092217219056,0.09126942244629087,13.419170379638672,0.05757446753615337,-0.03942653210601832
2002-11-27,0.0877042625072787,0.09038908049951819,0.09327778426113097,14.005722045898438,0.03128829805075016,0.043709979802459165
2002-11-29,0.09450799005166297,0.09092265394611937,0.09640193239129592,13.884119987487791,0.010823432279370977,-0.00868231270134745
2002-12-02,0.09620892548110876,0.09625848800719622,0.09372408688665097,13.80543613433838,0.036214636789349434,-0.005667183315926305
2002-12-03,0.08876735246570688,0.08462636776214741,0.08368223318516331,12.918455123901367,0.05558135634763988,-0.06424867724611882
2002-12-04,0.07282111647647488,0.06861886557891686,0.06940045991394818,12.23891258239746,0.0780683591986274,-0.05260246174843597
2002-12-05,0.07069495073301738,0.06765841345602175,0.0714088366045507,12.124463081359863,0.026307132628971712,-0.00935128021113596
2002-12-06,0.06506061363886481,0.06445690163708248,0.06649947797230564,12.010014533996582,0.04044596669117742,-0.009439473450930325
2002-12-09,0.0627218327384014,0.06050838414732829,0.0652721383142444,11.73104476928711,0.05005998684159604,-0.023228095513106783
2002-12-10,0.06070198166014623,0.06456362486312262,0.0659415922525244,12.274678230285645,0.04261645832527059,0.04634143605195451
2002-12-11,0.06654893391130473,0.07107334327130832,0.07062779957200944,12.389127731323242,0.04171504315182476,0.009324032686674588
2002-12-12,0.06963187494798806,0.06947259447577189,0.07252459316835073,12.288984298706056,0.049618148277152115,-0.00808317056607577
2002-12-13,0.06697416422531646,0.06477705708733633,0.06794996894312692,12.303290367126465,0.03926235535430938,0.0011641375782305285
2002-12-16,0.06910032996877397,0.070433046598667,0.07430981854619322,12.603719711303713,0.025391204509978456,0.024418617720343594
2002-12-17,0.07356527661269491,0.07256738306867108,0.07386351592067321,12.446352005004885,0.020593869731800767,-0.012485814497897207
2002-12-18,0.06910032996877397,0.07139349872156214,0.0680615371616257,12.052932739257812,0.02402214998000439,-0.031609202888434385
2002-12-19,0.0627218327384014,0.06435019263890882,0.06661104619080445,11.988554954528809,0.03615497245765445,-0.005341254790157235
2002-12-20,0.06484799848185888,0.07331440296735242,0.07029306516498816,12.875536918640137,0.07375317672252538,0.07398572784422708
2002-12-23,0.07664821764937824,0.08046441804817944,0.08189700780732083,13.261802673339844,0.059998129442573885,0.029999972594580093
2002-12-24,0.08153839460731088,0.07854351380238919,0.08513272415598454,13.040057182312012,0.009299572996891005,-0.01672061457177354
2002-12-26,0.08111315011990025,0.08046441804817944,0.08636006381404586,13.090128898620604,0.018984545325541495,0.0038398387068816486
2002-12-27,0.0791996137068475,0.07854351380238919,0.08490957284322458,13.018597602844238,0.01653830772604719,-0.005464521879834483
2002-12-30,0.07813652374841926,0.0760890361099977,0.07866129145865701,12.882689476013184,0.0284550485699911,-0.010439536651886572
2002-12-31,0.07707344796338994,0.07534201621131636,0.08133912208753956,12.846923828125,0.01766064218171498,-0.002776256305391578
2003-01-02,0.07994377384306744,0.08601368433347006,0.08524429237448335,13.690987586975098,0.04593024755860005,0.0657016239951731
2003-01-03,0.08823580748649279,0.08868160847794168,0.0928314816356109,13.626609802246094,0.03369905956112853,-0.004702201672452722
2003-01-06,0.08823580748649279,0.0958316235587687,0.09483985832621343,14.277539253234863,0.08089838358037592,0.04776899466817319
2003-01-07,0.09801616140235808,0.09785925103059906,0.10242704758734099,14.148783683776855,0.04595927344969491,-0.009018050461940486
2003-01-08,0.0956773805018947,0.09145624162058702,0.09227359591582969,13.462088584899902,0.04291155488473496,-0.0485338608762762
2003-01-09,0.0877042625072787,0.09198982929505459,0.09428197260643222,13.99856948852539,0.06409884283447502,0.039851238553521684
2003-01-10,0.09248813897340782,0.09465773921165982,0.09695980323531471,14.234621047973633,0.058958035011674854,0.016862548679829947
2003-01-13,0.09865400687337561,0.09700550790587759,0.09930291433293846,14.034335136413574,0.02038262574661042,-0.014070336743426726
2003-01-14,0.09482691987387123,0.09529805011216752,0.10053025399099973,14.24177360534668,0.05606673374872608,0.014780783479716453
2003-01-15,0.09801616140235808,0.09465773921165982,0.09182729329030966,13.505006790161133,0.05279003315401783,-0.05173279927079788
2003-01-16,0.09036197322995032,0.0892151961524093,0.0899304996939684,13.361946105957031,0.0380964820619993,-0.010593158998507546
2003-01-17,0.08217624007832847,0.07800992612792157,0.08167385649456076,12.911301612854004,0.025407330005031155,-0.03372596248551851
2003-01-21,0.0818573102561202,0.07865023702842927,0.07977706289821952,12.653791427612305,0.03209779790239561,-0.019944556556972692
2003-01-22,0.07282111647647488,0.07075318782105447,0.07676449786231575,12.460658073425291,0.04096198253286376,-0.015262884274002686
2003-01-23,0.07388420643490312,0.07150020771973584,0.07397508413917202,12.42489242553711,0.04673813486074023,-0.00287028563639502
2003-01-24,0.07101388055522562,0.06861886557891686,0.06917730860118819,11.945636749267578,0.048794135479959234,-0.03857221936863686
2003-01-27,0.06017043668093214,0.059654655250473254,0.06270587590386063,11.609441757202148,0.03446018292761588,-0.028143748141851277
2003-01-28,0.059851521032122795,0.06157555949626353,0.06359849603066313,12.017167091369627,0.04224395938955326,0.03512014984825074
2003-01-29,0.06059568116834277,0.06370989596626755,0.06304061031088186,12.188840866088867,0.037517576789607446,0.0142857108846004
2003-01-30,0.06697416422531646,0.06264272061733234,0.06147853624579937,11.545063972473145,0.022906265722357676,-0.05281690857141341
2003-01-31,0.05634334968142768,0.05944122302625951,0.05935859133669809,11.78826904296875,0.04164570352309816,0.021065718741401396
2003-02-03,0.061446141796366205,0.06072181637154209,0.06415636687468192,11.795421600341797,0.02321587522736948,0.000606752131884214
2003-02-04,0.061552442288169695,0.05720016333021538,0.058689137398418065,11.659513473510742,0.02221286943509166,-0.01152210844478141
2003-02-05,0.059532591209914554,0.06072181637154209,0.062482724591100616,11.673819541931152,0.04752022137079608,0.0012269867394476552
2003-02-06,0.059745206366920406,0.05538598231046521,0.019637419653217705,8.769670486450195,0.35626539984777533,-0.2487745373354071
2003-02-07,0.01658407437355014,0.013019436816371466,0.00892609713768762,8.190271377563477,0.17692893171820376,-0.0660685153201519
2003-02-10,0.007973110907916553,0.008857487102403527,0.010041868577250104,8.390558242797852,0.1394436059187017,0.024454240403198657
2003-02-11,0.013607448002069172,0.011845552469262582,0.015620681147775164,8.61945629119873,0.0785166479610924,0.02728043138218572
2003-02-12,0.014351608138289118,0.015047064288201822,0.016736437711575194,8.891273498535156,0.09847033553930105,0.031535307814481994
2003-02-13,0.02158056599668512,0.01803512965506085,0.018410094870918922,8.905579566955566,0.08500877226930867,0.001609001052859993
2003-02-14,0.017540849666775965,0.01568736096084311,0.01807536046389767,8.934191703796387,0.03824806171549467,0.003212832654596376
2003-02-18,0.020411175546453497,0.017501541980593255,0.02231526515786271,9.084405899047852,0.03963485429002671,0.01681340631941386
2003-02-19,0.02073010536866171,0.01632765763348437,0.0205300397800202,8.962803840637207,0.050108363326754134,-0.013385801973400335
2003-02-20,0.019985945232441737,0.019102290776129682,0.021422645031060214,9.0128755569458,0.06023356167034328,0.005586612983938144
2003-02-21,0.023919346897148502,0.027426204431932,0.02387732434718272,9.62088680267334,0.09430350761768386,0.06746029520611474
2003-02-24,0.027640133404849443,0.023157531491923955,0.027001457601585274,9.291845321655272,0.03720312963607983,-0.034200743420724766
2003-02-25,0.02381303223194617,0.02198364714481507,0.023765756128683965,9.427754402160645,0.03546802636840951,0.014626705008597973
2003-02-26,0.026364442462814303,0.024011260388779015,0.025104664005244012,9.15593719482422,0.04221815859746895,-0.028831596130052928
2003-02-27,0.023175186760928557,0.02198364714481507,0.026555154976065268,9.370529174804688,0.030190151837661418,0.023437467450276417
2003-02-28,0.026258127797611913,0.025291867961928005,0.028786682979427755,9.442060470581056,0.032710566714398134,0.007633645276800438
2003-03-03,0.028703209189878787,0.026892616757464405,0.02688988938308652,9.313304901123049,0.02432530928699511,-0.013636384755125852
2003-03-04,0.024769807525171994,0.021343350472173783,0.02521624709950525,9.191702842712402,0.027537507901492578,-0.01305681062755526
2003-03-05,0.02200579631069685,0.020276175123238566,0.023654173034422757,9.320457458496094,0.04049595572584078,0.01400769998627327
2003-03-06,0.023706731740142706,0.020596330573492416,0.02343102172166274,9.341917037963867,0.028108350426358092,0.002302416975060728
2003-03-07,0.02402566156235092,0.024117983614819094,0.02610885235054529,9.57796859741211,0.037332133596501414,0.025267999971416044
2003-03-10,0.02604551264060609,0.021556782696387583,0.02555096663076402,9.248927116394045,0.04186662280532013,-0.03435399455234889
2003-03-11,0.022856271112119242,0.01974260167663741,0.021757379438081467,8.98426342010498,0.02643774913889857,-0.028615610541458225
2003-03-12,0.019773330075435885,0.015260496512415594,0.017963777369636433,8.876967430114746,0.049060206148328754,-0.011942658510003978
2003-03-13,0.022856271112119242,0.020276175123238566,0.022203682063601474,9.320457458496094,0.03288472206096727,0.04995963225874034
2003-03-14,0.02657705761982021,0.025825455636395628,0.029679288230467823,9.57796859741211,0.029453216713753116,0.027628594418536823
2003-03-17,0.028596908698075324,0.03212174182036759,0.02800564594688655,10.05722427368164,0.03220906381825922,0.05003729876489915
2003-03-18,0.035719551891268964,0.039165047903020916,0.03815909761839788,10.586552619934082,0.061750970754802174,0.052631653809055434
2003-03-19,0.04199173445643914,0.039165047903020916,0.03905170286943789,10.486409187316896,0.06245726743811036,-0.009459494153802206
2003-03-20,0.039865582886380535,0.041299370145158526,0.04072534515301916,10.60801124572754,0.03806584362139918,0.01159615805930203
2003-03-21,0.04571252096414008,0.041299370145158526,0.04463051543996295,10.586552619934082,0.03289762245700943,-0.0020228698194585393
2003-03-24,0.04199173445643914,0.038524737002513215,0.04117164777853917,10.20028591156006,0.02469297057419663,-0.036486543093045776
2003-03-25,0.03742048732071476,0.033509058391690216,0.03882855155667787,10.157367706298828,0.04683488783105642,-0.004207549242574937
2003-03-26,0.03635741153568545,0.032441883042755026,0.03793594630563786,10.04291820526123,0.027743914238167112,-0.011267633933014443
2003-03-27,0.03508170642025138,0.033402335165650165,0.03693175796033661,10.114449501037598,0.023483558445244274,0.007122560824889934
2003-03-28,0.035506936734263084,0.032548606268795105,0.03737806058585662,9.95708179473877,0.009830101784124775,-0.015558702061114094
2003-03-31,0.028490594032872935,0.024971712511674127,0.02789407772838777,9.406294822692873,0.03302662641743102,-0.0553161039951412
2003-04-01,0.026364442462814303,0.026038887860609344,0.02956772001196907,9.656652450561523,0.017712243765883616,0.02661596649773923
2003-04-02,0.03359338614781146,0.0364971237585493,0.03704332617883539,10.271817207336426,0.046580105009223785,0.0637037275519976
2003-04-03,0.03890880759315471,0.037030711433016894,0.039721156807717914,10.300429344177246,0.02366255144032922,0.002785499027414984
2003-04-04,0.04060972884920161,0.036176968308295476,0.04005589121473914,10.271817207336426,0.041524762310202926,-0.0027777615752487828
2003-04-07,0.0433737400636767,0.042686700944347594,0.04139481396706164,10.214591979980469,0.03012564985745063,-0.005571090898607967
2003-04-08,0.03805833279173235,0.03628369153433553,0.04039062562176039,10.243204116821287,0.02089380393978095,0.0028011042337172665
2003-04-09,0.03858987777094644,0.036176968308295476,0.033026587673392824,9.821172714233398,0.04570287807835701,-0.04120111224717593
2003-04-10,0.03242399569757973,0.03212174182036759,0.03592756961503536,10.07153034210205,0.028371195995717073,0.025491622553976745
2003-04-11,0.039334037907166414,0.0364971237585493,0.03715490927309663,10.007153511047363,0.024054400970109788,-0.006391961188417672
2003-04-14,0.034550161441037286,0.03201501859432748,0.03771279499287787,10.085837364196776,0.02366255144032922,0.007862760680402259
2003-04-15,0.03614479637867957,0.033509058391690216,0.03838224893115787,10.143061637878418,0.040141194834681426,0.00567372560306989
2003-04-16,0.039865582886380535,0.04023220902408972,0.04329160756340293,10.443490982055664,0.03142858985770863,0.02961919732946483
2003-04-17,0.04039711369219573,0.04087250569673101,0.04340317578190171,10.686695098876951,0.01637544022601494,0.02328762644973481
2003-04-21,0.045180990158324885,0.04439415873805766,0.04797781488288795,10.92990016937256,0.028804971812634653,0.022757743927883434
2003-04-22,0.047307155901782416,0.04759567055699693,0.05110194813729051,11.101573944091797,0.039994452829701876,0.01570680171446548
2003-04-23,0.050496397430269235,0.05623972543518668,0.054783967111474305,11.609441757202148,0.04140220854780242,0.04574737020786457
2003-04-24,0.05708750981764768,0.05389195674096886,0.058800705616916846,11.373390197753906,0.03136247532799257,-0.020332722656694724
2003-04-25,0.05528025972299949,0.0510106003722835,0.055230269736994284,11.173104286193848,0.05415425003547609,-0.01761004485712736
2003-04-28,0.05113424290128685,0.052077761493352304,0.05511868664273305,11.45207405090332,0.02536862881690468,0.024967972871620336
2003-04-29,0.05506764456599364,0.0544255301875701,0.056346026300794314,11.523605346679688,0.031089954461601975,0.006246143315037811
2003-04-30,0.05666226533023705,0.05474568563782395,0.058912288711178054,11.459227561950684,0.03197685668950037,-0.005586600963174537
2003-05-01,0.05655596483843359,0.05463896241178387,0.056346026300794314,11.580829620361328,0.023880245623540644,0.010611715122440968
2003-05-02,0.057937970445671144,0.055279273312291516,0.06181327065282062,11.62374782562256,0.04377910651857012,0.0037059698370636163
2003-05-05,0.059851521032122795,0.0566665898836142,0.060809082307519344,11.444921493530272,0.05424939045628701,-0.015384567419648998
2003-05-06,0.05528025972299949,0.054212097963356326,0.05969332574371937,11.494993209838867,0.03931556948798328,0.004375016144662958
2003-05-07,0.054748728917184325,0.05453225341361018,0.059023856929676835,11.43776798248291,0.03524226943767174,-0.00497827413303531
2003-05-08,0.05379195362395847,0.05250464016964623,0.05857755430415683,11.459227561950684,0.05437678186720333,0.0018762034254093951
2003-05-09,0.0568748946606418,0.05591956998493283,0.06181327065282062,11.680973052978516,0.023957647999793594,0.01935082358990048
2003-05-12,0.05336672330994677,0.056133002209146576,0.058242834772898086,11.659513473510742,0.0664660655082111,-0.001837139711772684
2003-05-13,0.059532591209914554,0.05730688655625549,0.062371156372601835,11.616595268249512,0.02005044054852484,-0.003680960218343299
2003-05-14,0.059745206366920406,0.056026278983106526,0.06136696802730056,11.652360916137695,0.0276326483223035,0.0030788408360871156
2003-05-15,0.06112721197415796,0.059868087474687026,0.06471425259446313,11.952789306640623,0.033144342531315714,0.02578261973389928
2003-05-16,0.061658756953372085,0.05784047423072308,0.06147853624579937,11.809728622436523,0.034521459808816136,-0.011968811675164392
2003-05-19,0.05740642546645702,0.05453225341361018,0.05556500414401554,11.094420433044434,0.0533737760749255,-0.060569401064231365
2003-05-20,0.0568748946606418,0.056133002209146576,0.06069751408902062,11.473533630371094,0.07871982919875639,0.034171518883265195
2003-05-21,0.056024419859219465,0.052718072393860005,0.056346026300794314,11.33762550354004,0.03970580646825858,-0.011845359172635073
2003-05-22,0.05485502940898779,0.05463896241178387,0.05969332574371937,11.559370994567873,0.040776539339757736,0.01955837145605077
2003-05-23,0.05740642546645702,0.056133002209146576,0.060585930994759354,11.630901336669922,0.04591412206354736,0.006188082563978847
2003-05-27,0.05581180470221361,0.06531064476180395,0.05935859133669809,12.26752471923828,0.054444508946424656,0.05473551568709567
2003-05-28,0.06835616983255402,0.07011289114841318,0.07364036460791322,12.625179290771484,0.06241211605196279,0.029154583318044658
2003-05-29,0.07303373163348076,0.07331440296735242,0.07709921739357452,12.61802577972412,0.03560993072487326,-0.0005666066899021605
2003-05-30,0.0737778917697007,0.07683604178081269,0.07966547980395826,12.96852684020996,0.04732349033115317,0.02777780507066807
2003-06-02,0.08823580748649279,0.08537338766082878,0.08981891659970716,13.397710800170898,0.09301508056297328,0.03309427240650176
2003-06-03,0.08536548160681529,0.08483979998636115,0.09059995363224839,13.626609802246094,0.056584362139917695,0.0170849337987109
2003-06-04,0.08823580748649279,0.09412416576505861,0.09472827523195222,14.24177360534668,0.037762684314408455,0.04514430309725226
2003-06-05,0.09620892548110876,0.0925234027416558,0.09751768895509595,14.055793762207031,0.058164660655082114,-0.013058755762683005
2003-06-06,0.09620892548110876,0.09359057809059101,0.09707138632957595,13.812589645385742,0.06228794974005702,-0.017302766456008478
2003-06-09,0.08823580748649279,0.08729429190661903,0.09082310494500843,13.440629005432127,0.033308822580853235,-0.02692910232643253
2003-06-10,0.08610964174303526,0.08366591563925227,0.08937261397418712,13.447782516479492,0.04371137943934879,0.0005322303773487302
2003-06-11,0.08610964174303526,0.08398607108950612,0.08647163203254461,13.512160301208496,0.033394287704632535,0.004787241662342012
2003-06-12,0.08706641703626108,0.08281218674239724,0.08725266906508584,13.476394653320312,0.016177096636866756,-0.0026469230005349287
2003-06-13,0.08621595640823765,0.08558681988504252,0.09160414197754967,13.53361988067627,0.04676232310331927,0.004246330626853423
2003-06-16,0.08802319232948691,0.08729429190661903,0.09405882129367217,13.762517929077148,0.034855257556406984,0.016913290783917123
2003-06-17,0.0932322849362289,0.08932190515058297,0.09595561489001343,13.762517929077148,0.023669001638350298,0.0
2003-06-18,0.09036197322995032,0.09230997051744202,0.09483985832621343,13.991415977478027,0.02176619322213192,0.016631989115688528
2003-06-19,0.09461430471686536,0.09188310606901451,0.09483985832621343,13.77682399749756,0.03155920636763549,-0.01533740261356642
2003-06-20,0.09355121475843714,0.08985549282505056,0.09483985832621343,13.63376235961914,0.042113342879626404,-0.010384224833271172
2003-06-23,0.08823580748649279,0.08494652321240126,0.09260833032285092,13.512160301208496,0.02573790265361147,-0.00891918570994088
2003-06-24,0.08610964174303526,0.08270546351635713,0.08758740347210707,13.412016868591309,0.037251506121237926,-0.007411356169910954
2003-06-25,0.08313301537155429,0.08409278008767976,0.08948419706844836,13.53361988067627,0.04360172607299044,0.009066720783041493
2003-06-26,0.0871727175280646,0.08878831747611532,0.09093468803926964,13.841201782226562,0.04582865693976805,0.022727245501365623
2003-06-27,0.0898304282507362,0.0940174425390185,0.09539774404599467,13.98426342010498,0.0478717571629449,0.01033592603657607
2003-06-30,0.09355121475843714,0.09209653829322825,0.09997236827121848,13.98426342010498,0.029533844189016605,0.0
2003-07-01,0.09312598444442541,0.09369728708876468,0.098187142893376,14.24177360534668,0.06245404233909981,0.018414283077039295
2003-07-02,0.0983350912245663,0.09828611547902655,0.103319652838381,14.520744323730469,0.07914876736715817,0.01958820060719524
2003-07-03,0.10078017261683317,0.0966853666834902,0.10398910677666102,14.298998832702637,0.032034908471690084,-0.015270945213562204
2003-07-07,0.10035494230282146,0.10842419592671268,0.10755955753234607,15.22889804840088,0.08769689229459345,0.06503247021543279
2003-07-08,0.1125803776109536,0.11290630109093444,0.11570463251325487,15.507868766784668,0.03865281164131739,0.01831850981582228
2003-07-09,0.1165137934490593,0.11546750200936601,0.11726669170257491,15.572245597839355,0.04441122592463589,0.0041512365124325434
2003-07-10,0.11353715290417943,0.10938464804960782,0.1144772928551936,15.064377784729004,0.03222196421430138,-0.032613652919834424
2003-07-11,0.11109207151191255,0.11343988876540206,0.11737827479683614,15.522174835205078,0.0415957144884348,0.03038937664854302
2003-07-14,0.11959672031234375,0.12026976262384165,0.12742014337408625,15.84406280517578,0.07156978469239005,0.020737298309554175
2003-07-15,0.12331750682004469,0.12283094931440677,0.1284243317193875,15.901287078857422,0.07801675761445875,0.0036117171703553552
2003-07-16,0.12310489166303881,0.11984289817541413,0.12184131592779872,15.693848609924316,0.06609840422100959,-0.013045388584230988
2003-07-17,0.11693902376307103,0.11397347643986969,0.1147004441679536,15.092989921569824,0.07787485325799502,-0.03828625490719517
2003-07-18,0.11162361649112665,0.10981151249803531,0.11592778382601486,15.193133354187012,0.02445270069791143,0.006635095705859406
2003-07-21,0.10949745074766912,0.11023839117432924,0.1106836907867486,14.670958518981934,0.05134035114878027,-0.03436913393912744
2003-07-22,0.10737128500421161,0.11066525562275675,0.11492359548071361,15.36480712890625,0.042061741295457776,0.04729402029366958
2003-07-23,0.11513177366842281,0.11258615986854703,0.11659723776429488,15.486409187316896,0.029101680921604298,0.007914323778387855
2003-07-24,0.11704532425487446,0.11888244605251902,0.1228455042731,15.46494960784912,0.044582156172194486,-0.0013857040200998538
2003-07-25,0.11640747878385693,0.11386675321382955,0.12050240805123867,15.543633460998535,0.0240269876285202,0.005087882931702481
2003-07-28,0.11640747878385693,0.11760183847937,0.1229570873673612,15.715307235717772,0.023623850252202747,0.011044636065949076
2003-07-29,0.12002195062635546,0.11696154180672874,0.1245191614324437,15.693848609924316,0.036714527135983076,-0.001365460151150244
2003-07-30,0.11949041982054026,0.11578765745961986,0.12228763342908118,15.414878845214844,0.027434304733155314,-0.01777573950427047
2003-07-31,0.11693902376307103,0.11717497403094249,0.12273393605460119,15.543633460998535,0.02656836564882542,0.008352619380051829
2003-08-01,0.11725793941188037,0.1144003408882972,0.12072555936399869,15.414878845214844,0.02239670007869242,-0.008283431033468291
2003-08-04,0.11502547317661935,0.11397347643986969,0.11849403136063617,15.42203140258789,0.0180121779738638,0.00046400347643782425
2003-08-05,0.11438762770560176,0.11279959209276078,0.11492359548071361,14.899856567382812,0.03697092250732098,-0.03385901776321465
2003-08-06,0.10694605469019988,0.10426224621274469,0.1095679342229486,14.721030235290527,0.02315782344517977,-0.012001882788841955
2003-08-07,0.10396941414532002,0.10298165286746211,0.10945635112868733,14.785408020019531,0.01731555658758724,0.004373184736396585
2003-08-08,0.10662712486799164,0.10554285378589368,0.11179946222631108,14.79971408843994,0.01430653921075377,0.0009675802251136734
2003-08-11,0.10726497033900922,0.10618315045853496,0.11369625582265232,15.035765647888184,0.013724408839351368,0.01594973781504505
2003-08-12,0.11002898155348434,0.10842419592671268,0.11548146632473243,15.20028591156006,0.015882000077402376,0.010941927902087478
2003-08-13,0.11268669227615596,0.11205257219407941,0.11827088004787616,15.371959686279297,0.01918772656320549,0.011294114842187009
2003-08-14,0.11428131304039937,0.11376004421565591,0.1188287657676574,15.565093040466309,0.019507011365248912,0.012564003427578463
2003-08-15,0.1165137934490593,0.11461377311251097,0.12318023868012119,15.57939910888672,0.002257569307377737,0.0009191122971907717
2003-08-18,0.11778948439109449,0.12155035596912422,0.1256349179962437,16.06580924987793,0.03454564805139518,0.0312213672421906
2003-08-19,0.1335230910499217,0.14139968087180171,0.14125561401978132,17.374820709228516,0.14620663854380328,0.08147809045850152
2003-08-20,0.14053943375131184,0.1430004296673381,0.14884278840514642,17.439199447631836,0.06236696466581524,0.0037052893656119856
2003-08-21,0.14596115568845858,0.1510041736450201,0.155314221102474,17.804006576538086,0.03324593315014771,0.02091880020076209
2003-08-22,0.15244596758403356,0.15121762009710032,0.15319427619337272,17.389127731323242,0.05782280015996492,-0.02330255515416213
2003-08-25,0.14330344496578695,0.14139968087180171,0.15040486247022894,17.246065139770508,0.0213453178012565,-0.008227128684266005
2003-08-26,0.14000790294549664,0.13787802783047504,0.1459418064635039,17.167381286621094,0.04330017931550499,-0.004562423515841019
2003-08-27,0.1408583635735201,0.14502804291130206,0.14917752281216767,17.525035858154297,0.06421817149786498,0.020833379626276072
2003-08-28,0.14659901533287506,0.1434272941157656,0.15230164119080775,17.374820709228516,0.04397099990969723,-0.008571460289245936
2003-08-29,0.14298451514357868,0.14097281642337417,0.15152063390979142,17.39628028869629,0.03430537817510998,0.0012350964552039212
2003-09-02,0.14564222586625036,0.1452414609076494,0.15285954178635147,17.646638870239258,0.07114245907349355,0.0143915007914448
2003-09-03,0.1477684057831068,0.14481459645922184,0.15397531322591396,17.525035858154297,0.07545280390107977,-0.006891001339073277
2003-09-04,0.14670531582467855,0.15004373574999147,0.15620682635351402,17.989986419677734,0.060428680160480926,0.026530648227295783
2003-09-05,0.15361535803426524,0.1546325356845205,0.16000041354619654,18.24034309387207,0.08226582556084472,0.013916445980219905
2003-09-08,0.1565919702323474,0.1638101924650443,0.16658341446202296,18.90557861328125,0.06799798753821742,0.036470559571473604
2003-09-09,0.16584079334239743,0.16327659056271027,0.1695959943736891,18.51215934753418,0.04615116684082202,-0.02080969187955406
2003-09-10,0.15627304041013906,0.15420567123609297,0.15520265288397522,17.51788330078125,0.056102209837842025,-0.05370935005944444
2003-09-11,0.14744947596089852,0.14993699829608492,0.15564895550949526,17.91130256652832,0.03827708760658952,0.022458150850309888
2003-09-12,0.15244596758403356,0.14919000685313644,0.15676469719753278,17.861230850219727,0.036895132680573296,-0.002795537405647197
2003-09-15,0.14989455735316537,0.14801612250602753,0.155314221102474,17.525035858154297,0.02152108569733091,-0.018822610540375706
2003-09-16,0.1447917652382269,0.14630863625658458,0.15341741263037023,17.646638870239258,0.05739869964007895,0.006938816734482156
2003-09-17,0.14883146739473718,0.14534819836155588,0.15341741263037023,17.596567153930664,0.044557967929615444,-0.002837464781638266
2003-09-18,0.14511069506043517,0.14513475190947572,0.15285954178635147,17.567955017089844,0.03677096636866752,-0.001626006742708852
2003-09-19,0.1477684057831068,0.14897656040105622,0.15676469719753278,17.91130256652832,0.06732716694402517,0.01954396792936186
2003-09-22,0.14723684663049375,0.1446011784628745,0.15285954178635147,17.474964141845703,0.028698543545286843,-0.024361066039832457
2003-09-23,0.1446854647464234,0.14470788746104818,0.15408688144441274,17.63233184814453,0.02085349020214921,0.009005323560120626
2003-09-24,0.148299936588922,0.1442810230126207,0.1402514107987176,16.502145767211914,0.06878007404827327,-0.0640973690074661
2003-09-25,0.13256632993009476,0.13542352168235072,0.13690412623155507,16.323318481445312,0.04304217139466182,-0.010836608056263408
2003-09-26,0.12756983830695973,0.12603247536121245,0.13177161628655004,16.008583068847656,0.02685862455977399,-0.019281337490009487
2003-09-29,0.1250184564228894,0.12560558245705208,0.13054427662848878,16.20886993408203,0.023135247752105993,0.012511217537055419
2003-09-30,0.12565628772050808,0.12155035596912422,0.1294285051889263,15.81545066833496,0.02444463795038508,-0.024271850372482695
2003-10-01,0.12172288605580125,0.12155035596912422,0.12875905125064624,15.915594100952148,0.04519331243469175,0.00633199993584066
2003-10-02,0.12119134107658716,0.11792199392962391,0.12652752324728372,15.729613304138184,0.04575447966252564,-0.011685444830666913
2003-10-03,0.1318221697938748,0.1316884506446767,0.1307674279412488,16.45207405090332,0.07645258459434705,0.04592997506016694
2003-10-06,0.13075907983544657,0.12912723549837876,0.1373504288570751,16.473533630371094,0.01344705032444496,0.0013043692486052194
2003-10-07,0.12969598987701836,0.1326488885397054,0.13612308919901384,16.75965690612793,0.03515519176438717,0.01736866431797801
2003-10-08,0.1379880518672415,0.13467653023940218,0.14192505308229886,16.745349884033203,0.028513100352180812,-0.0008536584116763946
2003-10-09,0.1351177118141651,0.13691756147971346,0.1440449979914002,16.90271759033203,0.025333152727788744,0.009397695920876581
2003-10-10,0.13649973159480155,0.13510339468782973,0.14482603502394142,16.952789306640625,0.011581330546847788,0.0029623470924720063
2003-10-13,0.13926374280927667,0.13713100793179367,0.14728071434006396,17.081544876098633,0.01312937807190681,0.007594948956722636
2003-10-14,0.13926374280927667,0.1389451747236774,0.14750388052858643,17.217453002929688,0.027306913322238995,0.00795643062831064
2003-10-15,0.1453232960440421,0.14268027421708424,0.15107430153274648,17.33905601501465,0.041365119909181215,0.007062775897472617
2003-10-16,0.14351607429619173,0.14150638986997538,0.15085116509574897,17.39628028869629,0.02889366203542449,0.0033003107915499097
2003-10-17,0.14447283541601863,0.14043921452104013,0.14884278840514642,17.153076171875,0.03227840344698583,-0.013980236739420504
2003-10-20,0.1403268327677049,0.13723771692996733,0.14672284349604514,17.045780181884766,0.012294077428177045,-0.006255203959635081
2003-10-21,0.13894481298706846,0.13969219462235877,0.14728071434006396,17.18168830871582,0.025942696440780733,0.007973124455487701
2003-10-22,0.13926374280927667,0.13563696813443088,0.14281765833333893,16.795421600341797,0.015195053988157436,-0.022481301105787166
2003-10-23,0.13586187195038507,0.13179515964285038,0.13556521835499502,16.430614471435547,0.029100068372099025,-0.021720629442182338
2003-10-24,0.13044015001323833,0.12763322415674885,0.13556521835499502,16.502145767211914,0.019263516389953175,0.0043535374712080355
2003-10-27,0.13203477077748174,0.1282735066015237,0.1363462553875363,16.359085083007812,0.015933601661571012,-0.008669217095897186
2003-10-28,0.13075907983544657,0.137344425928141,0.13924723732917882,17.167381286621094,0.037225705329153605,0.04940962159631157
2003-10-29,0.1412835938875318,0.13937206762783777,0.14828491756112766,17.231760025024414,0.0318043138924365,0.0037500616621994887
2003-10-30,0.14404760510200693,0.151324329095274,0.1527479735678527,17.746780395507812,0.09765116039062399,0.02988785647754333
2003-10-31,0.1514891781174088,0.14822954050237486,0.15776890041859654,17.825464248657227,0.03500522466039708,0.004433697346552634
2003-11-03,0.1519144084314205,0.15228476699030274,0.16145091939278028,18.09012794494629,0.042498742211385894,0.01484750649952904
2003-11-04,0.15510364995990739,0.15388551578583914,0.16345929608338283,18.168811798095703,0.04765567552923875,0.00434954652553432
2003-11-05,0.15467841964589563,0.15495269113477433,0.16345929608338283,18.31187438964844,0.02515254718319853,0.00787407526383932
2003-11-06,0.15839922032699555,0.1615691327690002,0.16848022293412668,18.79113006591797,0.049692325554394526,0.026171852540690654
2003-11-07,0.16552186352018916,0.17149378099247248,0.1733895815663717,19.18454933166504,0.06556303778526,0.02093643460329342
2003-11-10,0.17009312482931238,0.16711839905429077,0.17026543343620665,18.505006790161133,0.037659481146071185,-0.0354213450499089
2003-11-11,0.15946231028542374,0.16082211287031878,0.16736445149456414,18.5765380859375,0.03344588928880117,0.003865510377137449
2003-11-12,0.1613758325250776,0.16935945875033492,0.1699306990291854,19.220314025878903,0.053875278971064415,0.034655323664894544
2003-11-13,0.17275083555198406,0.17053334309744378,0.17740633494757668,18.955650329589844,0.043685578647264474,-0.013769998551153018
2003-11-14,0.167966944912456,0.17362813169034297,0.17852207663561426,19.034334182739254,0.06542113342879625,0.004150944535339152
2003-11-17,0.16913633536268763,0.16935945875033492,0.16848022293412668,19.134477615356445,0.10212276016873717,0.005261199664551519
2003-11-18,0.19348093383394632,0.1944378944880491,0.19168807846726688,19.864091873168945,0.18166015196666538,0.03813086892045314
2003-11-19,0.17997977923698122,0.17907068897745987,0.1885639600886268,19.81402015686035,0.04927628778203491,-0.002520715098797255
2003-11-20,0.1780662286505295,0.17981770887614124,0.18666715161652303,19.48497772216797,0.0330701652540733,-0.01660654587446031
2003-11-21,0.1758337482418696,0.17245424734323406,0.1814230585772567,19.4492130279541,0.04494820490989074,-0.001835500903507703
2003-11-24,0.1758337482418696,0.1784303780769521,0.18622084899100305,19.81402015686035,0.053580182411600036,0.018756909515152076
2003-11-25,0.18072393937320114,0.1799244178743149,0.18967970177666438,19.871244430541992,0.03892694505721326,0.0028880698227122803
2003-11-26,0.18189332982343293,0.182165477570359,0.19302701609535183,20.050071716308597,0.025050956564366532,0.008999299786768722
2003-11-28,0.18285009094325977,0.18344607091564158,0.1941427577833894,20.228899002075195,0.012897170943147957,0.008919034719518715
2003-12-01,0.18859074270261483,0.1847266642609242,0.19637430066251438,20.228899002075195,0.04292606783028239,0.0
2003-12-02,0.18688982144656785,0.18419309081432295,0.1921343810927869,19.88555145263672,0.044296734909761735,-0.016973120949551168
2003-12-03,0.18178702933162938,0.18387293536406918,0.19302701609535183,20.24320411682129,0.07208580053407639,0.01798555423702597
2003-12-04,0.1865708916243597,0.1842997998124966,0.19291541812532814,20.021459579467773,0.06789478436988015,-0.010954023684879743
2003-12-05,0.18019240856738594,0.1830192064672141,0.18164622476577924,19.256080627441406,0.04096198253286376,-0.03822792983640777
2003-12-08,0.17253820622157928,0.1751221714877057,0.181311490358758,19.6423454284668,0.03958647780486861,0.02005936766150307
2003-12-09,0.18083023986500463,0.1788572425253797,0.1819809591728005,19.21316146850586,0.05104041694080008,-0.02184993444514749
2003-12-10,0.17073095612693107,0.17042663409927006,0.17617899528951536,18.977109909057617,0.0657984700130294,-0.01228593013363144
2003-12-11,0.16934896469309246,0.17373484068851663,0.179972582482198,19.52074432373047,0.03489395874453346,0.02864684966668074
2003-12-12,0.17700313869210133,0.1738415496866903,0.18499350933294179,19.49213218688965,0.028737244733413318,-0.0014657298085728465
2003-12-15,0.17795992815872602,0.17725649372984326,0.18410090408190177,19.39198875427246,0.04692196550434099,-0.0051376335670729745
2003-12-16,0.17275083555198406,0.1758691629306542,0.1822040956097981,19.6423454284668,0.03299115032831508,0.012910314530745648
2003-12-17,0.178704088294946,0.1749087250356255,0.1814230585772567,19.44206047058105,0.029504818297921752,-0.010196590759242286
2003-12-18,0.17328236635779926,0.1810983022214238,0.18410090408190177,19.89985656738281,0.05170801243598179,0.0235466861907192
2003-12-19,0.18625196180215137,0.18269905101696027,0.19347331872087187,20.021459579467773,0.08537482100700491,0.006110748169124047
2003-12-22,0.183913180901688,0.18536697516143186,0.19347331872087187,20.293275833129883,0.03751918933911271,0.013576245656977903
2003-12-23,0.18603936081854444,0.1842997998124966,0.19648586888101316,20.22174453735352,0.03593727827444303,-0.0035248767308225792
2003-12-24,0.1854015011741279,0.18269905101696027,0.19481222659743186,20.07868385314941,0.003375066114529717,-0.007074596553222623
2003-12-26,0.18370057991808103,0.18141845767167764,0.19436592397191188,19.992847442626957,0.0020705135647664397,-0.004275001845252424
2003-12-29,0.18370057991808103,0.18654085950854077,0.1941427577833894,20.45064353942871,0.02420275552459461,0.022897993800807148
2003-12-30,0.18976013315284646,0.1889953372009322,0.2008373566692394,20.529327392578125,0.019823071068281795,0.0038475001042246326
2003-12-31,0.19082322311127464,0.19518491438673058,0.20139522751325822,20.91559410095215,0.043563024884863966,0.01881536111668569
2004-01-02,0.19720170616824834,0.1937975835875414,0.20396147504787954,20.60085868835449,0.03719667943805875,-0.0150478829852283
2004-01-05,0.19985941689092002,0.19667892572836038,0.2087592654616257,21.137338638305664,0.07581885263877601,0.0260416305003075
2004-01-06,0.20039094769673516,0.20671031140573926,0.21166024740326828,21.802574157714844,0.07076350993975515,0.031472056666756565
2004-01-07,0.21049023143480872,0.21065882889549348,0.2209210938237396,22.081544876098636,0.059646593650425066,0.012795311065830317
2004-01-08,0.2146362624299203,0.22613277185998926,0.2268346259255234,23.09012794494629,0.10945502276919901,0.04567538523716963
2004-01-09,0.22749955738246896,0.22741336520527172,0.2387732880991148,22.92560768127441,0.05634086716462195,-0.007125134345905004
2004-01-12,0.22696799822985586,0.22719991875319162,0.23542600353195225,23.175966262817383,0.05166769869835004,0.010920477442674992
2004-01-13,0.23122032971677092,0.22912082299898184,0.24033536216419732,23.06151580810547,0.08006147038714088,-0.004938325048200243
2004-01-14,0.22909417814671235,0.22655963630841663,0.23977749132017856,22.98998641967773,0.06894777919682134,-0.0031016776617345254
2004-01-15,0.22909417814671235,0.23285592249238868,0.24000062775717612,23.540773391723636,0.09266031967181391,0.023957690186996894
2004-01-16,0.23621682133990596,0.2480096815508978,0.24825727095658368,24.49928474426269,0.08687771714591637,0.04071707146529202
2004-01-20,0.2503558072344897,0.24704924365586906,0.2572949511885326,24.32761001586914,0.07503031593069907,-0.0070073363441255365
2004-01-21,0.24876118647024636,0.2541992587366961,0.2598611987231538,24.871244430541992,0.08995607415147644,0.022346396309306016
2004-01-22,0.25588382966344,0.2553731430838049,0.26198117338378,24.30615234375,0.07214546486577138,-0.022720700139075345
2004-01-23,0.24759179602001463,0.24576865031058648,0.2537245301843724,23.919885635375977,0.03999929047821768,-0.015891725803049428
2004-01-26,0.2381303719263576,0.2851471162099547,0.2511582528982262,24.256080627441406,0.07075060954371298,0.014055041783653799
2004-01-27,0.28331134082458415,0.2952852108855072,0.2845195898544028,25.822603225708008,0.4850919798237806,0.06458267608553214
2004-01-28,0.2724679252970885,0.2735149817370395,0.283961689258859,25.715307235717773,0.11564560031992982,-0.004155119027016374
2004-01-29,0.26959758524401206,0.2706336395962206,0.27391983555737137,25.500715255737305,0.07977121147619232,-0.008344912157316475
2004-01-30,0.26502632393488873,0.27671647932811233,0.277267120124534,26.36623764038086,0.11677599752312395,0.03394110227746738
2004-02-02,0.2790590093376691,0.2787441210278091,0.28686267120050163,26.051502227783203,0.0603496652347227,-0.01193706196881228
2004-02-03,0.26949128475220857,0.2734082727388658,0.2845195898544028,26.09442138671875,0.07571726201994401,0.0016474734762041976
2004-02-04,0.27214899547488025,0.26860602635225667,0.2760397804664727,25.25035858154297,0.05358179496110531,-0.032346484816305754
2004-02-05,0.26130555160058666,0.26252315816463195,0.27514717521543264,25.20028686523437,0.04187468555284647,-0.0019830101084266083
2004-02-06,0.2603487904807598,0.274475448087801,0.27503557724540895,26.35908508300781,0.06934446637511771,0.04598353280541745
2004-02-09,0.27842117804005045,0.2808784432699467,0.29366883830485035,26.53791046142578,0.06896229214236876,0.006784202784536397
2004-02-10,0.2785274785318539,0.28119859872020053,0.2934456721163279,26.73104476928711,0.03510359018021854,0.007277675766600433
2004-02-11,0.282779810018769,0.2825859010636568,0.29456144355589037,26.752504348754883,0.054607376446456905,0.0008027961365890679
2004-02-12,0.2811851892545255,0.2806649968178665,0.29288780127230907,26.409156799316406,0.03939297186423624,-0.012834220862558476
2004-02-13,0.27937793915987735,0.2787441210278091,0.29232993042829025,26.523605346679688,0.03647425725969788,0.004333669122152495
2004-02-17,0.28044102911830554,0.2826926385175633,0.29411514093037033,26.81688117980957,0.05858392352645226,0.01105716320600414
2004-02-18,0.26895975394639343,0.2727679618383581,0.27682081749901394,25.736766815185547,0.19022278983964808,-0.04027740427314275
2004-02-19,0.2732120570865107,0.2728746992922646,0.2845195898544028,25.81545066833496,0.0767702568468852,0.0030572547715272957
2004-02-20,0.26991651506622033,0.2663649666562125,0.2728040641178089,25.071531295776367,0.06987983281086729,-0.028816826873027668
2004-02-23,0.2574784504276834,0.2539858122846159,0.25517500627943124,24.12017250061035,0.07474811976727685,-0.037945779375920474
2004-02-24,0.24238270341327267,0.24512833941007878,0.2532781978073275,24.14163017272949,0.08932717984442122,0.0008896152014914449
2004-02-25,0.24025652349641624,0.2466223792074415,0.25439396924688995,24.284692764282227,0.04989389424255325,0.005925970637821409
2004-02-26,0.24716656570600293,0.24864999245140545,0.25919175966063623,24.463520050048828,0.036959634660784085,0.007363786213083978
2004-02-27,0.24982427642867455,0.24864999245140545,0.25963806228615627,24.45636558532715,0.06071732652192422,-0.0002924544263066542
2004-03-01,0.24918641678425807,0.24929027489618033,0.2613117045697375,24.556509017944336,0.053588245159126385,0.004094779834223239
2004-03-02,0.2512062678625132,0.2519581990406519,0.26376638388586005,24.48497772216797,0.037185391591521864,-0.002912926089131629
2004-03-03,0.25014317790408497,0.24704924365586906,0.25941489609763374,24.29899787902832,0.03252351097178684,-0.007595671323452624
2004-03-04,0.2478043970036216,0.24480818395982495,0.25952649406765743,24.284692764282227,0.027089219139027572,-0.000588712127854496
2004-03-05,0.24504038578914644,0.25473283218329723,0.25885702525361504,24.89985656738281,0.0514564547131597,0.025331339748525084
2004-03-08,0.2562027594856483,0.25334552983984104,0.25796442000257497,24.048641204833984,0.04067978636944154,-0.03418555284627067
2004-03-09,0.2515251976847215,0.2479029725527241,0.24825727095658368,23.48354721069336,0.08738083259156056,-0.0234979593785547
2004-03-10,0.23706728196792942,0.2353104001847801,0.23497970090643228,22.57510757446289,0.11710011997368319,-0.038684089251082354
2004-03-11,0.22005798436706703,0.22261111881866252,0.2198053223841771,21.6022891998291,0.13065359856547595,-0.04309252442873179
2004-03-12,0.20730098990632184,0.2217573614660746,0.2198053223841771,22.639484405517575,0.09695453900434743,0.04801320804911158
2004-03-15,0.22229043642892915,0.2207969235710459,0.21020977130820956,21.65236091613769,0.06534695615155385,-0.043601853809855595
2004-03-16,0.20783252071213704,0.20649686495365904,0.21444966112641206,21.59513664245605,0.0707602848407446,-0.002642865316317078
2004-03-17,0.20836407986475008,0.22218422591450215,0.2208094958537159,22.625179290771484,0.08418475947211579,0.04769789908577704
2004-03-18,0.2179318044502106,0.21514094828758162,0.22281787254431845,21.888412475585938,0.06976856689500367,-0.032564021072136407
2004-03-19,0.21474256292172372,0.2136469084902189,0.22237156991879842,21.85264587402344,0.06253305726485803,-0.0016340427430445725
2004-03-22,0.20889561067056528,0.20799090475102178,0.21556543256597455,21.57367706298828,0.06347317362643033,-0.012765905448858028
2004-03-23,0.20730098990632184,0.20457598916360165,0.20429620945490073,20.67238998413086,0.0979656075441516,-0.04177716558127531
2004-03-24,0.19390616414795803,0.19881327642623087,0.2041846412364019,20.93705368041992,0.07918585600577938,0.012802762355597297
2004-03-25,0.2019855684609786,0.211619295246255,0.21199498181028958,21.959941864013672,0.06780286904807978,0.04885540244615916
2004-03-26,0.21059653192661215,0.21386032648656622,0.22192526729327844,22.024320602416992,0.04466762129597379,0.0029316443004259174
2004-03-29,0.21580565288015197,0.21834244587865448,0.22873143439762716,22.36766815185547,0.048066875653082555,0.015589472912086011
2004-03-30,0.21899489440863873,0.21823570842474793,0.22873143439762716,22.503576278686523,0.040087980701007525,0.006076097244843037
2004-03-31,0.22112104597869742,0.22229096336840865,0.23319449040435225,22.625179290771484,0.04805236270753512,0.005403719416817054
2004-04-01,0.22250306575933387,0.2227178278168362,0.23442180031088855,22.63233184814453,0.04212785582517384,0.00031613262733198866
2004-04-02,0.22696799822985586,0.22698650075684423,0.23676491140851225,23.118741989135746,0.06943154404840228,0.021491826129753866
2004-04-05,0.22888154881630762,0.22901411400080823,0.2394427569131573,23.204578399658203,0.041777932582530285,0.0037128495383873528
2004-04-06,0.22749955738246896,0.23018799834791703,0.23832698547359482,23.33333396911621,0.03918979062657224,0.005548714018432932
2004-04-07,0.2285626189940993,0.22784022965369927,0.23431023209238977,22.78969955444336,0.045483571345640315,-0.02329861713685666
2004-04-08,0.22590490827142767,0.22997455189583688,0.23509126912493106,22.768239974975582,0.028601790574970656,-0.0009416350319367828
2004-04-12,0.22462921732939245,0.2255991699576551,0.23709964581553356,22.796852111816406,0.012784292477779067,0.0012566688014652438
2004-04-13,0.22537337746561248,0.2217573614660746,0.22493781745341973,22.18168830871582,0.04801043642039811,-0.02698459419235888
2004-04-14,0.21325424264928383,0.2132200440417914,0.2225947361073209,22.00286102294922,0.04290671723621915,-0.00806193303583369
2004-04-15,0.21474256292172372,0.21119240234209463,0.21087921037072704,21.387697219848636,0.05749545261039515,-0.02795835516385614
2004-04-16,0.21367947296329554,0.21097898434574724,0.21266442087280707,21.552217483520508,0.05813563476398726,0.007692285054381243
2004-04-19,0.20570636914207846,0.20649686495365904,0.21545383459595085,21.745349884033203,0.03193170530335281,0.0089611382522643
2004-04-20,0.21102176224062397,0.2075640403025943,0.2035151724223595,20.557939529418945,0.0561247855309158,-0.05460525404036509
2004-04-21,0.1950755545981897,0.19550506983698435,0.20641615436400207,20.77253150939941,0.08416863397706309,0.010438399221545547
2004-04-22,0.19454399544557677,0.19817296552572317,0.20128365929475944,21.008583068847656,0.051762839119160964,0.011363639493888078
2004-04-23,0.19741433549865306,0.19870656742805715,0.20708562317804452,21.1015739440918,0.04637853632106506,0.004426327798471741
2004-04-26,0.19985941689092002,0.19934684987283202,0.2048540802989195,20.808298110961918,0.04085877936452649,-0.013898291848129962
2004-04-27,0.1956070854040049,0.19689237218044064,0.20306886979683947,20.60801124572754,0.0296999367880594,-0.009625336208003765
2004-04-28,0.1902916639586617,0.18750129740356947,0.19670903506953563,20.24320411682129,0.041115174735864395,-0.01770219962306563
2004-04-29,0.18550780166593134,0.18408635336041645,0.18755975686756304,19.88555145263672,0.042637421468839094,-0.017667789255129573
2004-04-30,0.18231856013744452,0.1808848557693436,0.18309670086083807,19.320457458496094,0.04061689693873602,-0.028417315732307546
2004-05-03,0.1738138971636145,0.1767229202832421,0.1818693612027768,19.49928474426269,0.05830656501154586,0.009255851532022463
2004-05-04,0.1780662286505295,0.17469527858354533,0.1729432789408517,19.12017250061035,0.10959370202665221,-0.019442366662391963
2004-05-05,0.17030572581291936,0.1718139364427263,0.17952627985667796,19.177396774291992,0.07741205154998258,0.0029928743414744385
2004-05-06,0.1690300348708842,0.16626467015743573,0.17517479206845166,18.84120178222656,0.031238309016086797,-0.017530793987436066
2004-05-07,0.16477770338396913,0.1670116900561171,0.17417061859891292,18.81974220275879,0.056257014590347924,-0.0011389708425082468
2004-05-10,0.16105693104966712,0.1591146550766087,0.1623435246438203,18.175966262817383,0.10290484667879303,-0.03420747919953093
2004-05-11,0.15946231028542374,0.16135571477265287,0.16736445149456414,18.74105834960937,0.07886012100571486,0.031090071285398313
2004-05-12,0.16488400387577268,0.16295646356818927,0.16490977217844155,18.712446212768555,0.08379290994233522,-0.0015267087006008984
2004-05-13,0.15999384109123893,0.16092882186849256,0.16647184624352412,18.612302780151367,0.05758575538269025,-0.005351701828746114
2004-05-14,0.16286415279751748,0.16220944366950796,0.16624868005500165,18.30472183227539,0.042977669414451025,-0.01652567935892324
2004-05-17,0.15680459956275206,0.15431240868999951,0.16167405582977784,18.2546501159668,0.06548241030999652,-0.0027354535494935606
2004-05-18,0.16477770338396913,0.16370345501113776,0.15620682635351402,18.168811798095703,0.19920307803449566,-0.004702271329540153
2004-05-19,0.15946231028542374,0.1597549375213836,0.16357086430188156,18.03290367126465,0.12003334752376899,-0.007480298015156928
2004-05-20,0.15308379888165224,0.1490832693992299,0.15397531322591396,17.381975173950195,0.08124508172400892,-0.03609671016829663
2004-05-21,0.14574855470485165,0.1439608675623668,0.15207850475381024,17.439199447631836,0.05108556832694764,0.003292161742780575
2004-05-24,0.14691791680828553,0.14534819836155588,0.15341741263037023,17.417739868164062,0.0638859862997794,-0.001230536959693218
2004-05-25,0.14564222586625036,0.14545490735972955,0.14839648577962644,17.689556121826172,0.09993291794058078,0.015605713239461805
2004-05-26,0.15042608815898062,0.1497235802997376,0.15899624007665775,17.854076385498047,0.07689119805978042,0.009300417858924215
2004-05-27,0.15287119789804526,0.15431240868999951,0.16178565379980153,18.175966262817383,0.08016467355547816,0.018028929101075786
2004-05-28,0.15637936924874035,0.15666017738421728,0.16379400073887912,18.383405685424805,0.06846078924622985,0.011412841529739204
2004-06-01,0.15680459956275206,0.15740716882716582,0.16624868005500165,18.45493507385254,0.09397938516712463,0.003890975897052895
2004-06-02,0.1606317007356554,0.15730045982899216,0.1640171669274016,18.168811798095703,0.06031741424461732,-0.015503889588981745
2004-06-03,0.15520997879850867,0.1530317868889841,0.1623435246438203,17.918455123901367,0.06545015931989112,-0.013779474242810785
2004-06-04,0.15520997879850867,0.15388551578583914,0.16334769811335909,18.040058135986328,0.04998097191583782,0.006786467429480192
2004-06-07,0.15680459956275206,0.16487733935824667,0.16647184624352412,18.962804794311523,0.07278887211837402,0.05114987165615048
2004-06-08,0.1683921752264677,0.1651974948085005,0.17550952647547297,18.99856948852539,0.04911180773249739,0.001886044527790398
2004-06-09,0.1686048045568725,0.1665848256076896,0.17472848944293168,18.74105834960937,0.06481481481481481,-0.013554238337341595
2004-06-10,0.164246172578154,0.1626363081179354,0.17316641537784921,18.812589645385746,0.028669517654191984,0.003816822638400552
2004-06-14,0.16530926253658218,0.16135571477265287,0.17015386521770787,18.46208953857422,0.047628262187649165,-0.018631146132371823
2004-06-15,0.1621199926612975,0.16135571477265287,0.17104647046874794,18.626609802246094,0.05182734109937175,0.008911248281410877
2004-06-16,0.16382094226414223,0.15986167497529008,0.17071173606172668,18.648069381713867,0.025668563024884863,0.0011520926081345362
2004-06-17,0.1612695320332741,0.15762061527924592,0.1660255436180041,18.290414810180664,0.04186178515680432,-0.019179174219713935
2004-06-18,0.15808029050478722,0.16028853942371762,0.1660255436180041,18.51931381225586,0.05001806055445902,0.012514697148792164
2004-06-21,0.16148216136367888,0.1591146550766087,0.16758761768308666,18.29756736755371,0.02780035347085156,-0.011973793789022524
2004-06-22,0.15765506019077552,0.16220944366950796,0.16658341446202296,18.69098663330078,0.05385270327799064,0.021501178700109813
2004-06-23,0.16477770338396913,0.17042663409927006,0.17517479206845166,19.341917037963867,0.05143065392107538,0.03482589856992124
2004-06-24,0.17838515847273778,0.18163187566802497,0.1883407939001044,19.628040313720703,0.0848410671207606,0.014792911953620758
2004-06-25,0.17795992815872602,0.1965722167301867,0.18767135483758673,21.108726501464844,0.16097436691306422,0.07543729094081231
2004-06-28,0.19996571738272345,0.19614535228175922,0.20541198089446316,20.708154678344727,0.06549531070603867,-0.018976598284710322
2004-06-29,0.19284307418952984,0.19795954752937578,0.20440777767339946,21.187410354614254,0.05772120954113292,0.02314333091063414
2004-06-30,0.2009225068493482,0.19774610107729568,0.2080897966475833,20.94420623779297,0.05892739657107473,-0.011478708947944671
2004-07-01,0.19581971473440968,0.19230354379017867,0.19693217150653314,20.486408233642575,0.06572751783479752,-0.02185797823764346
2004-07-02,0.18944120333063824,0.18611399506011322,0.1961511344739919,20.22174453735352,0.028727569436381696,-0.012918989667228598
2004-07-06,0.18476364152971142,0.1905960859964686,0.18878709652562436,19.613733291625977,0.04993582052969026,-0.03006720041411004
2004-07-07,0.1766842372166908,0.17779006717644447,0.18733662043056554,19.54220390319824,0.04434994904343564,-0.0036469032878242436
2004-07-08,0.17636530739448264,0.174481860587198,0.18253883001681925,19.220314025878903,0.03896403369583446,-0.01647152383189776
2004-07-09,0.17328236635779926,0.17405499613877046,0.18175779298427802,19.19885635375977,0.03432472876917322,-0.001116405907325091
2004-07-12,0.167966944912456,0.16413034791529812,0.1718275075012891,18.812589645385746,0.06259433414605828,-0.020119256129461083
2004-07-13,0.16584079334239743,0.1656243592569281,0.17439375503591048,18.798282623291016,0.03667905104686714,-0.0007605025339102456
2004-07-14,0.1621199926612975,0.16466392136189933,0.16903809377814538,18.45493507385254,0.049850355405910964,-0.018264836012895636
2004-07-15,0.16371461342554094,0.16028853942371762,0.16814548852710537,18.48354721069336,0.04638982416760195,0.0015503786237296424
2004-07-16,0.1621199926612975,0.1597549375213836,0.16457503777142035,18.104434967041016,0.03232355483313338,-0.020510794780398744
2004-07-19,0.15425318933188392,0.1548459821366006,0.1618972220183003,18.0257511138916,0.03295406168969388,-0.004346109298227652
2004-07-20,0.15297749838984875,0.15964822852320992,0.15977727710919903,18.44778251647949,0.06016422204161668,0.02341269442373739
2004-07-21,0.16158846185548226,0.16349003701479042,0.15564895550949526,17.525035858154297,0.0793551737038327,-0.050019380784703915
2004-07-22,0.14542962488264338,0.1471623651534396,0.151743770346789,17.775392532348633,0.06735780538462531,0.01428565831309525
2004-07-23,0.148299936588922,0.1442810230126207,0.14571864027498144,16.852645874023438,0.07830540397590205,-0.05191146449485884
2004-07-26,0.13713756289242024,0.13499665723392318,0.13891250292215757,16.587982177734375,0.05658274959041242,-0.01570457827616334
2004-07-27,0.1312906389880596,0.13136829519442283,0.13746199707557383,16.630901336669922,0.06585490924571384,0.0025873646641094705
2004-07-28,0.1318221697938748,0.1294473909486326,0.13534205216647255,16.316165924072266,0.07994375427325619,-0.018924735720948993
2004-07-29,0.1312906389880596,0.13403621933889448,0.14002827436172005,16.84549331665039,0.07681218313402222,0.032441898117570256
2004-07-30,0.1361808017725933,0.13755787238022116,0.14214821927082133,17.03147315979004,0.06118980352696828,0.011040332250514817
2004-08-02,0.13947634379288365,0.1390519121775839,0.1450492012124639,17.188840866088867,0.03454887315040572,0.00923981764950077
2004-08-03,0.1413898943793353,0.13787802783047504,0.13969353995469885,16.580829620361328,0.04490466607324845,-0.0353724402049157
2004-08-04,0.13224740010788652,0.12880710850385774,0.13333367547587005,16.416309356689453,0.04799753602435595,-0.009922317968326766
2004-08-05,0.1294833888934114,0.1284869530536039,0.13422628072691006,16.130186080932617,0.023594824361107887,-0.017429208328133994
2004-08-06,0.12193550121280713,0.12005631617176146,0.1257464862147425,15.629470825195312,0.034261839338467694,-0.03104212519464955
2004-08-09,0.11874625968432032,0.11781527070358377,0.12440757833818249,15.736766815185549,0.02933550059986842,0.0068649790636079455
2004-08-10,0.12119134107658716,0.1266727578059873,0.12898220256340626,16.351930618286133,0.05802275629861837,0.03909086347438073
2004-08-11,0.12916445907120316,0.12507200901045087,0.12150659639653992,15.572245597839355,0.10511887714952849,-0.047681526949170605
2004-08-12,0.11778948439109449,0.11365332098961586,0.10053025399099973,14.077253341674805,0.16222248023014307,-0.09600363973016068
2004-08-13,0.11353715290417943,0.1119458489680393,0.10599748346726355,14.678112030029297,0.17840925216404144,0.042682949135801174
2004-08-16,0.10258740853808246,0.10372865853827712,0.10979108553570853,14.821172714233398,0.04301314550356696,0.00974653170049522
2004-08-17,0.10864697594624678,0.10842419592671268,0.11548146632473243,15.157367706298828,0.0653872698891856,0.022683427185391736
2004-08-18,0.11204884680513838,0.11365332098961586,0.11894033398615621,15.572245597839355,0.0519853709508882,0.027371368141192454
2004-08-19,0.11768316972589207,0.11578765745961986,0.12384969261840124,15.600858688354492,0.04108131119625373,0.0018374415131949817
2004-08-20,0.11778948439109449,0.11952274272516025,0.12396127571266245,15.879828453063965,0.024433350103848193,0.017881692942819383
2004-08-23,0.12374273713405642,0.12133693797277686,0.127754862905345,15.84406280517578,0.03300888837287305,-0.002252269159827347
2004-08-24,0.12225443103501538,0.11856229060226511,0.12228763342908118,15.457797050476074,0.03615174735864391,-0.0243792112824448
2004-08-25,0.11566331864763693,0.11632124513408745,0.12039082495697746,15.708154678344728,0.05032444496046029,0.016196203576171575
2004-08-26,0.11959672031234375,0.11706825080490241,0.12184131592779872,15.4363374710083,0.054934723996026676,-0.01730421000444793
2004-08-27,0.11662009394086278,0.11418690866408343,0.12340338999288121,15.479255676269531,0.023212650128358943,0.002780336031253272
2004-08-30,0.1148128580196135,0.1110921200711843,0.11782457742235615,15.114449501037598,0.04002025362178619,-0.02356742358039865
2004-08-31,0.10917852092546088,0.1053294215616799,0.10622063478002354,14.66380500793457,0.12649160829237457,-0.029815475123463164
2004-09-01,0.10343788333950477,0.10479583388721231,0.10856374587764735,14.79971408843994,0.06589199788433504,0.009268336590116277
2004-09-02,0.1063081950457834,0.10853091915275273,0.11012580506696736,15.164521217346191,0.03456822374446896,0.02464960652119652
2004-09-03,0.11109207151191255,0.10703687935539002,0.10878689719040728,14.570815086364746,0.03617109795270715,-0.03915099741509309
2004-09-07,0.10577666423996818,0.10458240166299856,0.1120226135390711,14.721030235290527,0.048897338648296505,0.010309316811408342
2004-09-08,0.10237479338107658,0.09999357327273664,0.10755955753234607,14.434906959533691,0.03822548602242089,-0.019436362209957037
2004-09-09,0.10248110804627894,0.10842419592671268,0.1095679342229486,15.135908126831056,0.055070178154469344,0.048562915525713235
2004-09-10,0.10992268106168085,0.12357796921308814,0.11726669170257491,16.2446346282959,0.11526665118619141,0.07325140270238761
2004-09-13,0.12884552924899492,0.12880710850385774,0.13612308919901384,16.36623764038086,0.06543080872582788,0.007485733897218294
2004-09-14,0.12884552924899492,0.12624589335755979,0.13244107022483004,16.380542755126953,0.03377484938787621,0.0008740625096874677
2004-09-15,0.12916445907120316,0.12517871800862457,0.13054427662848878,16.008583068847656,0.027458492975734355,-0.022707409140205526
2004-09-16,0.12395536646446118,0.1257123199109586,0.13232950200633126,16.051502227783203,0.027052130500406363,0.002681009228047593
2004-09-17,0.12533735789829983,0.12645933980963997,0.13377997810139008,16.380542755126953,0.06515828785943728,0.02049904879147202
2004-09-20,0.1289518580875962,0.13307575298813296,0.13389157607141378,16.623748779296875,0.05961595520982494,0.014847250656196964
2004-09-21,0.13331049006631474,0.13136829519442283,0.13880093470365884,16.680973052978516,0.048700607608653586,0.0034423206486919877
2004-09-22,0.13150323997166655,0.12816679760335004,0.13444944691543254,16.216022491455078,0.03141891456067702,-0.027873107884459847
2004-09-23,0.12618781852632327,0.12645933980963997,0.13255263844332882,16.18025779724121,0.04327437852342067,-0.0022055158244084216
2004-09-24,0.1265067483485315,0.12304439576648696,0.1260812206217637,15.60801124572754,0.035814724512042526,-0.03536696131079198
2004-09-27,0.11693902376307103,0.11376004421565591,0.12050240805123867,15.271817207336426,0.05774056013519615,-0.02153983829830619
2004-09-28,0.11374976806118525,0.11013166794828916,0.11670880598279366,15.22889804840088,0.03588890178928494,-0.0028103504876241248
2004-09-29,0.11162361649112665,0.11685481858068866,0.11938665148743864,15.457797050476074,0.03998639008217553,0.015030568945152867
2004-09-30,0.1148128580196135,0.11557422523540611,0.12016767364421745,15.429184913635254,0.04744604409355367,-0.0018509841180726072
2004-10-01,0.11693902376307103,0.12699291325624115,0.1249654640579637,16.444921493530273,0.06262174748764787,0.06583216064753894
2004-10-04,0.13501141132236164,0.13499665723392318,0.14181348486380013,16.838340759277344,0.0750448288762465,0.02392345052555278
2004-10-05,0.13607450128078985,0.1332891994402131,0.13924723732917882,16.6022891998291,0.06615806855270456,-0.014018694764695638
2004-10-06,0.1312906389880596,0.12741977770466867,0.13612308919901384,16.466381072998047,0.05264006605002774,-0.008186107662336961
2004-10-07,0.12916445907120316,0.12699291325624115,0.13578835479199258,16.258941650390625,0.04846840047989474,-0.01259775427811427
2004-10-08,0.12735720897655498,0.12528545546253106,0.1299863909087075,15.901287078857422,0.04284866545402944,-0.021997407901676702
2004-10-11,0.12640044785672805,0.12347126021491447,0.1294285051889263,15.851216316223145,0.06270076241340608,-0.003148849673989762
2004-10-12,0.12023457995676023,0.11621452190804735,0.12418442702542247,15.679542541503906,0.08361875459576608,-0.010830321868961934
2004-10-13,0.12438059677847291,0.12357796921308814,0.1316600331922888,16.044349670410156,0.06077537830411394,0.023266439562289687
2004-10-14,0.12469952660068115,0.12123020051887037,0.12786644599960628,15.836910247802734,0.04765890062824929,-0.012929126257450796
2004-10-15,0.12395536646446118,0.12784664215309618,0.1314368818795288,16.30185890197754,0.054846033773236845,0.02935854575795882
2004-10-18,0.12863292826538794,0.12699291325624115,0.1327758046318513,16.430614471435547,0.044382200033541035,0.007898213954139255
2004-10-19,0.13256632993009476,0.13179515964285038,0.1363462553875363,16.251789093017578,0.06634996194383166,-0.010883669550451391
2004-10-20,0.12565628772050808,0.13478323923757585,0.13400314428991256,16.9742488861084,0.07231317001431943,0.04445416987359363
2004-10-21,0.13873221200346147,0.14470788746104818,0.14616494290050147,17.567955017089844,0.07704277771327579,0.034976872023323
2004-10-22,0.14734317546909503,0.14353400311393927,0.14861962221662395,17.09585189819336,0.0548266831791736,-0.026872969474092456
2004-10-25,0.1378817230286402,0.13883846572550373,0.14672284349604514,17.131616592407227,0.03172368641717301,0.0020920100634262973
2004-10-26,0.14043313325950835,0.14086607896946768,0.14638810908902394,17.403432846069336,0.04544809525652438,0.015866351677668256
2004-10-27,0.14383500411839995,0.14919000685313644,0.15219007297230897,17.868383407592773,0.0513919527329489,0.026716025834434776
2004-10-28,0.15180810793961708,0.151324329095274,0.15799203685559404,17.739627838134766,0.03902047292851891,-0.007205776063843317
2004-10-29,0.14989455735316537,0.1508974646468465,0.15854993745113777,17.925607681274414,0.04462246990982623,0.010483863857608577
2004-11-01,0.1514891781174088,0.15015044474816513,0.1573225977930765,17.675251007080078,0.03704671233406866,-0.013966426056276182
2004-11-02,0.14638638600247034,0.15217805799212902,0.15486791847695397,17.825464248657227,0.049395616445424874,0.008498506839703657
2004-11-03,0.16116323154147066,0.15719375083081855,0.15687629516755647,17.768239974975586,0.07606879781209283,-0.003210254324004569
2004-11-04,0.15031978766717713,0.14844298695445501,0.15799203685559404,17.854076385498047,0.04063786008230453,0.004830889871104249
2004-11-05,0.1509576473115936,0.1531385243428906,0.15988884532769781,18.03290367126465,0.046739747410245495,0.010016047982849052
2004-11-08,0.1510639478033971,0.15740716882716582,0.16078145057873783,18.43347549438477,0.0432034263451888,0.022213384512136614
2004-11-09,0.15680459956275206,0.15762061527924592,0.16490977217844155,18.283262252807617,0.028093837480810666,-0.008148937601208717
2004-11-10,0.15839922032699555,0.15537955558320188,0.16223195642532157,17.918455123901367,0.02702632970832205,-0.019953065479341836
2004-11-11,0.15319012772025353,0.15730045982899216,0.1629013954878391,18.36909866333008,0.04752828411832243,0.025149687085891825
2004-11-12,0.1335230910499217,0.1294473909486326,0.12719699206132623,16.15164566040039,0.4278416347381865,-0.12071648389348333
2004-11-15,0.12310489166303881,0.13019441084731398,0.13110216234827005,16.30185890197754,0.11448940232465137,0.009300181835057986
2004-11-16,0.12661307718713283,0.12699291325624115,0.13456101513393132,16.416309356689453,0.0682559954590606,0.007020699626962834
2004-11-17,0.13107800965765481,0.13083472174782168,0.13980510817319758,16.716737747192383,0.06945250719197078,0.018300604842129697
2004-11-18,0.13203477077748174,0.13147500419259656,0.1395819419846751,16.73104476928711,0.0483152082768941,0.0008558501252511341
2004-11-19,0.13543664163637334,0.13136829519442283,0.13857776851513637,16.54506492614746,0.037922326715430166,-0.011115853534804265
2004-11-22,0.13086538032725006,0.1282735066015237,0.13712726266855263,16.50929832458496,0.033657133273991516,-0.0021617685830881417
2004-11-23,0.12969598987701836,0.12699291325624115,0.1366809600430326,16.330472946166992,0.03945586129494176,-0.010831797627138928
2004-11-24,0.1283139984431797,0.12934068195045892,0.13645782360603503,16.580829620361328,0.0277019879510301,0.015330644435077367
2004-11-26,0.13139693947986306,0.13051456629756783,0.14002827436172005,16.566524505615234,0.005385915347601172,-0.0008627502407073662
2004-11-29,0.13224740010788652,0.12976754639888646,0.13746199707557383,16.48784065246582,0.023115897158042756,-0.004749569115884533
2004-11-30,0.12884552924899492,0.12752648670284233,0.13712726266855263,16.373390197753906,0.024347884980068887,-0.006941506600186442
2004-12-01,0.13107800965765481,0.13414292833706815,0.13980510817319758,16.945636749267578,0.035450288323851546,0.03494979015354871
2004-12-02,0.138094352359045,0.14332058511759194,0.1470575779030664,17.195993423461914,0.05746320162028975,0.014774108397263896
2004-12-03,0.14340977380438824,0.1458817718081571,0.1509627333142477,17.317596435546875,0.03624527522994956,0.0070715898227227125
2004-12-06,0.14298451514357868,0.1418265453202292,0.15029329425173016,17.389127731323242,0.021540436291394148,0.004130555648562018
2004-12-07,0.1442602344324117,0.1446011784628745,0.1490659545936689,17.081544876098633,0.031478578892371996,-0.017688227953525093
2004-12-08,0.14022050392910362,0.13627727903493864,0.14471446680544264,16.831188201904297,0.03034173149115678,-0.01465655922870579
2004-12-09,0.13575557145858158,0.13606383258285842,0.13813146588961633,16.959941864013672,0.03837867822542152,0.007649707231887959
2004-12-10,0.14404760510200693,0.14001235007261265,0.14471446680544264,16.945636749267578,0.029038791490898774,-0.0008434648456223659
2004-12-13,0.13968897312328837,0.1379847368286487,0.14661127527754642,17.052932739257812,0.026750583742920914,0.006331776821244084
2004-12-14,0.1385195826730567,0.1402257965246928,0.14761544874708515,17.310443878173828,0.03510359018021854,0.01510069516214041
2004-12-15,0.14351607429619173,0.14406757656054048,0.15196693653531146,17.2961368560791,0.04215849426577396,-0.0008264965471374008
2004-12-16,0.13926374280927667,0.1386250477291564,0.14672284349604514,16.93848419189453,0.03209134770437453,-0.020678181906202076
2004-12-17,0.13596817244218856,0.137344425928141,0.14482603502394142,17.038625717163086,0.05037765909413419,0.00591207124168025
2004-12-20,0.1403268327677049,0.13937206762783777,0.14560707205648266,16.859800338745117,0.02642162364384587,-0.010495293539891426
2004-12-21,0.13628710226439678,0.13670414348336613,0.14516076943096268,17.038625717163086,0.03234129287769135,0.010606613057392744
2004-12-22,0.13979527361509186,0.13915862117575756,0.14683441171454392,17.167381286621094,0.027661674213398352,0.0075566874697126085
2004-12-23,0.14053943375131184,0.1384116012770762,0.14839648577962644,17.145923614501953,0.018476592231381504,-0.0012499094510042275
2004-12-27,0.14053943375131184,0.1384116012770762,0.14728071434006396,17.024320602416992,0.04158442664189791,-0.007092240395968452
2004-12-28,0.13926374280927667,0.13969219462235877,0.14839648577962644,17.174535751342773,0.019086135944373493,0.008823562034214527
2004-12-29,0.13990160245369315,0.14203996331657653,0.1487312201866477,17.439199447631836,0.02445592579692197,0.015410238746533134
2004-12-30,0.14383500411839995,0.14225340976865675,0.15152063390979142,17.231760025024414,0.01921191480578454,-0.011895008324799616
2004-12-31,0.14234668384596005,0.13979893207626526,0.15085116509574897,17.23891258239746,0.018023465820400687,0.0004150799084168266
2005-01-03,0.1424529843377635,0.13926533017393122,0.1450492012124639,17.081544876098633,0.04589477146948412,-0.00912863300087241
2005-01-04,0.1390511134788719,0.13723771692996733,0.14002827436172005,16.630901336669922,0.05183056619838229,-0.026381895940763234
2005-01-05,0.13256632993009476,0.133609354890467,0.14080928164273637,16.623748779296875,0.054276803797876604,-0.00043007635174141523
2005-01-06,0.13501141132236164,0.13136829519442283,0.13601152098051505,16.258941650390625,0.04234393745887999,-0.021944937555876565
2005-01-07,0.12735720897655498,0.12613918435938612,0.13534205216647255,16.2446346282959,0.03372808545222339,-0.0008799479327968873
2005-01-10,0.12725090848475148,0.12368470666699466,0.13132531366103006,16.165950775146484,0.055042764812879764,-0.0048436825419487795
2005-01-11,0.12236073152681887,0.12026976262384165,0.12954008828318747,15.886981010437012,0.04094585703781106,-0.017256625891646338
2005-01-12,0.12236073152681887,0.12026976262384165,0.12652752324728372,15.865522384643556,0.051990208599404,-0.0013507050697271206
2005-01-13,0.12065981027077197,0.11738840625515629,0.12463072965094248,15.529327392578123,0.04512074770695461,-0.021190288218359665
2005-01-14,0.11747055456888619,0.11749512948119636,0.12541176668348375,15.77253246307373,0.037393410477701665,0.0156610176569425
2005-01-18,0.11917148999833205,0.12133693797277686,0.1249654640579637,16.044349670410156,0.04822813060360953,0.017233580464823817
2005-01-19,0.12384905179925879,0.12133693797277686,0.12853589993788622,15.779685020446776,0.05011965117329102,-0.016495816620818782
2005-01-20,0.1207661107625754,0.12197722041755174,0.12887063434490748,15.915594100952148,0.08224324986777094,0.008612914663966187
2005-01-21,0.1227859760142295,0.11877572282647891,0.12518861537072373,15.593705177307127,0.07469813073261349,-0.020224750744665232
2005-01-24,0.11821471470510622,0.11450704988647087,0.12195289902205995,15.33619499206543,0.0710166802120825,-0.016513726680971286
2005-01-25,0.11491915851141699,0.11600108968383363,0.12217605033481994,15.593705177307127,0.039023698027529446,0.0167910088111769
2005-01-26,0.11917148999833205,0.11674810958251497,0.12630437193452376,15.736766815185549,0.0378884631758195,0.009174319781716456
2005-01-27,0.11917148999833205,0.11845556737622506,0.1249654640579637,15.736766815185549,0.03458273669001639,0.0
2005-01-28,0.11906518950652856,0.11653467735830123,0.1228455042731,15.457797050476074,0.03872376381954926,-0.017727260496754438
2005-01-31,0.11949041982054026,0.11866901382830525,0.12719699206132623,15.81545066833496,0.03425216404143607,0.02313742486662229
2005-02-01,0.12023457995676023,0.12187051141937807,0.1284243317193875,16.108726501464844,0.03714991550240593,0.018543627954723307
2005-02-02,0.12576258821231157,0.12421828011359584,0.13221791891207002,16.23748207092285,0.030496536243662685,0.007992908033189305
2005-02-03,0.12565628772050808,0.12336455121674081,0.12663910634154496,15.808297157287598,0.03614045951210702,-0.026431740571637885
2005-02-04,0.12065981027077197,0.12112349152069668,0.12853589993788622,16.05865478515625,0.04205045344892088,0.015837102844011186
2005-02-07,0.12863292826538794,0.1289138175020314,0.13612308919901384,16.53791046142578,0.053712411471032166,0.02984407365880548
2005-02-08,0.13214109961608303,0.13723771692996733,0.14002827436172005,16.988555908203125,0.06201220377465589,0.0272492373101465
2005-02-09,0.13915744231747318,0.13510339468782973,0.13902407114065635,16.51645278930664,0.03183333978353136,-0.02778947907329332
2005-02-10,0.13171586930207133,0.12998099285096665,0.1393588055476776,16.48068618774414,0.021396919385425137,-0.002165513504549632
2005-02-11,0.13054647885183962,0.13542352168235072,0.1373504288570751,16.96709632873535,0.03631622740818143,0.029513949568005904
2005-02-14,0.13649973159480155,0.13766458137839482,0.14426816417992266,17.18168830871582,0.05473154275836268,0.012647537081347027
2005-02-15,0.13554294212817683,0.1430004296673381,0.14292925630336262,17.446352005004883,0.15226982468361777,0.01540382362510928
2005-02-16,0.14330344496578695,0.1401190590707863,0.14728071434006396,17.1173095703125,0.054968587535637346,-0.01886024279448162
2005-02-17,0.13894481298706846,0.1390519121775839,0.14672284349604514,16.952789306640625,0.04719287382122631,-0.009611338919593537
2005-02-18,0.13830695334265192,0.1348899482357495,0.14471446680544264,16.859800338745117,0.03679515461124657,-0.005485172157426832
2005-02-22,0.1352240406527664,0.137344425928141,0.1433755589288826,16.795421600341797,0.030235303223808976,-0.0038184757298325156
2005-02-23,0.13660603208660504,0.13307575298813296,0.13801989767111755,16.437768936157227,0.06386663570571616,-0.021294652357955246
2005-02-24,0.12969598987701836,0.12923397295228525,0.13723886063857632,16.587982177734375,0.07921165679786368,0.009138298643846632
2005-02-25,0.1335230910499217,0.13318249044203945,0.13991667639169636,16.84549331665039,0.07179715417263309,0.015523958017128026
2005-02-28,0.13660603208660504,0.13809144582682237,0.14560707205648266,17.167381286621094,0.05128068681708529,0.019108254292116378
2005-03-01,0.1419214535319483,0.14364071211211293,0.15118589950277017,17.51072883605957,0.0619686649380136,0.019999995555877614
2005-03-02,0.14457916425461992,0.14353400311393927,0.151743770346789,17.410587310791016,0.030132100055471706,-0.005718866770544451
2005-03-03,0.14500439456863168,0.1442810230126207,0.152636375597829,17.474964141845703,0.03527935807629295,0.003697568031768128
2005-03-04,0.14681161631648204,0.1434272941157656,0.1506279989072265,17.246065139770508,0.029440316317710956,-0.013098682218584456
2005-03-07,0.14319714447398346,0.14673550070501212,0.15118589950277017,17.7038631439209,0.04256969438961777,0.02654506987189098
2005-03-08,0.14787470627491023,0.14790938505212098,0.15230164119080775,17.42489242553711,0.04325019028084162,-0.01575761832973621
2005-03-09,0.14362237478799522,0.14289369221343157,0.1500701280632077,17.174535751342773,0.039997677928712415,-0.014367760103208727
2005-03-10,0.14117729339572832,0.13873175672733007,0.14649967730752267,17.103004455566406,0.032607363546060864,-0.004164962407835371
2005-03-11,0.13990160245369315,0.13787802783047504,0.1423713557078189,16.69527816772461,0.028343782654127486,-0.02383945399190357
2005-03-14,0.13394832136393342,0.13478323923757585,0.1422597874893201,16.93132972717285,0.04131996852303366,0.014138821592357687
2005-03-15,0.138094352359045,0.1361705415810321,0.14203662130079764,16.63805389404297,0.02622005495568714,-0.0173214884982843
2005-03-16,0.132885259752303,0.13179515964285038,0.13255263844332882,16.11587905883789,0.07416437684636917,-0.03138436974242742
2005-03-17,0.12544368673690112,0.12421828011359584,0.13355684166439252,16.20886993408203,0.03926396790381465,0.0057701398046385854
2005-03-18,0.12565628772050808,0.12229737586780559,0.1299863909087075,15.9871244430542,0.13739083039849323,-0.013680502831451058
2005-03-21,0.1227859760142295,0.12496530001227721,0.1307674279412488,16.15164566040039,0.041176451617064645,0.010290857366639816
2005-03-22,0.12703830750114453,0.12453843556384969,0.13221791891207002,16.15164566040039,0.054425158352361426,0.0
2005-03-23,0.1265067483485315,0.12347126021491447,0.13389157607141378,16.11587905883789,0.04224879703806907,-0.002214424605053722
2005-03-24,0.12576258821231157,0.12443169810994317,0.13389157607141378,16.173105239868164,0.047157397732110376,0.0035509189924636253
2005-03-28,0.12756983830695973,0.12400483366151566,0.13333367547587005,16.101573944091797,0.029464504560290004,-0.0044228547774508575
2005-03-29,0.12554998722870458,0.12389812466334199,0.13244107022483004,16.080114364624023,0.05660693783299147,-0.0013327628430789273
2005-03-30,0.1227859760142295,0.11962945172333395,0.1256349179962437,15.92990016937256,0.08079356786253337,-0.009341612369494823
2005-03-31,0.12310489166303881,0.11973617494937405,0.127754862905345,15.879828453063965,0.0524659107034586,-0.0031432536159181623
2005-04-01,0.12438059677847291,0.12165706496729789,0.12875905125064624,15.78683853149414,0.06748680934504689,-0.005855851770985687
2005-04-04,0.11938410515533784,0.11525406978515221,0.12027925673847868,15.314735412597656,0.10150031605970303,-0.029904855107921513
2005-04-05,0.11428131304039937,0.11045182339854301,0.11804772873511617,15.278969764709473,0.08556832694763729,-0.002335374848119409
2005-04-06,0.11321823725537009,0.11333316553936196,0.12106029377101991,15.493562698364258,0.0396993562702375,0.014044987126713204
2005-04-07,0.11587593380464284,0.11215928119225307,0.12139501330227871,15.4363374710083,0.05707780228853026,-0.0036934840920738177
2005-04-08,0.11534440299882759,0.11322645654118832,0.12128344508377993,15.286123275756836,0.03459079943754274,-0.009731206999949893
2005-04-11,0.1131119225901677,0.10927793905143413,0.11726669170257491,15.121602058410645,0.05881774320471638,-0.010762782320820063
2005-04-12,0.10949745074766912,0.11023839117432924,0.11492359548071361,15.278969764709473,0.05045022382187134,0.010406814416287435
2005-04-13,0.1121551472969419,0.11013166794828916,0.11436570976093237,14.885550498962402,0.04426448391965634,-0.025749070245283723
2005-04-14,0.10747758549601508,0.1054361305598536,0.11291521879011111,14.785408020019531,0.038585084562096056,-0.006727495832273833
2005-04-15,0.1038631136535165,0.10031372872299052,0.10722482312532482,14.59227466583252,0.06845433904820877,-0.01306242979060901
2005-04-18,0.10280002369508831,0.1030883618656358,0.11012580506696736,14.785408020019531,0.046670407781518895,0.013235315165717632
2005-04-19,0.10609557988877752,0.10447567843695846,0.11336152141563112,14.856938362121582,0.04958750983655198,0.004837901125569033
2005-04-20,0.10779651531822332,0.1053294215616799,0.1111299934122686,14.670958518981934,0.03530354631887199,-0.012518046356967627
2005-04-21,0.10609557988877752,0.10938464804960782,0.11358467272839111,15.243204116821287,0.04122644065172801,0.03900533132166917
2005-04-22,0.11183623164813253,0.10885107460300658,0.11615093513877488,15.092989921569824,0.03918979062657224,-0.009854502642636542
2005-04-25,0.1114109871607219,0.11066525562275675,0.11704354038981489,15.250357627868652,0.04088941780512662,0.010426542859737209
2005-04-26,0.11247407711915011,0.11258615986854703,0.11938665148743864,15.264663696289062,0.03627268857153915,0.0009380808482988279
2005-04-27,0.11247407711915011,0.11013166794828916,0.11659723776429488,15.185979843139648,0.030590064114968334,-0.0051546404634216225
2005-04-28,0.11056052653269843,0.10725031157960377,0.11324995319713231,14.77110195159912,0.03380871292748688,-0.027319797327925
2005-04-29,0.10737128500421161,0.10372865853827712,0.11090684209950859,14.842632293701172,0.049661687113794394,0.004842586716714781
2005-05-02,0.10683974002499749,0.10564956278406734,0.11403097535391114,15.0,0.026381309906214123,0.010602412239614
2005-05-03,0.1084343607892409,0.1086376281509264,0.11592778382601486,15.150214195251465,0.027810028767883174,0.010014279683431049
2005-05-04,0.11162361649112665,0.10981151249803531,0.11849403136063617,15.20028591156006,0.05563295793180851,0.003305017055421633
2005-05-05,0.1114109871607219,0.11013166794828916,0.11704354038981489,15.078683853149414,0.04919082265825561,-0.007999984942267835
2005-05-06,0.11109207151191255,0.11130555229539804,0.11860561445489741,15.37911319732666,0.02652321426267787,0.019924109232815956
2005-05-09,0.11374976806118525,0.11578765745961986,0.12061397626973742,15.658082962036133,0.03625495052698118,0.01813952216425374
2005-05-10,0.11662009394086278,0.11514736078697857,0.12384969261840124,15.63662338256836,0.03487460815047022,-0.0013705112892684612
2005-05-11,0.11853364452731444,0.11845556737622506,0.1260812206217637,15.879828453063965,0.03934943302759395,0.015553554277372372
2005-05-12,0.1227859760142295,0.12357796921308814,0.12463072965094248,15.715307235717772,0.07983732600590837,-0.010360390090640381
2005-05-13,0.12012826529155787,0.11909587827673276,0.12686225765430503,15.729613304138184,0.06333771946798766,0.0009103269955739179
2005-05-16,0.11853364452731444,0.1149339285627648,0.12139501330227871,15.42203140258789,0.09378265412748171,-0.01955432060554052
2005-05-17,0.11906518950652856,0.12240408486597926,0.11949821970593742,16.080114364624023,0.09047370254266805,0.04267161341181702
2005-05-18,0.12480582709248464,0.12859366205177755,0.13087899615974757,16.39484977722168,0.05262394055497504,0.019572958591020262
2005-05-19,0.12990861920742314,0.12795335115126985,0.13779673148259508,16.502145767211914,0.025992685475444095,0.006544493633562132
2005-05-20,0.1318221697938748,0.13158174164650305,0.13746199707557383,16.745349884033203,0.029493530451384857,0.014737726853953248
2005-05-23,0.13416095069433817,0.13403621933889448,0.14281765833333893,16.90271759033203,0.043067972186746135,0.009397695920876581
2005-05-24,0.13607450128078985,0.13713100793179367,0.14426816417992266,17.08869743347168,0.03919301572558278,0.011002955125158476
2005-05-25,0.13830695334265192,0.13467653023940218,0.1433755589288826,16.831188201904297,0.025765315995201057,-0.015068979515255432
2005-05-26,0.13649973159480155,0.1357436771326046,0.14549550383798387,16.995708465576172,0.020547105796147942,0.009774726638328568
2005-05-27,0.13873221200346147,0.13691756147971346,0.1469459799330427,17.103004455566406,0.010054246165357278,0.006313122527816795
2005-05-31,0.13873221200346147,0.1389451747236774,0.14739228255856268,17.174535751342773,0.03771592037875563,0.0041823818711037575
2005-06-01,0.1414962232179366,0.14139968087180171,0.1500701280632077,17.2961368560791,0.02316588619270612,0.007080313930862392
2005-06-02,0.14117729339572832,0.14086607896946768,0.15018169628170647,17.30329132080078,0.027250474089554555,0.0004136452423573189
2005-06-03,0.14351607429619173,0.13947877662601144,0.1500701280632077,17.21030044555664,0.018639459731413753,-0.0053741726657722255
2005-06-06,0.14617378501886336,0.14534819836155588,0.15341741263037023,17.53934097290039,0.06465033476527729,0.01911881366537682
2005-06-07,0.14670531582467855,0.14481459645922184,0.15207850475381024,17.324748992919922,0.036198511294296735,-0.012234894133823504
2005-06-08,0.14553592537444687,0.14449446946470085,0.15386371525589027,17.48927116394043,0.026299069881445362,0.009496366792254518
2005-06-09,0.14542962488264338,0.1452414609076494,0.15431001788141024,17.6680965423584,0.055226595456480516,0.010224861673290953
2005-06-10,0.1492566977087489,0.1465220827086648,0.15564895550949526,17.525035858154297,0.02228704671233407,-0.008097119226234684
2005-06-13,0.14617378501886336,0.14545490735972955,0.15509105491395153,17.646638870239258,0.025362178618883603,0.006938816734482156
2005-06-14,0.14840623708072548,0.1458817718081571,0.15698786338605525,17.6680965423584,0.016843079582543184,0.0012159636901352133
2005-06-15,0.14968195636955844,0.1471623651534396,0.15587209194649276,17.63233184814453,0.01841370280067598,-0.0020242528179604813
2005-06-16,0.14936302654735018,0.14577506280998342,0.156653128979034,17.57510757446289,0.016101306810119072,-0.0032454172354782207
2005-06-17,0.15042608815898062,0.14662879170683846,0.1576573024485728,17.718168258666992,0.03963485429002671,0.008139960657308931
2005-06-20,0.14723684663049375,0.14801612250602753,0.15654156076053527,17.825464248657227,0.025023543222776945,0.006055704428574282
2005-06-21,0.15042608815898062,0.14801612250602753,0.15821520304411651,17.653791427612305,0.022682121341125176,-0.009630762972013707
2005-06-22,0.14968195636955844,0.14694894715709228,0.15609525813501524,17.618024826049805,0.023554510623476146,-0.0020260011402738476
2005-06-23,0.1480873072585172,0.14854969595262874,0.1573225977930765,17.753934860229492,0.05047118696543984,0.00771426056675395
2005-06-24,0.14968195636955844,0.14577506280998342,0.15196693653531146,17.260372161865234,0.03294116129365172,-0.02780018639529236
2005-06-27,0.1408583635735201,0.13691756147971346,0.14170191664530135,16.69527816772461,0.04525942696440781,-0.03273938643044638
2005-06-28,0.1344798805165464,0.13232876154518441,0.14259452189634136,16.802574157714844,0.03666292555181444,0.0064267267015447604
2005-06-29,0.13554294212817683,0.13286233499178562,0.14147875045677888,16.616594314575195,0.02043583988028433,-0.011068532797056996
2005-06-30,0.13160954046347,0.12880710850385774,0.13891250292215757,16.466381072998047,0.03028529225847234,-0.009039953598998896
2005-07-01,0.132885259752303,0.13254217954153175,0.14092087961276012,16.738197326660156,0.028219616342221705,0.016507346238199272
2005-07-05,0.1335230910499217,0.1352101036860034,0.14092087961276012,16.895565032958984,0.023538385128423447,0.00940171173918336
2005-07-06,0.13681866141700982,0.1377712903765685,0.14583023824500513,16.90987205505371,0.028182527703600503,0.0008467915732215392
2005-07-07,0.13501141132236164,0.1361705415810321,0.14092087961276012,17.081544876098633,0.04691390275681464,0.010152224717372427
2005-07-08,0.1408583635735201,0.14193325431840287,0.14951225721918893,17.410587310791016,0.045843169885315484,0.019263037218184786
2005-07-11,0.15202073727002186,0.16050195742006496,0.16178565379980153,18.36194610595703,0.15055729710902124,0.054642544687528494
2005-07-12,0.15223333825362878,0.15922136407478238,0.1620087902367991,18.54792594909668,0.04998419701484836,0.010128547489817175
2005-07-13,0.1602064420748459,0.1597549375213836,0.16926125996666785,18.54792594909668,0.03800940438871474,0.0
2005-07-14,0.16318308261972575,0.16135571477265287,0.16848022293412668,18.412017822265625,0.024647819188049078,-0.007327402923865689
2005-07-15,0.16095060221106583,0.15698030437873828,0.16669501243204665,18.35479164123535,0.024072139014667752,-0.003108088509509832
2005-07-18,0.15839922032699555,0.15516613758685455,0.16490977217844155,18.36194610595703,0.023573861217539384,0.00038978730249406013
2005-07-19,0.15914338046321547,0.1595415195250363,0.1669181488690441,18.562231063842773,0.027969671168904885,0.010907610594759642
2005-07-20,0.16148216136367888,0.16028853942371762,0.16848022293412668,18.540773391723636,0.04432253570184605,-0.0011559856164561344
2005-07-21,0.16180109118588715,0.16018183042554396,0.17004229699920914,18.49070167541504,0.0382303236709367,-0.0027006271664453685
2005-07-22,0.16031277091344714,0.1565534399303108,0.16591397539950525,18.30472183227539,0.023906046415624965,-0.010058019776876481
2005-07-25,0.15765506019077552,0.1565534399303108,0.16714131505756658,18.31187438964844,0.017944450894642465,0.00039074930712357236
2005-07-26,0.15839922032699555,0.1607154038721451,0.16848022293412668,18.583690643310547,0.03673226518054105,0.014843715497292909
2005-07-27,0.16318308261972575,0.1654109412605807,0.1729432789408517,18.88412094116211,0.04459989421675246,0.016166341961773245
2005-07-28,0.16690388330082562,0.1638101924650443,0.17573269266399544,18.898426055908203,0.013588954680908703,0.0007575208181871407
2005-07-29,0.1660533943260044,0.1638101924650443,0.17439375503591048,18.769670486450195,0.012911683888695383,-0.006813031364469424
2005-08-01,0.1650966332061774,0.16669153460586328,0.17550952647547297,18.962804794311523,0.021703303791426397,0.010289701569388354
2005-08-02,0.16924266420128897,0.1670116900561171,0.17874524282413673,19.048641204833984,0.02030038572184166,0.004526567216903032
2005-08-03,0.1670101837926291,0.16690498105794338,0.17428218681741164,19.14878463745117,0.023033657133273995,0.00525724809136352
2005-08-04,0.17009312482931238,0.16626467015743573,0.17405902062888923,18.733905792236328,0.02963865990685914,-0.02166606670187421
2005-08-05,0.1621199926612975,0.1603952484218913,0.17093490225024915,18.505006790161133,0.022757911167872853,-0.012218434565313907
2005-08-08,0.16095060221106583,0.15730045982899216,0.16502134039694039,18.111587524414062,0.046002812286337194,-0.021260152466209603
2005-08-09,0.15627304041013906,0.15548629303710837,0.16535607480396164,18.29756736755371,0.018870054310667336,0.01026855558017492
2005-08-10,0.15967491126903066,0.15698030437873828,0.16379400073887912,18.09728240966797,0.0223386482965027,-0.010945988276064411
2005-08-11,0.15520997879850867,0.1599683839734637,0.16446346955292163,18.68383407592773,0.026599004089425546,0.03241103570038861
2005-08-12,0.164246172578154,0.16573109671083458,0.17461692122443295,18.89127349853516,0.07820381335707005,0.011102615328547172
2005-08-15,0.2019855684609786,0.2104454108991461,0.21032133952670823,21.69527816772461,0.49333372034521455,0.14842856779384794
2005-08-16,0.20039094769673516,0.20649686495365904,0.21232971621731078,21.802574157714844,0.15091044545067533,0.004945591808537264
2005-08-17,0.21049023143480872,0.2136469084902189,0.22292944076281718,22.253219604492188,0.10633796457551246,0.02066936883312387
2005-08-18,0.21314794215748029,0.2125797331412837,0.2253841200789397,22.103004455566406,0.1060106170259427,-0.006750265875930084
2005-08-19,0.21474256292172372,0.211619295246255,0.22437994660940092,21.924177169799805,0.05745675142226867,-0.008090632480579618
2005-08-22,0.20953347031498176,0.20991180899681205,0.22214843348180086,21.959941864013672,0.07782002657481585,0.0016312901477155695
2005-08-23,0.2115533213932369,0.2094849445483845,0.22036319322819592,21.63805389404297,0.15217145916379632,-0.014657960934686631
2005-08-24,0.2051748099894654,0.2094849445483845,0.21757377950505213,21.566524505615234,0.09397454751860881,-0.0033057218906098473
2005-08-25,0.20570636914207846,0.21289988859153747,0.21701590866103337,22.03147315979004,0.11395726098791233,0.021558812318310583
2005-08-26,0.2126163830048673,0.21439392838890026,0.2253841200789397,22.246065139770508,0.10062308912883625,0.009740246529320817
2005-08-29,0.21367947296329554,0.2175954259799731,0.2264998915185022,22.360515594482425,0.06950894642465523,0.00514475049824914
2005-08-30,0.21952642521445398,0.22357155671369122,0.2321902871832885,22.90414810180664,0.08711798702220158,0.024312163332153247
2005-08-31,0.22664906840764765,0.2250655965110539,0.23709964581553356,23.004291534423828,0.04004605441387051,0.004372283665476706
2005-09-01,0.22547967795741597,0.22719991875319162,0.23855015166211735,23.09728240966797,0.08868861024033438,0.004042327280759261
2005-09-02,0.22951940846072405,0.22698650075684423,0.24044693038269604,22.98998641967773,0.03357166815021222,-0.004645394557124427
2005-09-06,0.22537337746561248,0.2282670941021268,0.2387732880991148,23.233190536499023,0.052606202510417074,0.01057869771567721
2005-09-07,0.22941307962212276,0.2292275319971555,0.24301317791731736,23.24034309387207,0.06590328573087194,0.00030785945485223287
2005-09-08,0.23111402922496743,0.22858724955238063,0.23933115894313362,23.03290367126465,0.073559670781893,-0.008925833055456023
2005-09-09,0.22835001801049237,0.22997455189583688,0.24122796741523733,23.33333396911621,0.04837003496007328,0.013043526866583166
2005-09-12,0.23472850106746596,0.2381917423255991,0.2471414995170212,23.83404922485352,0.1042529380651986,0.02145922466116712
2005-09-13,0.23653575116211423,0.23573726463320765,0.2500425112101887,23.669527053833008,0.11227537185391591,-0.006902820811872434
2005-09-14,0.23547266120368604,0.23253576704213486,0.24624889426598118,23.340486526489254,0.04573190396945186,-0.01390144072568067
2005-09-15,0.23600419200950123,0.23509695373269995,0.2483688391750825,23.626609802246094,0.058787104764116256,0.012258668020142416
2005-09-16,0.23993759367420797,0.24406116406114353,0.25182772171226875,24.256080627441406,0.172268663647974,0.026642452322358734
2005-09-19,0.24504038578914644,0.24214025981535336,0.2556213089049512,24.07010078430176,0.055105654243585274,-0.007667349313196237
2005-09-20,0.24578454592536653,0.24886341044775284,0.2601959331301751,24.341917037963867,0.08017596140201504,0.011292692793350545
2005-09-21,0.24578454592536653,0.2438477460647962,0.2549518698424337,24.06294631958008,0.059593379516751165,-0.011460507319481006
2005-09-22,0.24238270341327267,0.2413932399166719,0.25238559255628745,24.0915584564209,0.07548021724266935,0.0011890537617804675
2005-09-23,0.24238270341327267,0.2432074351642885,0.25472870365391115,24.098712921142575,0.07178264122708566,0.00029696977614035447
2005-09-26,0.2455719449417595,0.2438477460647962,0.25617917974897003,24.034334182739254,0.053122218352103415,-0.0026714596175316796
2005-09-27,0.243445765024903,0.2413932399166719,0.2556213089049512,23.93419075012207,0.054784756892036594,-0.004166682207868422
2005-09-28,0.24291423421908787,0.24107311292215095,0.25149298730524744,23.769670486450195,0.0544477340454352,-0.00687385946696506
2005-09-29,0.2381303719263576,0.23680443998214296,0.2453562890149411,23.36909866333008,0.12976024613955647,-0.016852224491225365
2005-09-30,0.2337717399476391,0.23328278694081628,0.24691836308002357,23.42632293701172,0.10108105318833288,0.002448715481330632
2005-10-03,0.2352600318732812,0.2365909935300627,0.2491498762076237,23.597997665405277,0.09886702271759742,0.007328283181921247
2005-10-04,0.23749251228194113,0.2349902447345263,0.24357107851286108,23.218883514404297,0.06877201130074694,-0.01606552201489375
2005-10-05,0.22771215836607583,0.22421186761419887,0.230181910492686,22.360515594482425,0.07965349536230762,-0.036968526905669985
2005-10-06,0.21984535503666225,0.21631483263469053,0.2262767550815047,22.224607467651367,0.07647838538643136,-0.006078040833038534
2005-10-07,0.22027058535067395,0.22143723447155367,0.2311861137137497,22.75393486022949,0.06880587484035759,0.023817176224532943
2005-10-10,0.22431028750718418,0.22218422591450215,0.2321902871832885,22.42489242553711,0.04183920946373054,-0.014460902552177801
2005-10-11,0.21984535503666225,0.21876931032708197,0.22817353380208355,22.195993423461918,0.07144723092998954,-0.010207362324491043
2005-10-12,0.2146362624299203,0.21311330658788485,0.2182432483190947,21.766809463500977,0.07949546551079117,-0.019336100519262156
2005-10-13,0.20783252071213704,0.2076707493007679,0.2188011191631134,21.87410545349121,0.0407088122605364,0.0049293393306055755
2005-10-14,0.2381303719263576,0.23445667128792508,0.22292944076281718,22.12446403503418,0.047157397732110376,0.011445431772068693
2005-10-17,0.21399840278550375,0.2114058487941748,0.2225947361073209,22.06008529663086,0.041597327037940064,-0.0029098439763953765
2005-10-18,0.21314794215748029,0.21033867344523954,0.22226000170029964,21.924177169799805,0.03990898770592258,-0.0061608160169630555
2005-10-19,0.2120848521990521,0.21620809518078404,0.22203683551177716,22.30329132080078,0.07670736741617967,0.017292058354791973
2005-10-20,0.2179318044502106,0.21844915487682814,0.22527255186044093,22.04578018188477,0.05040345988621851,-0.011545880615200899
2005-10-21,0.21474256292172372,0.21610138618261038,0.22560728626746218,22.23891258239746,0.04166344156765613,0.008760515568933647
2005-10-24,0.21676241399997886,0.2169551150794654,0.22828513177210724,22.2961368560791,0.02933550059986842,0.0025731597023739283
2005-10-25,0.21686871449178236,0.21620809518078404,0.22817353380208355,22.30329132080078,0.04640111201413884,0.00032088360274529215
2005-10-26,0.21686871449178236,0.21674169708311808,0.22839669999060597,22.167381286621094,0.030193376936671956,-0.006093720977088823
2005-10-27,0.21367947296329554,0.2114058487941748,0.22337577313986212,21.866952896118164,0.0203036108208522,-0.013552723554416835
2005-10-28,0.21197855170724866,0.2125797331412837,0.21723907484955585,22.174535751342773,0.04507882141981759,0.014066104988921913
2005-10-31,0.21580565288015197,0.22421186761419887,0.22817353380208355,22.896995544433597,0.06008036946734265,0.03258060512257055
2005-11-01,0.2265427679158442,0.22794693865187293,0.2387732880991148,22.98283195495605,0.03473109124450121,0.0037488067094164634
2005-11-02,0.22749955738246896,0.23200216513980082,0.24055849860119488,23.376251220703125,0.031039965426938612,0.01711796294373702
2005-11-03,0.2348348015592695,0.23360294239107005,0.24658362867300238,23.39055824279785,0.025067082059419224,0.0006120323553870932
2005-11-04,0.23345281012543084,0.2333894959389899,0.2471414995170212,23.46208953857422,0.03749016344801786,0.003058126917445003
2005-11-07,0.23281495048101436,0.23285592249238868,0.2453562890149411,23.533618927001957,0.029280673916689245,0.003048721995120518
2005-11-08,0.23409064142304953,0.23445667128792508,0.24792253654956242,23.583690643310547,0.09373589019182889,0.0021276675068082618
2005-11-09,0.23600419200950123,0.2353104001847801,0.24892673977062613,23.626609802246094,0.06255240785892126,0.0018198660924058085
2005-11-10,0.23738621179013764,0.23520369118660645,0.2497077768031674,23.63376235961914,0.05566843402092444,0.0003027331230724961
2005-11-11,0.23462220057566252,0.2337096513892437,0.24769940011256492,23.555078506469727,0.042195582904395165,-0.0033292986513164813
2005-11-14,0.2349411303978708,0.23648428453188908,0.24859200536360487,23.533618927001957,0.07116987241508314,-0.0009110383334903771
2005-11-15,0.2562027594856483,0.2541992587366961,0.2668905320160251,24.678112030029297,0.34378587922649223,0.048632261216492
2005-11-16,0.2503558072344897,0.2504641592432892,0.26410111829288124,24.49928474426269,0.08718732665092818,-0.00724639249343717
2005-11-17,0.24982427642867455,0.25249180094298596,0.2639895500743825,24.864091873168945,0.12345517757395152,0.014890521609684404
2005-11-18,0.25609645899384476,0.2541992587366961,0.2686757425181051,24.97138786315918,0.10243559477275951,0.004315298967585424
2005-11-21,0.2540765795687918,0.2556932985340588,0.2687873107366039,25.021459579467773,0.0832172297689539,0.0020051635328794948
2005-11-22,0.2567342902914635,0.2632701780633133,0.27168829267824646,25.443490982055664,0.0781538243224067,0.01686677794504865
2005-11-23,0.26311280169523493,0.2631634690651396,0.2783828915640964,25.500715255737305,0.04804429996000877,0.0022490731999786906
2005-11-25,0.2652389532652935,0.26295002261305955,0.2801681020661765,25.529327392578125,0.015607866661506509,0.0011220131103728548
2005-11-28,0.26470742245947837,0.2616694292677769,0.2780481571570752,25.500715255737305,0.06572429273578699,-0.0011207556078871583
2005-11-29,0.26470742245947837,0.26337688706148693,0.278159725375574,25.386266708374023,0.06396983887405343,-0.004488052441491086
2005-11-30,0.2625812425426219,0.263056760066966,0.27782499096855273,25.50786781311035,0.04750248332623812,0.004790034948156219
2005-12-01,0.265345253757097,0.2664716756543862,0.28005653384767776,25.736766815185547,0.08066133880310125,0.008973662704867325
2005-12-02,0.26683357402953695,0.26369704251174086,0.2753703116524302,25.386266708374023,0.12168782331617581,-0.013618653396848424
2005-12-05,0.2636443325010501,0.2632701780633133,0.2719114588667689,25.035764694213867,0.10713617658062102,-0.013806756944081844
2005-12-06,0.2583289110557068,0.2564403184327402,0.27157672445974756,24.992847442626957,0.1449182114890927,-0.0017142376959961014
2005-12-07,0.2583289110557068,0.25473283218329723,0.26655579760900383,24.66380500793457,0.12093960034573062,-0.01316546405717589
2005-12-08,0.2535450487629766,0.2516380435903981,0.2638779521043588,24.735336303710938,0.1192528735632184,0.00290025386404702
2005-12-09,0.25513966952722,0.2585746406748778,0.26945677955064634,25.228899002075195,0.1941041964988325,0.01995374925588589
2005-12-12,0.26077402079477147,0.26380375150991453,0.27592821224797387,25.500715255737305,0.18627688120025285,0.01077400379777771
2005-12-13,0.26502632393488873,0.2654045287611838,0.2801681020661765,25.736766815185547,0.27346743295019155,0.009256664257491165
2005-12-14,0.2684281947937804,0.2654045287611838,0.27782499096855273,25.414878845214844,0.3170788343202136,-0.012506931126281873
2005-12-15,0.2636443325010501,0.2610291183672693,0.2753703116524302,25.18597984313965,0.050804984713030694,-0.00900649589829905
2005-12-16,0.26236864155901496,0.2594283695717328,0.2763745148734939,25.25035858154297,0.06518731375053213,0.0025561339604127653
2005-12-19,0.2606676919561702,0.2600686804722405,0.27313879852483014,25.071531295776367,0.06751744778564701,-0.0070821681675965475
2005-12-20,0.2583289110557068,0.25526643408563127,0.2677831372670651,24.90700912475586,0.05773410993717507,-0.006562110988738157
2005-12-21,0.2582226105639034,0.25868134967305145,0.27168829267824646,24.935623168945312,0.08634880090818788,0.0011488350145185677
2005-12-22,0.2567342902914635,0.25601345398431263,0.2711304218342277,25.08583641052246,0.058785492214611,0.006024042012482189
2005-12-23,0.2583289110557068,0.25633358097883363,0.2711304218342277,24.964235305786133,0.02021492059806236,-0.0048474008498804455
2005-12-27,0.2562027594856483,0.2531320833877609,0.26153487075826,24.30615234375,0.039641304488047785,-0.02636103024888592
2005-12-28,0.24982427642867455,0.24672908820561512,0.25774125381405244,24.248926162719727,0.05435420617412955,-0.0023543907822576315
2005-12-29,0.24769809651181812,0.24427461051322374,0.25617917974897003,23.94134521484375,0.040337925874324346,-0.012684312113946383
2005-12-30,0.24004392251280926,0.23829845132377275,0.2520508581492662,23.812589645385746,0.043730730033412026,-0.005377958853296838
2006-01-03,0.24131961345484448,0.23957907312478816,0.2490383079891249,23.962804794311523,0.07698795103009662,0.0063082239757525915
2006-01-04,0.24291423421908787,0.24224699726925986,0.25517500627943124,24.02718162536621,0.059069300927538475,0.0026865315478414864
2006-01-05,0.24185114426065968,0.249076856899833,0.25606761153047125,24.656652450561523,0.06938316756324418,0.026198279723775864
2006-01-06,0.25301351795716137,0.25249180094298596,0.26320851304184123,24.78540802001953,0.09052207902782615,0.005221940395849556
2006-01-09,0.2546081387214048,0.2525985099411597,0.2668905320160251,24.713876724243164,0.057247119986583585,-0.0028860245398659723
2006-01-10,0.2503558072344897,0.25473283218329723,0.26332008126034007,25.035764694213867,0.039960589290091206,0.01302458426746722
2006-01-11,0.2583289110557068,0.25558658953588514,0.2688988789551026,25.02861213684082,0.03776913451242953,-0.0002856935851733855
2006-01-12,0.25567122867983305,0.2531320833877609,0.2642126865113801,24.47782516479492,0.07984700130294,-0.022006292999170007
2006-01-13,0.24908011629245458,0.24672908820561512,0.25762968559555377,24.291845321655277,0.05754866674406905,-0.007597890821081865
2006-01-17,0.24418992516112303,0.24149997737057838,0.25439396924688995,24.14878463745117,0.04779435478669195,-0.0058892472889482406
2006-01-18,0.244934085297343,0.25025074124694185,0.2556213089049512,24.64949989318848,0.05508469110001677,0.020734594442520127
2006-01-19,0.25301351795716137,0.2574007563277689,0.26767153929704135,25.035764694213867,0.06197672768553995,0.015670289567705442
2006-01-20,0.2567342902914635,0.25473283218329723,0.2622043098207775,24.49928474426269,0.07520769637627875,-0.0214285425871239
2006-01-23,0.24982427642867455,0.25025074124694185,0.26376638388586005,24.49928474426269,0.02693602693602694,0.0
2006-01-24,0.2503558072344897,0.24993058579668803,0.2638779521043588,24.54935646057129,0.031089954461601975,0.0020438031898186715
2006-01-25,0.2512062678625132,0.2481164190048043,0.2639895500743825,24.513591766357425,0.022586980920314255,-0.0014568485439243606
2006-01-26,0.2523756583127449,0.24929027489618033,0.2587454570351162,24.399141311645508,0.04292284273127185,-0.004668857008094163
2006-01-27,0.24876118647024636,0.24939701235008682,0.26309691507181754,24.42060089111328,0.037001560947921106,0.0008795219140573796
2006-01-30,0.24876118647024636,0.249076856899833,0.26332008126034007,24.60658073425293,0.020961531019002284,0.007615694796737182
2006-01-31,0.2503558072344897,0.24747610810429654,0.2612001363512388,24.256080627441406,0.05733581020937343,-0.014244161372799713
2006-02-01,0.2453593156113547,0.25473283218329723,0.25974963050465505,25.007152557373047,0.05670207825380239,0.030964274132645242
2006-02-02,0.25301351795716137,0.2525985099411597,0.2622043098207775,24.513591766357425,0.02641194834681425,-0.019736784901170257
2006-02-03,0.24929271727606156,0.2503574502451155,0.2625390442277988,24.556509017944336,0.023659326341318683,0.001750753296210661
2006-02-06,0.2505684365648946,0.25462612318512357,0.26365481566736126,24.84978485107422,0.027901944089683557,0.011942895992079983
2006-02-07,0.2535450487629766,0.2513179165958771,0.2568486485630125,24.320457458496094,0.03981868493362747,-0.02130108553254706
2006-02-08,0.24822965566443117,0.2503574502451155,0.2627622104163213,24.70672416687012,0.031662409535972755,0.01588237840645923
2006-02-09,0.25779738024989163,0.2590015051233053,0.2728040641178089,25.128755569458008,0.09401808635525111,0.017081641408123183
2006-02-10,0.2583289110557068,0.2640171979619947,0.27336193496182765,25.658082962036133,0.11724686197866274,0.02106460827775658
2006-02-13,0.26045509097256325,0.25814777622645024,0.2624274760093,24.6423454284668,0.13469142252667157,-0.039587428845413886
2006-02-14,0.25386397858518484,0.2571873383314215,0.2659978970134601,24.89270401000977,0.0737144755343989,0.010159689639515967
2006-02-15,0.2535450487629766,0.25590671653040614,0.26332008126034007,25.02861213684082,0.06878329914728382,0.005459757476584226
2006-02-16,0.25715952060547514,0.25686718288116767,0.27001465039466516,24.87839698791504,0.04439348788007792,-0.006001737056153922
2006-02-17,0.2540765795687918,0.2562268719806599,0.2681178716740863,25.02861213684082,0.06405369144832745,0.0060379753968373695
2006-02-21,0.2575847509194869,0.2585746406748778,0.27246932971078763,25.13590812683105,0.0640085400621799,0.0042869332667589966
2006-02-22,0.2598172313281467,0.2594283695717328,0.2745892746198889,25.350500106811523,0.052077286272688574,0.008537267836024931
2006-02-23,0.2636443325010501,0.26860602635225667,0.27860602800109396,25.751073837280277,0.10483023078808519,0.015801413336264725
2006-02-24,0.26991651506622033,0.2683925799001764,0.28184174434975773,25.69384765625,0.03871892617103345,-0.0022222832877528687
2006-02-27,0.26736510483535214,0.27330156374069214,0.2828459178192965,26.173105239868164,0.07059096714269128,0.018652620270424247
2006-02-28,0.27161743632226715,0.2707403485943942,0.283961689258859,25.751073837280277,0.04396293716217088,-0.016124621007713946
2006-03-01,0.27002281555802377,0.2729814082904383,0.2856353315424403,26.258941650390625,0.03443276958602629,0.019722199404946794
2006-03-02,0.274806677850754,0.2718075239433294,0.28675110298200274,25.97997093200684,0.03844318020563232,-0.010623837095111388
2006-03-03,0.26970388573581555,0.2718075239433294,0.2849658924799227,25.9084415435791,0.025658887727853248,-0.002753251287884062
2006-03-06,0.27108590551645195,0.26903289080068404,0.2831806522263178,25.87982749938965,0.026320033025013873,-0.0011044293861258714
2006-03-07,0.26906605443819687,0.270206775147793,0.2835153866333391,26.00143051147461,0.053441503154146835,0.004698756670145077
2006-03-08,0.2726805262806954,0.27415529263754723,0.28675110298200274,26.15164566040039,0.04909729478694996,0.005777187868932554
2006-03-09,0.276826557275807,0.27383513718729335,0.28641636857498154,25.901287078857425,0.0574067623876053,-0.00957333946758332
2006-03-10,0.27108590551645195,0.2712739220409954,0.28173017613125895,26.022890090942383,0.03936878362165719,0.004694863684369555
2006-03-13,0.2732120570865107,0.2757560414330837,0.2889826161096029,26.416309356689453,0.06480352696827792,0.015118200337171928
2006-03-14,0.2776770179038304,0.2755425949810034,0.2896520849236453,26.351930618286133,0.06055445902189197,-0.0024370829980084885
2006-03-15,0.27597606830098576,0.28237248306730944,0.2892057822981253,26.84549331665039,0.08191267721919063,0.01872965990665465
2006-03-16,0.2845870317666193,0.2866411560073175,0.3009212782831942,26.99570846557617,0.07263729246487867,0.00559554436768761
2006-03-17,0.2875636723114992,0.2882419048028539,0.3025949503183004,27.12446403503418,0.10535269682779261,0.004769482883629328
2006-03-20,0.2888393632535344,0.2856806896565559,0.29980553659515663,26.981401443481445,0.0303514067881884,-0.005274301138925908
2006-03-21,0.28596905154725577,0.2837597854107657,0.29567721499545285,26.552217483520508,0.04937787840086691,-0.015906659291214265
2006-03-22,0.28044102911830554,0.2779971011291277,0.2935572700863516,26.53791046142578,0.06548079776049125,-0.0005388258853937788
2006-03-23,0.2811851892545255,0.27981126792101146,0.29199519602126905,26.60944175720215,0.038286762903621145,0.0026954381310593245
2006-03-24,0.2806536301019125,0.28141201671654786,0.29623508583947167,26.73104476928711,0.03165595933795168,0.004569919699726421
2006-03-27,0.28086625943231724,0.2774634992267937,0.29210676423976784,26.23748207092285,0.03694028406672085,-0.018464025728292532
2006-03-28,0.2758697678091823,0.27319482628678565,0.28686267120050163,25.94420623779297,0.036645187507256476,-0.01117774305999053
2006-03-29,0.2720426666362789,0.2769299257801925,0.2877552764515416,26.437768936157227,0.05290613671839726,0.019024004582775866
2006-03-30,0.2785274785318539,0.28141201671654786,0.29422670914886906,26.68097305297852,0.04849420127197905,0.009199116514278849
2006-03-31,0.282779810018769,0.2830127655120843,0.29902449956261545,26.85980033874512,0.053048041074861,0.006702427434393643
2006-04-03,0.28809520311731446,0.2905896734970717,0.30348755556934043,27.253219604492188,0.05957886657120374,0.014647140365357192
2006-04-04,0.2905403128563791,0.2888821872476287,0.30504962963442295,27.217453002929688,0.03260252589754506,-0.0013123807785486719
2006-04-05,0.2905403128563791,0.28994936259656395,0.3061653713224605,27.33905601501465,0.030340118941651513,0.004467832169008368
2006-04-06,0.29181600379841416,0.2926172867410356,0.30795061157606546,27.53934097290039,0.04449024085039411,0.0073259646483676555
2006-04-07,0.2942610851906811,0.29208368483870156,0.3029296549737967,27.081544876098636,0.04260355792922843,-0.016623349747266647
2006-04-10,0.28766997280330264,0.28674786500549115,0.29177202983274664,26.409156799316406,0.039870286517796096,-0.02482827622495276
2006-04-11,0.2806536301019125,0.2787441210278091,0.2895405167051465,26.444921493530277,0.027679412257956323,0.0013542535449218018
2006-04-12,0.2785274785318539,0.2771433437765398,0.2874205717960452,25.98712539672852,0.023531934930402364,-0.01731130481569998
2006-04-13,0.2705543747106368,0.27319482628678565,0.285746929512464,26.230329513549805,0.017771908097578594,0.009358638676207898
2006-04-17,0.27597606830098576,0.276503061331765,0.29009838754916534,26.36623764038086,0.029333888050363147,0.00518133509382146
2006-04-18,0.28044102911830554,0.28898892470153525,0.2951193143999091,27.174535751342773,0.07360482216804055,0.03065655866364403
2006-04-19,0.28937092240614737,0.294218035536572,0.30583063691543927,27.618024826049805,0.059393423378097714,0.016320023965271213
2006-04-20,0.29745032671916793,0.30222177951425405,0.3138641436778493,27.87553596496582,0.07017815446934221,0.00932402445641678
2006-04-21,0.3013837283838747,0.2989135729250076,0.31308310664530803,27.768239974975582,0.04303088354812493,-0.003849109488875402
2006-04-24,0.29734402622736444,0.2944314535329194,0.3092895194526255,27.48211669921875,0.032354193273733504,-0.010303975909697005
2006-04-25,0.2947926443432941,0.2972061151312975,0.311297896143228,27.80400657653809,0.04241972728562767,0.01171270324052176
2006-04-26,0.30032066677224434,0.2974195331276449,0.3124136378312656,27.75393486022949,0.029620921862301176,-0.00180088132876699
2006-04-27,0.2980881863635844,0.30318224586501563,0.3143104463033693,27.896995544433597,0.05759220558071133,0.005154609064428994
2006-04-28,0.29978910761963135,0.2969926686792173,0.31107472995470553,27.48211669921875,0.036158197556664995,-0.014871811000365276
2006-05-01,0.2960683352853293,0.2974195331276449,0.311297896143228,27.718168258666992,0.0394268354038469,0.0085892786946411
2006-05-02,0.2981944868553879,0.29848670847658004,0.3148683171473881,27.918455123901367,0.03012564985745063,0.0072258333727284185
2006-05-03,0.30032066677224434,0.297632979579725,0.3131946748638068,27.846923828125,0.0222531831727234,-0.0025621509305909784
2006-05-04,0.30010803744183956,0.3004076127223703,0.31464518071039055,27.796852111816406,0.03700801114594218,-0.001798105838104136
2006-05-05,0.3008521975780596,0.3000874572721165,0.3163188229939718,28.004291534423828,0.02442367480681657,0.007462694760290489
2006-05-08,0.3019152875364878,0.30222177951425405,0.31754616265203306,27.896995544433597,0.04071848755756802,-0.0038314124054286136
2006-05-09,0.3023405178504995,0.2989135729250076,0.3135294092708281,27.811159133911133,0.027850342505514922,-0.0030769051952475035
2006-05-10,0.2976629560495727,0.2973128241294712,0.31207893317576924,27.66094398498535,0.03605338183882245,-0.005401254518105247
2006-05-11,0.2944737145210859,0.2947516089831732,0.3087316486086067,27.66094398498535,0.04905053085129714,0.0
2006-05-12,0.2950052453269011,0.2926172867410356,0.2976855916860553,26.64520835876465,0.06776416785995329,-0.03672093138874999
2006-05-15,0.28331134082458415,0.2881351673489474,0.2984666287185966,27.160228729248047,0.06853174142446172,0.019328817532552334
2006-05-16,0.27161743632226715,0.27170081494515574,0.2699030821761664,24.928468704223636,0.20905736806119948,-0.08217014839131653
2006-05-17,0.2562027594856483,0.25686718288116767,0.2687873107366039,24.88555145263672,0.09031567269115161,-0.0017216160405250092
2006-05-18,0.2580100095802964,0.2606022539188417,0.2707956874272064,24.921316146850582,0.06211701949249842,0.0014371670357369304
2006-05-19,0.25779738024989163,0.2561201629824863,0.26834100811108386,25.021459579467773,0.08347201259078653,0.004018384583987844
2006-05-22,0.2575847509194869,0.25441270518877623,0.2638779521043588,24.63519287109375,0.07060225498922816,-0.015437417115786056
2006-05-23,0.25333244777936964,0.25601345398431263,0.2666673658275026,24.670957565307617,0.05578453758530388,0.0014517724460696435
2006-05-24,0.2518441275069297,0.2549462786353775,0.256625512126015,24.406293869018555,0.06482126501283589,-0.010727743160696468
2006-05-25,0.2519504279987332,0.24886341044775284,0.25640234593749256,24.256080627441406,0.07690732355483312,-0.006154692817487928
2006-05-26,0.24929271727606156,0.2525985099411597,0.2623158780392763,24.771100997924805,0.04085555426551595,0.02123262939276116
2006-05-30,0.25375767809338134,0.2509977611456232,0.2624274760093,24.37768173217773,0.05089206238631526,-0.01588218730285873
2006-05-31,0.2484422566480381,0.2541992587366961,0.2629853468533188,24.957080841064453,0.07928744662461137,0.023767604945056586
2006-06-01,0.25513966952722,0.25633358097883363,0.26901047692512636,25.05722427368164,0.06134299572996891,0.00401262604608843
2006-06-02,0.2592857005223316,0.26124256481934943,0.27202302708526765,25.407724380493164,0.0506018034753667,0.013987986178487732
2006-06-05,0.2615181809309915,0.25868134967305145,0.26566319235796376,24.563661575317383,0.061399434962653356,-0.03322071636701995
2006-06-06,0.2539702790769883,0.25057089669719573,0.2587454570351162,24.349069595336918,0.06320387785905027,-0.008736156021466157
2006-06-07,0.24822965566443117,0.24864999245140545,0.25774125381405244,24.248926162719727,0.04194886283008888,-0.004112823786760589
2006-06-08,0.2445088549833313,0.24107311292215095,0.2488151715521274,23.96995735168457,0.0602109859772695,-0.011504377932580079
2006-06-09,0.24248900390507616,0.24459476596347762,0.25394766662136997,24.1273250579834,0.04444508946424656,0.006565205936328811
2006-06-12,0.2445088549833313,0.2423537062674334,0.24189743622927984,23.319026947021484,0.10645729323890243,-0.03350135620170869
2006-06-13,0.23175186052258617,0.2309350182465984,0.23207871896478965,22.49642372131348,0.1609485661209799,-0.03527605279486479
2006-06-14,0.22058951517288228,0.22218422591450215,0.23263658980880852,22.832618713378903,0.09061883199814234,0.014944374991786136
2006-06-15,0.22686169773805243,0.23872534422793312,0.24011219597567485,23.87696647644043,0.08241901776384535,0.045739289749080925
2006-06-16,0.23940606286839278,0.23893876222428045,0.2517161534937699,23.85550880432129,0.04832165847491518,-0.0008986766447200978
2006-06-19,0.24131961345484448,0.23915220867636067,0.24267847326182107,23.14735412597656,0.036222699536875784,-0.029685163462807918
2006-06-20,0.23015723975834274,0.22976113389948954,0.24067009657121857,23.018598556518555,0.025052569113871798,-0.005562431401760604
2006-06-21,0.22824368917189108,0.2321089025937073,0.24178583825925615,23.36194610595703,0.022591818568830066,0.01491609268024896
2006-06-22,0.23238972016700266,0.23040141634426436,0.24100483097823988,23.08297538757324,0.021216313840834916,-0.011941244839729248
2006-06-23,0.22643646742404067,0.2227178278168362,0.21578856900297216,22.310443878173828,0.12853793361456195,-0.03346758797027982
2006-06-26,0.21899489440863873,0.21780884397632044,0.22940087346014476,22.48927116394043,0.054821845530657796,0.008015406898360666
2006-06-27,0.2115533213932369,0.21631483263469053,0.22181369907477966,21.773962020874023,0.07319039694518621,-0.031806684078465874
2006-06-28,0.20974607129858874,0.21012525544889227,0.21835481653759337,21.85980033874512,0.047591173549027956,0.003942246146512396
2006-06-29,0.21229748152945688,0.21780884397632044,0.22315260695133965,22.53934097290039,0.05211114981229924,0.03108631477071766
2006-06-30,0.2217589056231139,0.2238917121639451,0.2347565347179098,22.57510757446289,0.07899880026316808,0.0015868521446791295
2006-07-03,0.22367245620956555,0.2227178278168362,0.23408709565539226,22.78969955444336,0.013877601042352002,0.009505690250761756
2006-07-05,0.22292829607334558,0.22004990367236454,0.22928930524164598,22.410587310791016,0.047317040133132086,-0.016635245354887807
2006-07-06,0.21920749539224577,0.22133049701764712,0.2321902871832885,22.63233184814453,0.02453494072268019,0.009894633026718669
2006-07-07,0.22112104597869742,0.2173819795278929,0.22583045245598465,22.188840866088867,0.029703161887069937,-0.019595461264501735
2006-07-10,0.21771920346660362,0.21631483263469053,0.2234873413583609,21.99570846557617,0.026723170401331327,-0.008704032882035917
2006-07-11,0.2120848521990521,0.20831106020127566,0.2105444759637058,21.58798217773437,0.10903253479881832,-0.018536629019242468
2006-07-12,0.20708836057591706,0.2032953673625862,0.19391962134639185,20.386266708374023,0.14873511616806637,-0.05566594688964421
2006-07-13,0.18869704319441827,0.18888862820275854,0.19760164032057564,20.36480712890625,0.07926164583252705,-0.0010526488137702072
2006-07-14,0.18869704319441827,0.188461763754331,0.19693217150653314,20.52217483520508,0.04787659481146071,0.007727434161429514
2006-07-17,0.19082322311127464,0.18952891064753336,0.20117206132473575,20.629470825195312,0.04688810196473032,0.005228295287990958
2006-07-18,0.19273677369772635,0.19070279499464232,0.19168807846726688,20.24320411682129,0.05042603557929229,-0.01872402407444529
2006-07-19,0.1879528830581983,0.1960386432835856,0.19949841904115445,21.03004264831543,0.04193112478553092,0.03886926827163251
2006-07-20,0.19985941689092002,0.20094759866836842,0.20329203598536194,20.57939910888672,0.046575267360707974,-0.021428560415440168
2006-07-21,0.19348093383394632,0.1897423570996135,0.18945656533966682,19.928468704223636,0.0706377310783441,-0.03163019489631225
2006-07-24,0.18274379045145628,0.19347742813728752,0.19403118956489063,20.77253150939941,0.07178102867758039,0.04235462431676362
2006-07-25,0.19496922575958836,0.19945358732673857,0.20507724648744197,20.858369827270508,0.0512532734754957,0.0041322993219317095
2006-07-26,0.19539445607360018,0.19187667934175118,0.19302701609535183,19.89270401000977,0.11995433259801075,-0.0462963225437788
2006-07-27,0.183913180901688,0.18195203111827885,0.1895681335581656,19.69241714477539,0.07144723092998954,-0.010068357983590182
2006-07-28,0.17997977923698122,0.18184532212010518,0.1893449971211681,19.97138786315918,0.06282654127481713,0.014166403054172605
2006-07-31,0.18178702933162938,0.18579383960985935,0.1913533738117706,20.34334754943848,0.029696711689048853,0.018624628835407497
2006-08-01,0.1873150517605796,0.1836594889119889,0.1924691154998081,20.064376831054688,0.05177573951520312,-0.013713117652138451
2006-08-02,0.183913180901688,0.18611399506011322,0.19302701609535183,20.12160301208496,0.04618986802894849,0.002852128501778406
2006-08-03,0.18231856013744452,0.1836594889119889,0.19235754728130933,20.171674728393555,0.027261761936091443,0.0024884556304247685
2006-08-04,0.190397992797263,0.19070279499464232,0.1924691154998081,20.064376831054688,0.025616961440716235,-0.005319235947614964
2006-08-07,0.18327532125727153,0.18003112687248857,0.18979129974668807,19.84978485107422,0.02462846859398584,-0.010695172931976304
2006-08-08,0.18125547017901633,0.17800351362852473,0.18365460145638174,19.370529174804688,0.0384012539184953,-0.024144124476170092
2006-08-09,0.1778536276669226,0.18280576001513388,0.18577454636548307,19.513591766357425,0.028682418050234144,0.007385579932365438
2006-08-10,0.1753022174360544,0.1785370870751259,0.18499350933294179,19.88555145263672,0.04523201362281822,0.019061569532297762
2006-08-11,0.18019240856738594,0.17661618282933556,0.1852166755214642,19.45636558532715,0.0283534579511591,-0.021582799367259264
2006-08-14,0.17795992815872602,0.18931549265118608,0.18878709652562436,20.36480712890625,0.07809738508972225,0.04669122501810907
2006-08-15,0.2146362624299203,0.2211170790212998,0.2253841200789397,22.260372161865234,0.13252738109059947,0.09308043140110955
2006-08-16,0.22367245620956555,0.22570587895582883,0.22694619414402223,22.896995544433597,0.08441051640285356,0.028598955037192786
2006-08-17,0.22643646742404067,0.22623948085816287,0.23676491140851225,23.09012794494629,0.041368345008191754,0.008434835921503403
2006-08-18,0.22930677913031922,0.2255991699576551,0.23341762684134976,22.74678039550781,0.05751480320445838,-0.01486988509795717
2006-08-21,0.2232472258955539,0.21962303922393706,0.23096294752522722,22.403432846069336,0.022824025697588922,-0.015094336142018605
2006-08-22,0.21771920346660362,0.21716856153154557,0.22705779211404592,22.09585189819336,0.04329050401847337,-0.013729188289550054
2006-08-23,0.21367947296329554,0.2137536174883925,0.22337577313986212,21.84549331665039,0.020361662603041918,-0.01133056931665255
2006-08-24,0.2126163830048673,0.2120461596946825,0.22315260695133965,21.866952896118164,0.030156288298050754,0.000982334395324358
2006-08-25,0.2101713016126005,0.2085245066533558,0.2214789646677584,21.7954216003418,0.03561960602190487,-0.0032712054631562903
2006-08-28,0.20985237179039218,0.211619295246255,0.22226000170029964,22.03147315979004,0.026513538965646247,0.010830327753079017
2006-08-29,0.214529933591319,0.2168484060812918,0.22716936033254465,22.43204498291016,0.04191499929047822,0.018181799292986467
2006-08-30,0.2217589056231139,0.22378500316577143,0.23453339828091224,22.889842987060547,0.047934646593650425,0.020408215323175494
2006-08-31,0.22835001801049237,0.22538575196130783,0.2357607379389735,23.004291534423828,0.032465459189597125,0.004999970835447787
2006-09-01,0.2281373886800876,0.22538575196130783,0.23453339828091224,22.54649543762207,0.0415634634983294,-0.019900464924847094
2006-09-05,0.21942012472265054,0.2189827283234293,0.22728092855104354,22.582260131835938,0.03828353780461061,0.0015862640077619616
2006-09-06,0.21952642521445398,0.21588793973053022,0.22482624923492095,21.952789306640625,0.044893378226711564,-0.02787457152297612
2006-09-07,0.21102176224062397,0.2115125577923485,0.22103266204223843,21.773962020874023,0.04437091218700415,-0.008145993808290508
2006-09-08,0.21049023143480872,0.2104454108991461,0.2225947361073209,21.945636749267575,0.018686223667066577,0.007884404695340796
2006-09-11,0.21102176224062397,0.21610138618261038,0.22371047779535852,22.23891258239746,0.10402718113446083,0.01336374225458159
2006-09-12,0.21665611350817537,0.2189827283234293,0.22884300261612595,22.532188415527344,0.05928215746223409,0.01318750779937039
2006-09-13,0.22218413593712566,0.21930288377368318,0.23096294752522722,22.42489242553711,0.03516809216042933,-0.004761898312384716
2006-09-14,0.21686871449178236,0.2146073463852476,0.22594202067448338,22.174535751342773,0.04173116864687746,-0.011164230777278239
2006-09-15,0.21601825386375895,0.2125797331412837,0.22315260695133965,22.1173095703125,0.09718513358360101,-0.0025807160822660657
2006-09-18,0.215061492743932,0.215354366283929,0.2263883233000034,22.30329132080078,0.0464349755537495,0.008408877666473469
2006-09-19,0.2179318044502106,0.21706182407763908,0.22694619414402223,22.49642372131348,0.05255621347575371,0.008659367702047449
2006-09-20,0.22462921732939245,0.23008128934974337,0.2375459484410536,23.319026947021484,0.07138917914779984,0.036565955366881564
2006-09-21,0.23664205165391766,0.237658168878998,0.2491498762076237,23.66237449645996,0.07421275333152727,0.014723922667036149
2006-09-22,0.23653575116211423,0.23317604948690973,0.24200900444777862,23.233190536499023,0.04832972122244153,-0.0181378229824376
2006-09-25,0.2320707903447944,0.23520369118660645,0.24301317791731736,23.526466369628903,0.03465207631874299,0.012623140703346136
2006-09-26,0.23515373138147772,0.23605742008346148,0.24580259164046114,23.562231063842773,0.04334533070165254,0.0015201898003704972
2006-09-27,0.23653575116211423,0.23392306938559104,0.24122796741523733,23.08297538757324,0.08262058645200407,-0.020339995604447325
2006-09-28,0.22835001801049237,0.23349620493716355,0.24055849860119488,23.590843200683597,0.07860050053536644,0.022001834884066485
2006-09-29,0.23706728196792942,0.23520369118660645,0.2470299312985224,23.383405685424805,0.024228556316678924,-0.008793136959715842
2006-10-02,0.23175186052258617,0.231041727244772,0.24122796741523733,23.118741989135746,0.05525239624856484,-0.011318440942673647
2006-10-03,0.22718062756026064,0.2289074050026345,0.24044693038269604,23.06151580810547,0.043329205206599844,-0.0024753155278591787
2006-10-04,0.2280310881882841,0.2346700892842724,0.24145113360375975,23.63376235961914,0.04851355186604229,0.024813917535834396
2006-10-05,0.2353663607118825,0.23349620493716355,0.24546785723343995,23.533618927001957,0.029719287382122636,-0.0042373038661118745
2006-10-06,0.23334648128682955,0.237658168878998,0.24457525198239993,23.812589645385746,0.038720538720538725,0.011854135959671996
2006-10-09,0.23759881277374462,0.23957907312478816,0.24848043714510615,23.90557861328125,0.05428325399589768,0.00390503381951679
2006-10-10,0.24078808264902923,0.23989922857504203,0.25350136399584994,23.85550880432129,0.037619167408439444,-0.0020944822030847243
2006-10-11,0.23706728196792942,0.24043280202164324,0.24870357358210365,23.733905792236328,0.04926661248500329,-0.00509748138605759
2006-10-12,0.23929976237658934,0.24107311292215095,0.2529434931518312,24.020029067993164,0.02959028342170105,0.012055465217631012
2006-10-13,0.24238270341327267,0.25078431469354306,0.25651391415599123,24.678112030029297,0.05859037372447335,0.027397259186211054
2006-10-16,0.25301351795716137,0.25078431469354306,0.26443585269990255,24.54935646057129,0.033537804610601546,-0.005217399503711362
2006-10-17,0.24663500655338993,0.2504641592432892,0.26108853838121504,24.60658073425293,0.1045044957880207,0.002330988748057372
2006-10-18,0.2546081387214048,0.25601345398431263,0.26822943989258513,25.042919158935547,0.07794903053523743,0.01773259069982136
2006-10-19,0.2567342902914635,0.2558000075322325,0.26945677955064634,24.978540420532227,0.03987512416631191,-0.0025707361827405073
2006-10-20,0.2580100095802964,0.2551596966317248,0.26945677955064634,24.978540420532227,0.03512939097230285,0.0
2006-10-23,0.2592857005223316,0.2592149515753855,0.26856417429960633,24.88555145263672,0.03463917592270083,-0.003722754265460204
2006-10-24,0.25567122867983305,0.2541992587366961,0.2686757425181051,24.985692977905277,0.032092960253879796,0.004024083029027903
2006-10-25,0.25726584944407643,0.25526643408563127,0.2699030821761664,25.05722427368164,0.02759072203516648,0.002862890208393143
2006-10-26,0.25960463034453984,0.2598552340201603,0.2722461932737901,25.33619499206543,0.012363417056903648,0.011133344832484182
2006-10-27,0.26279387187302666,0.2595351070256393,0.2711304218342277,24.949928283691406,0.044701484835584455,-0.01524564791575811
2006-10-30,0.2562027594856483,0.25558658953588514,0.26945677955064634,24.964235305786133,0.01712850084497594,0.000573429387533686
2006-10-31,0.2583289110557068,0.26337688706148693,0.27302723030633136,25.46495056152344,0.05417843827805514,0.02005730396321237
2006-11-01,0.24663500655338993,0.24993058579668803,0.25718338297003374,24.38483619689941,0.06487609169601506,-0.04241572596084442
2006-11-02,0.24737916668960985,0.2438477460647962,0.2532781978073275,23.898426055908203,0.03771592037875563,-0.019947238401095135
2006-11-03,0.2427016048886831,0.2409663754682444,0.24993091324016498,23.555078506469727,0.054596088599920024,-0.014366952394071708
2006-11-06,0.23632312183170945,0.24523504840825244,0.24993091324016498,24.341917037963867,0.07290981333126927,0.03340419906807046
2006-11-07,0.2478043970036216,0.2468357972037889,0.25807598822107375,24.05579376220703,0.03358940619477018,-0.011754344380953907
2006-11-08,0.2411069841244397,0.24278057071586107,0.25439396924688995,24.08440589904785,0.035642181714978655,0.0011894073055187526
2006-11-09,0.24589087476396781,0.2466223792074415,0.26008436491167625,24.37768173217773,0.06724976456777222,0.012177000934097126
2006-11-10,0.24854855713984153,0.2484365459993253,0.2625390442277988,24.563661575317383,0.03712572725982688,0.007629102930413856
2006-11-13,0.2508873380403049,0.25633358097883363,0.26499372354392126,25.035764694213867,0.08495717068514003,0.01921957430690524
2006-11-14,0.23600419200950123,0.23797832432925176,0.24267847326182107,23.60515022277832,0.26373569668588825,-0.05714283102230078
2006-11-15,0.23706728196792942,0.23797832432925176,0.24993091324016498,23.705293655395508,0.06976372924648787,0.004242439962129696
2006-11-16,0.2390871330461845,0.24352759061454238,0.2510466846797274,24.07010078430176,0.06520666434459538,0.015389268498819941
2006-11-17,0.2419574447524631,0.2423537062674334,0.25439396924688995,24.14163017272949,0.04760568649457539,0.0029717112142038093
2006-11-20,0.24291423421908787,0.2438477460647962,0.25617917974897003,24.134477615356445,0.04188597339938337,-0.00029627482990457477
2006-11-21,0.244934085297343,0.24128653091849828,0.25606761153047125,24.05579376220703,0.06821729427093412,-0.0032602260717401466
2006-11-22,0.24291423421908787,0.2397924911211355,0.25439396924688995,23.90557861328125,0.08776461937381477,-0.006244447820374033
2006-11-24,0.23940606286839278,0.24085966647007073,0.2532781978073275,24.00572204589844,0.013139053368938428,0.0041891239796871815
2006-11-27,0.24185114426065968,0.23829845132377275,0.24490998638942113,23.32617950439453,0.05145322961414916,-0.0283075235231266
2006-11-28,0.23281495048101436,0.23221561159188092,0.24323634410583983,23.319026947021484,0.07388863088096805,-0.0003066321843102626
2006-11-29,0.23281495048101436,0.229654396445583,0.23665334319001352,22.918455123901367,0.1277300463124218,-0.01717789614593168
2006-11-30,0.22696799822985586,0.2243185766123726,0.23765751665955226,22.775392532348636,0.09127191454777661,-0.006242244111974715
2006-12-01,0.22611753760183245,0.22346484771551756,0.23631860878299232,22.868383407592773,0.04621889392004335,0.004082953789360966
2006-12-04,0.22643646742404067,0.23072157179451824,0.23988905953867729,23.33333396911621,0.06321194060657662,0.02033158851836747
2006-12-05,0.23706728196792942,0.24224699726925986,0.24825727095658368,23.7195987701416,0.08369454442251377,0.016554205307164782
2006-12-06,0.2390871330461845,0.23680443998214296,0.24981934502166614,23.655221939086918,0.03434730446224699,-0.0027140775726662847
2006-12-07,0.24025652349641624,0.24032609302346958,0.2527203269633087,23.76251792907715,0.04445798986028871,0.00453582681517517
2006-12-08,0.23919343353798805,0.240752957471897,0.25149298730524744,23.91273307800293,0.023589986712592076,0.0063215164897139076
2006-12-11,0.24078808264902923,0.24085966647007073,0.25394766662136997,24.012874603271484,0.02265470799953559,0.00418779087032406
2006-12-12,0.24238270341327267,0.2485432834532318,0.2536129322143487,24.220314025878903,0.08650844330920959,0.00863867512884764
2006-12-13,0.24620977623937812,0.24406116406114353,0.25796442000257497,24.20600891113281,0.04392584852354967,-0.0005906246603908372
2006-12-14,0.24504038578914644,0.24694253465769544,0.25941489609763374,24.36337661743164,0.05930957080382367,0.006501183523338172
2006-12-15,0.2479107258422229,0.24747610810429654,0.26108853838121504,24.37768173217773,0.04962137337616265,0.0005871564919230909
2006-12-18,0.24854855713984153,0.24726266165221633,0.2613117045697375,24.37768173217773,0.01702529767663867,0.0
2006-12-19,0.2445088549833313,0.24726266165221633,0.258410722628095,24.406293869018555,0.023073970870905743,0.001173702124556586
2006-12-20,0.24929271727606156,0.2541992587366961,0.2626506124462976,24.356224060058597,0.08710669917566469,-0.0020515121725841468
2006-12-21,0.24737916668960985,0.2482231280029779,0.26008436491167625,24.49928474426269,0.038539933175948504,0.0058736807417820724
2006-12-22,0.24854855713984153,0.2482231280029779,0.258410722628095,24.12017250061035,0.030159513397061292,-0.015474420890639329
2006-12-26,0.2445088549833313,0.24747610810429654,0.2582991544095963,24.463520050048828,0.012624650076757357,0.014234871223652634
2006-12-27,0.2518441275069297,0.2525985099411597,0.2658863287949613,24.8211727142334,0.024106002554278416,0.014619836534270902
2006-12-28,0.25322611894076835,0.26038883592249434,0.2680062737040626,25.293275833129883,0.07491259981681438,0.01902017782688259
2006-12-29,0.2609866217783785,0.26209629371620446,0.27090725564570517,24.928468704223636,0.030807758298179756,-0.014423087436875703
2007-01-03,0.2582226105639034,0.2598552340201603,0.2627622104163213,24.53504943847656,0.04944883057909878,-0.015781926696541104
2007-01-04,0.2508873380403049,0.2504641592432892,0.25617917974897003,24.613733291625977,0.03815775894319956,0.0032069979458049236
2007-01-05,0.2508873380403049,0.24832983700115158,0.2622043098207775,24.38483619689941,0.05174832617361353,-0.009299568335066066
2007-01-08,0.2474854955282112,0.24491489295799856,0.25863385906509256,24.29899787902832,0.026513538965646247,-0.0035201515063695288
2007-01-09,0.24854855713984153,0.24747610810429654,0.25807598822107375,24.32761001586914,0.022659545648051393,0.0011775027506593094
2007-01-10,0.24812332682582988,0.24448802850957113,0.25517500627943124,24.105865478515625,0.04004444186436524,-0.009114933082570387
2007-01-11,0.24589087476396781,0.24448802850957113,0.2549518698424337,24.105865478515625,0.0384867190422746,0.0
2007-01-12,0.24418992516112303,0.24448802850957113,0.25707181475153495,24.034334182739254,0.023102996762000595,-0.0029673813553852124
2007-01-16,0.24248900390507616,0.24331414416246216,0.25484027187241,23.991416931152344,0.061215604319052604,-0.0017856642609942464
2007-01-17,0.2416385432770527,0.23851189777585302,0.2483688391750825,23.51215934753418,0.05144516686662281,-0.019976210033508246
2007-01-18,0.2344095712452578,0.23114843624294573,0.2387732880991148,23.06867027282715,0.07319039694518621,-0.018862115901470466
2007-01-19,0.23015723975834274,0.2327491850384822,0.24345951029436236,23.46208953857422,0.047865306964923825,0.01705426715515901
2007-01-22,0.2335591106172344,0.2305081537981709,0.2453562890149411,23.29756736755371,0.06739328147374124,-0.007012255696578706
2007-01-23,0.23058247007235444,0.23253576704213486,0.2433479123243386,23.3977108001709,0.051712850084497594,0.004298450178822355
2007-01-24,0.23398434093124604,0.2333894959389899,0.2450215546079199,23.32617950439453,0.055621670085271614,-0.0030571920640990458
2007-01-25,0.23270864998921093,0.23200216513980082,0.24000062775717612,22.93276023864746,0.03334429866996917,-0.01686599666580424
2007-01-26,0.22643646742404067,0.22805364765004665,0.23977749132017856,23.15450668334961,0.03184462763006825,0.009669418002655084
2007-01-29,0.22920047863851578,0.2276267832016191,0.23899645428763722,22.8826904296875,0.03703219938852123,-0.011739237522066182
2007-01-30,0.22633016693223723,0.22357155671369122,0.2384385536920936,22.889842987060547,0.023786717752234995,0.0003125750180044129
2007-01-31,0.22643646742404067,0.22378500316577143,0.2387732880991148,22.889842987060547,0.04258259478565992,0.0
2007-02-01,0.22824368917189108,0.22805364765004665,0.23988905953867729,23.0257511138916,0.050177702955480734,0.005937486198917208
2007-02-02,0.22930677913031922,0.22570587895582883,0.2338639294668698,22.61087226867676,0.11263497039359108,-0.0180180374209179
2007-02-05,0.22260936625113736,0.22143723447155367,0.2314092501507472,22.768239974975582,0.048041074860998234,0.006959824655540903
2007-02-06,0.22771215836607583,0.22453199460871992,0.23709964581553356,22.889842987060547,0.04810880194021957,0.005340905235477811
2007-02-07,0.22696799822985586,0.23018799834791703,0.24044693038269604,23.29756736755371,0.06851239083039849,0.017812458596751846
2007-02-08,0.23122032971677092,0.2309350182465984,0.24301317791731736,23.36909866333008,0.04859740444031632,0.0030703332518737803
2007-02-09,0.23345281012543084,0.23317604948690973,0.24591415985895992,23.36194610595703,0.04458538127120503,-0.00030606903056440427
2007-02-12,0.23302757981141914,0.23082828079269196,0.24569102342196236,23.31187438964844,0.024314021440458224,-0.00214330244926908
2007-02-13,0.23345281012543084,0.23424322483584492,0.24580259164046114,23.590843200683597,0.04636079827650709,0.011966811693144397
2007-02-14,0.23547266120368604,0.237658168878998,0.24937304239614622,23.562231063842773,0.05644729543196977,-0.0012128492651757306
2007-02-15,0.236960981476126,0.24566191285668,0.2506003820542074,24.19885635375977,0.08354135221951313,0.027018888329888302
2007-02-16,0.24472148431373608,0.24128653091849828,0.24602575782898362,23.440629959106445,0.11857721532051033,-0.03133314994596914
2007-02-20,0.2315392595389792,0.23018799834791703,0.24178583825925615,23.24034309387207,0.08300598578376356,-0.008544431851182588
2007-02-21,0.22994463877473575,0.23317604948690973,0.24323634410583983,23.42632293701172,0.08181914934788498,0.0080024568651349
2007-02-22,0.23504743088967428,0.2349902447345263,0.24892673977062613,23.60515022277832,0.06702884528555027,0.007633604567282237
2007-02-23,0.23983129318240454,0.2377648778771716,0.24937304239614622,23.798282623291016,0.06273946360153257,0.008181790782518572
2007-02-26,0.23983129318240454,0.2372313044305704,0.2511582528982262,23.80543708801269,0.05818884889766116,0.0003006294544412036
2007-02-27,0.23600419200950123,0.23392306938559104,0.23598387437597101,22.96852684020996,0.08878052556213475,-0.0351562647099708
2007-02-28,0.2276058578742724,0.22538575196130783,0.2355375717504511,22.711015701293945,0.06000941728911078,-0.011211478241834882
2007-03-01,0.2174002736443954,0.2190894657773358,0.22661145973700103,22.48927116394043,0.056995562263761505,-0.009763743738721575
2007-03-02,0.21952642521445398,0.21770213497814683,0.22527255186044093,21.9742488861084,0.046763935652824544,-0.022900798966656755
2007-03-05,0.20942714147638047,0.2135401710363124,0.2204747911982196,21.952789306640625,0.03969290607221642,-0.0009765785205673172
2007-03-06,0.21410470327730724,0.2120461596946825,0.22203683551177716,22.05293273925781,0.0589612601106854,0.0045617634833716725
2007-03-07,0.21367947296329554,0.211939422240776,0.2246031127979234,22.017168045043945,0.048852187262148954,-0.001621765895571614
2007-03-08,0.21580565288015197,0.22250438136475598,0.22873143439762716,22.7038631439209,0.09284737541442521,0.031189074701708952
2007-03-09,0.2240976865235773,0.2227178278168362,0.2338639294668698,22.718168258666992,0.07531412464362655,0.0006300740387401582
2007-03-12,0.2232472258955539,0.22421186761419887,0.23620704056449354,22.98998641967773,0.05301740263426087,0.01196479213974655
2007-03-13,0.22473551782119605,0.22293124581318352,0.23520283734342978,22.653791427612305,0.05876452907104248,-0.01462354026349788
2007-03-14,0.22292829607334558,0.22346484771551756,0.23442180031088855,22.889842987060547,0.059654656397951415,0.010419958186801415
2007-03-15,0.225267076973809,0.2228245368150099,0.23375236124837107,22.67525100708008,0.03988479946334353,-0.009374986980110411
2007-03-16,0.22314089705695256,0.2218640989199811,0.23464496649941108,22.711015701293945,0.03987512416631191,0.001577256816372108
2007-03-19,0.22622383809363594,0.22463873206262647,0.2374343802225548,22.782546997070312,0.02304817007882142,0.0031496299732773902
2007-03-20,0.22537337746561248,0.22719991875319162,0.2378806828480748,22.93276023864746,0.04859740444031632,0.006593347161599761
2007-03-21,0.2280310881882841,0.22517230550922768,0.23855015166211735,22.954219818115234,0.04384360849878092,0.0009357608610762735
2007-03-22,0.22962570895252754,0.23114843624294573,0.23988905953867729,23.31187438964844,0.0688429634789788,0.015581212272392175
2007-03-23,0.2314329590471757,0.240752957471897,0.2451331525779436,23.76251792907715,0.06712076060735064,0.019331072735567556
2007-03-26,0.2372799112983342,0.23701785797849023,0.24457525198239993,23.84835433959961,0.05822755008578764,0.003612260736789441
2007-03-27,0.24025652349641624,0.24203355081717964,0.2529434931518312,24.05579376220703,0.05922894332856019,0.008698269895418997
2007-03-28,0.24004392251280926,0.2413932399166719,0.2529434931518312,23.9484977722168,0.048660293871021845,-0.0044602972178285905
2007-03-29,0.24514671462774773,0.2436342996127161,0.25640234593749256,24.113018035888672,0.07216804055884515,0.006869752968920562
2007-03-30,0.24429622565292652,0.24246041526560713,0.2568486485630125,24.098712921142575,0.04913760852458171,-0.0005932527701346668
2007-04-02,0.24376469484711133,0.24406116406114353,0.25651391415599123,24.291845321655277,0.04199723931524698,0.008014220557947871
2007-04-03,0.2483359561562346,0.2513179165958771,0.2622043098207775,24.713876724243164,0.06326676728975579,0.01737337764997471
2007-04-04,0.2548207397050118,0.2529186653914135,0.26856417429960633,24.89985656738281,0.04586090792987345,0.007525320499685462
2007-04-05,0.2562027594856483,0.2541992587366961,0.2699030821761664,24.828325271606445,0.051485480604254556,-0.0028727593503516946
2007-04-09,0.25641536046925517,0.25686718288116767,0.2705725509902088,25.07868385314941,0.05000838525742741,0.010083587145093276
2007-04-10,0.25641536046925517,0.25473283218329723,0.2706841192087076,24.97138786315918,0.03533257220996685,-0.00427837404141751
2007-04-11,0.2569469196218682,0.2541992587366961,0.26856417429960633,24.76394844055176,0.050022898202974835,-0.008307084241539364
2007-04-12,0.2545018382296013,0.2541992587366961,0.2680062737040626,24.94277572631836,0.03600500535366436,0.007221275161183982
2007-04-13,0.25939200101413507,0.2558000075322325,0.26488215532542253,24.656652450561523,0.06518086355251106,-0.011471188246901187
2007-04-16,0.25301351795716137,0.2548395696372038,0.2668905320160251,25.021459579467773,0.036488770205245304,0.014795484895515187
2007-04-17,0.2566279897996599,0.2632701780633133,0.2711304218342277,25.436338424682617,0.0791149038275475,0.016580921024898387
2007-04-18,0.26045509097256325,0.2616694292677769,0.2738082375873477,25.379112243652344,0.05635860520917992,-0.0022497806120845842
2007-04-19,0.26311280169523493,0.2615627202696032,0.2748124408084114,25.207439422607425,0.042495517112375356,-0.0067643351507638005
2007-04-20,0.26566418357930527,0.26273660461671217,0.2754819096224539,25.379112243652344,0.0634586606808829,0.006810402999162024
2007-04-23,0.2619434112450032,0.26113585582117577,0.2675599710785426,25.321887969970703,0.041347381864623244,-0.0022547783835880075
2007-04-24,0.2636443325010501,0.2614559828156967,0.27559347784095267,25.27897071838379,0.03543577537830412,-0.001694867761748653
2007-04-25,0.26236864155901496,0.2598552340201603,0.2752587434339314,25.157367706298828,0.07483358489105615,-0.004810441589559122
2007-04-26,0.2614118520923902,0.2588947961251316,0.2735851011503502,25.08583641052246,0.08981739489402324,-0.002843353748749222
2007-04-27,0.2567342902914635,0.2551596966317248,0.26901047692512636,24.828325271606445,0.05841944347691474,-0.010265200438283939
2007-04-30,0.25588382966344,0.2531320833877609,0.2661094949834838,24.58512115478516,0.05739869964007895,-0.009795429782749498
2007-05-01,0.25280088862675665,0.2652977913072773,0.2666673658275026,25.743919372558597,0.09091392855760672,0.047134126794729836
2007-05-02,0.2677903634961617,0.2713806594949019,0.28228804697527776,26.022890090942383,0.06368119251261013,0.01083637321678177
2007-05-03,0.2725742257888919,0.27148736849307564,0.28675110298200274,26.072961807250977,0.04965523691577332,0.0019241412515522693
2007-05-04,0.27374361623912363,0.2761829058815111,0.28797844264006406,26.466381072998047,0.060065856521795226,0.015089166649170593
2007-05-07,0.2790590093376691,0.279918005374918,0.29411514093037033,26.63090133666992,0.04565288904369364,0.0062161979462964645
2007-05-08,0.2801220992960974,0.28055828781969283,0.2954540488069304,26.709585189819336,0.04307442238476721,0.002954607211926197
2007-05-09,0.280547329610109,0.28141201671654786,0.29578878321395163,26.781116485595703,0.034663364165279875,0.0026781133165494353
2007-05-10,0.2795905684902821,0.2778903636752212,0.28429642366588026,25.75822639465332,0.06798992479069108,-0.038194452852350125
2007-05-11,0.2681092649715721,0.268819444348604,0.27871759621959274,25.901287078857425,0.08358489105615542,0.0055539803871667015
2007-05-14,0.2738499167309271,0.27330156374069214,0.28128387350573897,25.686695098876957,0.07303397964317504,-0.008284992916650635
2007-05-15,0.28309873984097716,0.29176355784418057,0.29935923396963665,27.024320602416992,0.1800347020653534,0.05207464402839879
2007-05-16,0.2845870317666193,0.2852538252081285,0.29980553659515663,27.05293273925781,0.052483648748016566,0.0010587550844203264
2007-05-17,0.28373657113859585,0.2866411560073175,0.3000286730321542,26.91702461242676,0.047607299044080655,-0.005023785337470055
2007-05-18,0.28575642221685094,0.2890956336997089,0.3018139132857592,27.18168830871582,0.05307867951546113,0.009832576226380896
2007-05-21,0.28596905154725577,0.29208368483870156,0.30237178412977794,27.410587310791016,0.07074254679618663,0.008421073756547992
2007-05-22,0.2939421553684729,0.2947516089831732,0.3091779512341267,27.567955017089844,0.08087097023878632,0.0057411285834387815
2007-05-23,0.2989386469916078,0.297099377677391,0.3123020696127668,27.596567153930664,0.050235754737670446,0.0010378766514629323
2007-05-24,0.28873306276173094,0.29581878433210845,0.30226021591127916,26.952789306640625,0.06202349162119277,-0.023328185846417604
2007-05-25,0.28713844199748745,0.29251057774286193,0.30125601269021546,27.446352005004883,0.058827418501748004,0.018312119489712897
2007-05-29,0.2955367761327163,0.29283070473738293,0.30795061157606546,27.410587310791016,0.039330082433530714,-0.001303076423684435
2007-05-30,0.291284472992599,0.2910165379454992,0.30705797657350054,27.38912773132324,0.03601790574970652,-0.0007828938221738913
2007-05-31,0.2921349336206225,0.29026951804681783,0.30795061157606546,27.30329132080078,0.040316962730755836,-0.003133959261663266
2007-06-01,0.292028633128819,0.2905896734970717,0.3051611978529216,27.381975173950195,0.034250551491930806,0.0028818449843617255
2007-06-04,0.29022138303417083,0.29347101563789063,0.3067232719180042,27.532188415527344,0.027368190203439245,0.005485843903622278
2007-06-05,0.29245386344283075,0.29272399573920926,0.30895478504560425,27.51788330078125,0.03566153230904189,-0.0005195778312350186
2007-06-06,0.2921349336206225,0.29208368483870156,0.30850848242008416,27.446352005004883,0.03938652166621515,-0.0025994476026554025
2007-06-07,0.291497073976206,0.2906963824952454,0.2985781969370953,26.65236091613769,0.04893603983642298,-0.0289288386566785
2007-06-08,0.282779810018769,0.28194561861888195,0.29500774618141035,26.84549331665039,0.05129358721312745,0.007246352438359693
2007-06-11,0.2836302706467924,0.2858941361086361,0.2973508572790341,26.9742488861084,0.025329927628778205,0.004796170736715455
2007-06-12,0.2842681302912089,0.28493366975787454,0.2967929566834904,26.802574157714844,0.0400573422604074,-0.0063643932818446824
2007-06-13,0.2883078324477191,0.29176355784418057,0.303710692006338,27.51788330078125,0.03659681102209838,0.02668807625929137
2007-06-14,0.2941547846988776,0.2972061151312975,0.310851593517708,27.78969955444336,0.027045680302385286,0.009877803851809697
2007-06-15,0.3006395965944526,0.2974195331276449,0.311297896143228,27.69670867919922,0.05457512545635151,-0.003346235358247074
2007-06-18,0.29872604600800085,0.2998740108200363,0.3149799151174118,27.825464248657227,0.03805133067585175,0.004648767871639148
2007-06-19,0.2988323464998044,0.3021150705160804,0.315760952149953,28.118741989135746,0.028601790574970656,0.010539904666376554
2007-06-20,0.3041477679451477,0.3016882060676529,0.31375257545935054,27.711015701293945,0.035081014487144756,-0.014500161066925865
2007-06-21,0.2980881863635844,0.29923372837526147,0.3106284273291855,27.99713897705078,0.03090773636750648,0.010325254001551265
2007-06-22,0.3000017369500361,0.2978463975760723,0.3071695745435243,27.646638870239254,0.04865868132151657,-0.012519140155672015
2007-06-25,0.297237725735561,0.2974195331276449,0.30806217979456424,27.525035858154297,0.04713159694002606,-0.004398473632028388
2007-06-26,0.29649356559934104,0.2941113265383984,0.30694640835500175,27.467811584472656,0.02862759136705497,-0.00207898997758027
2007-06-27,0.2921349336206225,0.29272399573920926,0.3061653713224605,27.532188415527344,0.028506650154159735,0.002343718969263664
2007-06-28,0.2955367761327163,0.2957120753339348,0.30739271098052173,27.525035858154297,0.03446502057613169,-0.0002597889156175093
2007-06-29,0.29734402622736444,0.2972061151312975,0.3083969142015855,27.49642372131348,0.03356521795219113,-0.0010394949887899685
2007-07-02,0.2976629560495727,0.3004076127223703,0.31185576698724676,28.040058135986328,0.03237354386779674,0.019771095331625244
2007-07-03,0.30297837749491596,0.30574343255558073,0.3181040334960519,28.383405685424805,0.027237573693512394,0.012244894349838331
2007-07-05,0.31020732117991306,0.3068106079045159,0.3194429711241368,28.30472183227539,0.048618367583884825,-0.0027721780120917305
2007-07-06,0.30606129018480155,0.3070240543565962,0.32167448425173695,28.48354721069336,0.03874633951262304,0.006317863834791604
2007-07-09,0.3072306806350332,0.3078777832534513,0.3246870344118782,28.526466369628903,0.031204445476476134,0.0015068052661442177
2007-07-10,0.31010102068810963,0.3073441813511172,0.32357129272384066,28.3977108001709,0.04078298953777881,-0.004513547797672102
2007-07-11,0.30616761902340284,0.3070240543565962,0.32357129272384066,28.533618927001957,0.03234290542719662,0.004785883192748086
2007-07-12,0.3104199505103179,0.3123598741898066,0.3263606766954595,28.898426055908203,0.054668653327657156,0.01278516860548029
2007-07-13,0.31350286320020343,0.3105457073979228,0.3280343487305657,28.583690643310547,0.05012771392081737,-0.010891091853540869
2007-07-16,0.3086127004156697,0.30809120124979855,0.32591437406993945,28.49785423278809,0.023296502702632976,-0.0030029855694140295
2007-07-17,0.30659284933741454,0.3070240543565962,0.32312499009832063,28.469242095947266,0.05268521743617529,-0.0010040102180010058
2007-07-18,0.3049982285731711,0.30531656810715324,0.3198892737496568,28.340486526489254,0.037557890527239186,-0.004522620202676242
2007-07-19,0.30925056006008617,0.3086248031521326,0.3247986323819019,28.526466369628903,0.037251506121237926,0.006562337698960086
2007-07-20,0.31020732117991306,0.3068106079045159,0.32212078687725687,28.168811798095703,0.042445528077711986,-0.012537640200469435
2007-07-23,0.3114830121219483,0.3109725718463503,0.32223235509575565,28.49070167541504,0.04748797038069069,0.01142717270527882
2007-07-24,0.3114830121219483,0.31257332064188675,0.31855033612157185,28.03290367126465,0.03843027980959016,-0.016068330270202824
2007-07-25,0.30935686055188966,0.30595687900766094,0.3152030515544093,28.004291534423828,0.0400783054039759,-0.0010206626176277878
2007-07-26,0.3051045290649746,0.3016882060676529,0.3056075004784417,27.49642372131348,0.07481262174748764,-0.01813535659297294
2007-07-27,0.2928790937568425,0.29304415118946314,0.3028180867552979,26.924177169799805,0.06396983887405343,-0.020811671994642178
2007-07-30,0.2845870317666193,0.2881351673489474,0.2985781969370953,27.246065139770508,0.05397203194138061,0.011955350313611612
2007-07-31,0.2928790937568425,0.29357772463606424,0.3057190686969405,27.28898429870605,0.0683253350877872,0.0015752424695225642
2007-08-01,0.290752913839986,0.2951784734316007,0.3048264634459004,27.2961368560791,0.1079811525213824,0.0002621041990702455
2007-08-02,0.3006395965944526,0.2974195331276449,0.30728114276202295,27.625179290771484,0.05454448701575138,0.012054542238972621
2007-08-03,0.2976629560495727,0.29603223078418867,0.3066116739479805,27.167381286621094,0.07737335036185611,-0.0165717658999347
2007-08-06,0.29298539424864595,0.2900560715947377,0.3021486179412554,27.403432846069336,0.05236915773314241,0.008688785899452434
2007-08-07,0.28809520311731446,0.2941113265383984,0.3040454264133592,27.39628028869629,0.05815337280854522,-0.0002610095389590228
2007-08-08,0.29341062456265765,0.29357772463606424,0.30605380310396174,27.525035858154297,0.06206058025981397,0.004699746392619941
2007-08-09,0.29978910761963135,0.301368050617399,0.27983336765915523,25.67238998413086,0.11190448546770386,-0.06730766432315438
2007-08-10,0.27533823700336707,0.2718075239433294,0.27648608309199263,25.572246551513672,0.06948798328108673,-0.0039008223495783367
2007-08-13,0.26895975394639343,0.2770366347783661,0.2845195898544028,25.98712539672852,0.06488576699304668,0.016223793415220733
2007-08-14,0.26683357402953695,0.2771433437765398,0.28228804697527776,25.98712539672852,0.05755189184307958,0.0
2007-08-15,0.22048321468107873,0.2341365158376713,0.23040507668120846,23.168811798095703,0.16942412632067805,-0.10845037900912313
2007-08-16,0.22962570895252754,0.23317604948690973,0.2374343802225548,23.44778251647949,0.1446956796573655,0.012040786589095465
2007-08-17,0.23547266120368604,0.25473283218329723,0.2470299312985224,24.19885635375977,0.1140604641562496,0.032031764059241574
2007-08-20,0.24472148431373608,0.24288727971403468,0.25216245611928995,24.034334182739254,0.07134886541016809,-0.006798758115482362
2007-08-21,0.24238270341327267,0.24448802850957113,0.2549518698424337,24.27754020690918,0.04034437607234542,0.010119108036060753
2007-08-22,0.2489737874538533,0.24929027489618033,0.2608654019442176,24.59227561950684,0.037172491195479704,0.012964056898486342
2007-08-23,0.25301351795716137,0.252811927937507,0.26376638388586005,24.778255462646484,0.039649367235574134,0.007562530853880034
2007-08-24,0.2550333690354165,0.2575074653259426,0.2680062737040626,25.1788272857666,0.028835610253234778,0.01616626415544009
2007-08-27,0.25960463034453984,0.25836122267853046,0.2719114588667689,25.13590812683105,0.03161242050130939,-0.0017045733881264624
2007-08-28,0.25779738024989163,0.257080600877515,0.2688988789551026,24.799713134765625,0.060872131274430134,-0.013375088354439013
2007-08-29,0.2581163100720999,0.2613492738175231,0.27258089792928647,25.47925567626953,0.03399093102158236,0.027401225885604452
2007-08-30,0.26343170317064535,0.2670052775567202,0.2758166142779501,25.629470825195312,0.031736586813215166,0.0058955862303970985
2007-08-31,0.27214899547488025,0.2711672130428217,0.28530059713541905,26.03719520568848,0.04247616651831212,0.015908419774798954
2007-09-04,0.2752319365115636,0.27266125284018444,0.2846311580729015,26.080114364624023,0.027134370525175124,0.0016483787365149105
2007-09-05,0.27012914439662505,0.2675388510033213,0.28295751578932027,25.865522384643555,0.038446405304642856,-0.008228184009482331
2007-09-06,0.26906605443819687,0.27159407749124925,0.28273434960079774,26.165950775146484,0.025684688519937562,0.011615013454408185
2007-09-07,0.26991651506622033,0.2703134841459667,0.2850774606984215,25.951358795166016,0.03750628894307056,-0.008201191763469118
2007-09-10,0.27353098690871885,0.2707403485943942,0.28184174434975773,25.822603225708008,0.03662906201220378,-0.00496141918711368
2007-09-11,0.27108590551645195,0.2707403485943942,0.28474272629140024,25.97281837463379,0.04067172362191519,0.005817196183234952
2007-09-12,0.27034174538023203,0.2707403485943942,0.2844079918843791,25.958511352539062,0.03214294928854316,-0.0005508459608950522
2007-09-13,0.27353098690871885,0.2707403485943942,0.28697426917052526,25.99427795410156,0.02220803178657585,0.0013778371601034234
2007-09-14,0.2714048353386602,0.27170081494515574,0.2841848554473815,25.865522384643555,0.030823883793232455,-0.004953227386632952
2007-09-17,0.2687471246159886,0.2680724244499225,0.28195331256825656,25.77253150939941,0.013916302230478477,-0.003595167105511554
2007-09-18,0.2704480458720355,0.2803448698233455,0.2860816341679603,26.60944175720215,0.03580343666550563,0.03247295468423461
2007-09-19,0.28224827921295376,0.28173217216680174,0.29623508583947167,26.65236091613769,0.04323406478578893,0.0016129297009368493
2007-09-20,0.2807599589405138,0.2788508300259827,0.29411514093037033,26.48068618774414,0.026352284015119264,-0.006441257828292635
2007-09-21,0.28086625943231724,0.2803448698233455,0.29132572720722655,26.402002334594727,0.06289910600255427,-0.0029713676070006745
2007-09-24,0.27714545875121743,0.2761829058815111,0.28842474526558404,26.15164566040039,0.029695099139543588,-0.009482488146980161
2007-09-25,0.2732120570865107,0.27564933243490997,0.2885363134840828,26.30185890197754,0.02647806287653031,0.005743930746377579
2007-09-26,0.2811851892545255,0.27767694567887385,0.29288780127230907,26.416309356689453,0.03567927035359986,0.004351420754648894
2007-09-27,0.2795905684902821,0.27831722812364873,0.29311093770930663,26.45207405090332,0.03426828953648877,0.001353886863261211
2007-09-28,0.2785274785318539,0.2777836546770476,0.29143729542572533,26.380542755126957,0.04251809280544913,-0.0027041847697353294
2007-10-01,0.2792716386680739,0.28141201671654786,0.29456144355589037,26.473533630371094,0.07343872956899776,0.0035249796074063866
2007-10-02,0.2785274785318539,0.2787441210278091,0.29456144355589037,26.466381072998047,0.03834965233432667,-0.00027017766018366807
2007-10-03,0.2789527088458656,0.2766097703299387,0.28931735051662405,26.34477806091309,0.021833920301353255,-0.004594621824176026
2007-10-04,0.27820854870964556,0.27959784992466413,0.29411514093037033,26.60944175720215,0.03633557800224467,0.010046153954196058
2007-10-05,0.28384289997719714,0.2860008451068098,0.29958237040663416,27.03147315979004,0.026284556935897936,0.0158602125681071
2007-10-08,0.2873510713278922,0.2866411560073175,0.30270651853679925,27.103004455566406,0.013930815176025903,0.0026462226218129103
2007-10-09,0.2892645935675461,0.2887754782494551,0.30538433428991923,27.2961368560791,0.02101313260317092,0.007125866832561778
2007-10-10,0.29096554317039075,0.2887754782494551,0.30337595759931674,27.08869743347168,0.018154082330327545,-0.007599589044455679
2007-10-11,0.29011508254236734,0.2893090516960563,0.2979087281230529,26.67382049560547,0.03078518260510598,-0.015315499716629932
2007-10-12,0.2836302706467924,0.28472025176152727,0.2975739937160316,26.90271759033203,0.011123366487351164,0.008581338948587147
2007-10-15,0.2892645935675461,0.2936844620899708,0.3024833523482767,27.310443878173828,0.038883406220570974,0.015155579969672761
2007-10-16,0.29628093626893626,0.30083447717079786,0.3075043089505454,27.39628028869629,0.050534076396145364,0.003142988481086517
2007-10-17,0.2960683352853293,0.29581878433210845,0.3065001057294817,27.446352005004883,0.04325019028084162,0.001827683020503068
2007-10-18,0.2950052453269011,0.29315086018763686,0.30728114276202295,27.48927116394043,0.007040391140008,0.0015637473033838223
2007-10-19,0.29458001501288933,0.29112324694367286,0.2981318943115754,26.68097305297852,0.03147374124385619,-0.029404130292919883
2007-10-22,0.2786337790236574,0.2770366347783661,0.28641636857498154,26.18025779724121,0.022079027826154264,-0.018766753923969426
2007-10-23,0.2789527088458656,0.2801314233712654,0.29232993042829025,26.70243263244629,0.023578698866055188,0.01994536643791589
2007-10-24,0.28033472862650205,0.27949111247075764,0.2892057822981253,26.39484977722168,0.05128229936659056,-0.011518907638806808
2007-10-25,0.2795905684902821,0.2774634992267937,0.2845195898544028,25.922746658325195,0.025679850871421758,-0.017886183209267603
2007-10-26,0.27544453749517045,0.27607619688333745,0.2782712935940727,25.77253150939941,0.0207309364397487,-0.005794723487664966
2007-10-29,0.2715111358304637,0.2706336395962206,0.28329225019634147,25.77253150939941,0.024133415895868003,0.0
2007-10-30,0.2676840346575604,0.2673254045512412,0.27860602800109396,25.65093040466309,0.018447566340286645,-0.004718244488011281
2007-10-31,0.2704480458720355,0.27490231253622865,0.28273434960079774,26.35908508300781,0.030120812208934818,0.027607368121663978
2007-11-01,0.27608239713958704,0.27671647932811233,0.28708583738902405,25.93705368041992,0.034761729685101335,-0.01601085171427097
2007-11-02,0.2726805262806954,0.27330156374069214,0.28251121316380023,25.765378952026367,0.021011520053665647,-0.0066188986038591135
2007-11-05,0.2637506329928536,0.2652977913072773,0.27503557724540895,25.529327392578125,0.03950101268108931,-0.009161579182970891
2007-11-06,0.26651464420732873,0.2680724244499225,0.27771342275005395,25.84406280517578,0.041421559141865655,0.012328386398819058
2007-11-07,0.26502632393488873,0.26721869555306754,0.2736966693688489,25.100143432617188,0.03938168401769935,-0.028784923568968
2007-11-08,0.261092922270182,0.2575074653259426,0.26365481566736126,25.021459579467773,0.045015931989112065,-0.0031347969528797703
2007-11-09,0.25248195880454843,0.24939701235008682,0.2541708328098924,23.88412094116211,0.06345382303236709,-0.0454545281298836
2007-11-12,0.23568526218729297,0.2437410086108897,0.24959617883314372,23.96995735168457,0.05469929176825728,0.0035938693634116614
2007-11-13,0.24472148431373608,0.24416787305931725,0.25528657449793,24.256080627441406,0.03277345614510366,0.011936745299913065
2007-11-14,0.24822965566443117,0.24929027489618033,0.2598611987231538,24.463520050048828,0.03284440832333553,0.008552058586610345
2007-11-15,0.2446151554751348,0.2541992587366961,0.2572949511885326,24.105865478515625,0.046326934736896426,-0.014619914501326603
2007-11-16,0.2582226105639034,0.27564933243490997,0.27258089792928647,26.266094207763672,0.13456241856624998,0.08961423646760802
2007-11-19,0.27342468641691536,0.2737284281891197,0.2815070099427365,25.60801124572754,0.07044906278622753,-0.025054465914525537
2007-11-20,0.2667272735377334,0.2752224679864824,0.2821764787567789,26.11587905883789,0.05556523085258718,0.019832380118744553
2007-11-21,0.27193636614447547,0.27725008123044637,0.2840732574773578,26.251789093017575,0.04384683359779146,0.00520411485569694
2007-11-23,0.27820854870964556,0.2762896148796848,0.2907678563632078,26.402002334594727,0.010691203219938853,0.005722019213429741
2007-11-26,0.2778896188874374,0.2821590366152293,0.2905446901746853,26.137338638305664,0.04398551285524466,-0.010024379701772501
2007-11-27,0.2739562172227306,0.2777836546770476,0.2889826161096029,26.34477806091309,0.047718564959944275,0.00793651662390027
2007-11-28,0.27990949831249035,0.28749488490417247,0.2940035727118715,27.145923614501957,0.04304539649367236,0.030410032369090345
2007-11-29,0.2891582930757426,0.2882419048028539,0.30047497565767417,26.802574157714844,0.061014035630893866,-0.012648287885245746
2007-11-30,0.29011508254236734,0.28674786500549115,0.3021486179412554,27.06008529663086,0.03385225176412916,0.00960770176031378
2007-12-03,0.2846933606052206,0.2887754782494551,0.3010328762532179,27.00286102294922,0.024004411935446418,-0.0021147115042081666
2007-12-04,0.28596905154725577,0.2882419048028539,0.30047497565767417,26.809728622436523,0.05972722112568856,-0.007152293986498526
2007-12-05,0.28937092240614737,0.2887754782494551,0.30147917887873793,27.06723976135254,0.036845143645909934,0.009605137841660616
2007-12-06,0.2884141329395226,0.2887754782494551,0.3011444444717167,27.145923614501957,0.04397745010771831,0.002906977358724472
2007-12-07,0.2895835233897544,0.2893090516960563,0.3040454264133592,27.188840866088867,0.01900712101861527,0.001580983288554716
2007-12-10,0.29064661334818254,0.28856206025310777,0.30460329725737806,27.103004455566406,0.02425435710876324,-0.003157045603570441
2007-12-11,0.2888393632535344,0.28557398065838224,0.2894289484866478,26.08726692199707,0.04751054607376447,-0.03747693489976622
2007-12-12,0.28554382123324407,0.2884553227992012,0.2908794245817066,26.53075790405273,0.0406233471367571,0.0170002853645701
2007-12-13,0.27778331839563397,0.27821051912547506,0.2908794245817066,26.437768936157227,0.035961466517022075,-0.003504949546929481
2007-12-14,0.27533823700336707,0.27564933243490997,0.2874205717960452,25.97281837463379,0.03721119238360618,-0.017586603568788828
2007-12-17,0.2698102145744169,0.2703134841459667,0.27760185453155517,25.350500106811523,0.03950746287911039,-0.023960367290368767
2007-12-18,0.26502632393488873,0.2652977913072773,0.27313879852483014,25.11444854736328,0.036538759239908666,-0.009311514899258966
2007-12-19,0.25949830150593856,0.26284331361488583,0.2743661381828914,25.39341926574707,0.04036050156739812,0.011107977061796781
2007-12-20,0.2649200234430853,0.2706336395962206,0.2802796702846752,26.051502227783203,0.03602113084871706,0.025915492322997835
2007-12-21,0.27693285776761045,0.2797045589228378,0.2912141589887278,26.6022891998291,0.05091463807938904,0.021142234610121546
2007-12-24,0.280547329610109,0.27917098547623664,0.29411514093037033,26.45207405090332,0.00874485596707819,-0.005646700094018464
2007-12-26,0.27746438857342565,0.2815187541704544,0.2934456721163279,26.802574157714844,0.02292077866790511,0.013250382791800464
2007-12-27,0.28267350952696546,0.28173217216680174,0.29723928906053537,26.566524505615234,0.033795812531444716,-0.008806976923582677
2007-12-28,0.28044102911830554,0.2815187541704544,0.29656982024649287,26.81688117980957,0.04437091218700415,0.00942376463814143
2007-12-31,0.282779810018769,0.27981126792101146,0.29132572720722655,26.2804012298584,0.03728214456183805,-0.02000530734182049
2008-01-02,0.27608239713958704,0.273941846185467,0.2858584977309627,25.965665817260746,0.03331527277887431,-0.011976050511742886
2008-01-03,0.27214899547488025,0.26913959979885776,0.283069084007819,25.708154678344727,0.03639201723492912,-0.009917370913124723
2008-01-04,0.26449479312907354,0.26380375150991453,0.27023781658318763,24.871244430541992,0.07105699394971425,-0.0325542715248911
2008-01-07,0.2619434112450032,0.26412390696016835,0.27391983555737137,25.27897071838379,0.07044261258820646,0.016393481596003623
2008-01-08,0.2621560122286102,0.26273660461671217,0.27503557724540895,25.24320411682129,0.08301404853128991,-0.0014148757068059847
2008-01-09,0.25715952060547514,0.2623097401682846,0.27023781658318763,25.30758285522461,0.0778861411045319,0.002550339414338465
2008-01-10,0.2615181809309915,0.2787441210278091,0.2749240090269101,26.444921493530277,0.09125256395371338,0.04494062687898581
2008-01-11,0.2764013269617952,0.28045157882151917,0.28429642366588026,25.751073837280277,0.0575567294915954,-0.026237463265669003
2008-01-14,0.2884141329395226,0.28493366975787454,0.28675110298200274,26.20886993408203,0.03589373943780074,0.017777747821102308
2008-01-15,0.26949128475220857,0.26903289080068404,0.28072597291019524,25.743919372558597,0.05389301701562238,-0.017740198745418323
2008-01-16,0.26630204322372175,0.2683925799001764,0.27336193496182765,25.51502227783203,0.0825657597688249,-0.008891307163219175
2008-01-17,0.2657704840711087,0.26679183110464,0.2754819096224539,25.28612327575684,0.07437562083155952,-0.008971146471389302
2008-01-18,0.26002986065855155,0.2564403184327402,0.25216245611928995,24.077253341674805,0.14969297057419662,-0.04780764219563238
2008-01-22,0.22611753760183245,0.23477682673817896,0.2316324163392698,23.49070167541504,0.10265812660448675,-0.02436123663842149
2008-01-23,0.22314089705695256,0.23936562667270805,0.23375236124837107,23.91273307800293,0.0998942167524543,0.017965891714064153
2008-01-24,0.2420637735910644,0.24427461051322374,0.2541708328098924,24.034334182739254,0.06040287936839662,0.00508520311499594
2008-01-25,0.24822965566443117,0.24459476596347762,0.2510466846797274,23.74105834960937,0.0532189713224196,-0.012202369780665911
2008-01-28,0.23887453206257758,0.23936562667270805,0.24870357358210365,23.977109909057617,0.044938529612859116,0.009942756383147122
2008-01-29,0.243445765024903,0.24032609302346958,0.2528318951818075,23.9484977722168,0.030586839015957795,-0.0011933104927716043
2008-01-30,0.2419574447524631,0.25377239428826853,0.2528318951818075,24.4492130279541,0.05170639988647652,0.02090800268558768
2008-01-31,0.24323316404129613,0.24544849486033266,0.25472870365391115,24.220314025878903,0.1280928699511075,-0.0093622237171187
2008-02-01,0.24769809651181812,0.25110447014379683,0.25963806228615627,24.64949989318848,0.13297728240256976,0.017720078560955033
2008-02-04,0.2518441275069297,0.2532388208416674,0.2659978970134601,24.64949989318848,0.03242514545196538,0.0
2008-02-05,0.2455719449417595,0.2503574502451155,0.2574065194070313,24.02718162536621,0.06691112917166557,-0.025246689406231648
2008-02-06,0.24769809651181812,0.2501440322487682,0.2568486485630125,24.05579376220703,0.0668401769934337,0.0011908236799031968
2008-02-07,0.2411069841244397,0.23872534422793312,0.24212057266627734,23.19027137756348,0.11582136821600422,-0.03597978903541044
2008-02-08,0.2284563185022958,0.22613277185998926,0.23776911462957595,22.889842987060547,0.11524891314163345,-0.012954932075249337
2008-02-11,0.22643646742404067,0.2227178278168362,0.23520283734342978,22.78969955444336,0.095129132964382,-0.004375016144662847
2008-02-12,0.22643646742404067,0.225919325407909,0.2375459484410536,22.782546997070312,0.07857953739179792,-0.00031385044616139
2008-02-13,0.22696799822985586,0.23509695373269995,0.23899645428763722,23.376251220703125,0.12709792690635602,0.026059607106666327
2008-02-14,0.23366541110903782,0.23157530069137328,0.22928930524164598,22.560800552368164,0.14212366319646014,-0.034883722827754315
2008-02-15,0.22016428485887052,0.21780884397632044,0.22292944076281718,21.924177169799805,0.074211140782022,-0.028218120234281052
2008-02-19,0.21516779323573548,0.21311330658788485,0.22504941542344342,22.12446403503418,0.07940677528800134,0.009135433621211053
2008-02-20,0.2116596218850404,0.21855586387500187,0.22404521220237966,22.55364799499512,0.06913160984042209,0.019398615002891306
2008-02-21,0.22197150660672088,0.2223976723665823,0.2338639294668698,22.61087226867676,0.08127894526361959,0.0025372513437444955
2008-02-22,0.22037688584247744,0.21823570842474793,0.2262767550815047,22.467811584472656,0.04157797644387683,-0.00632707497986662
2008-02-25,0.22027058535067395,0.22047676812079214,0.23096294752522722,22.532188415527344,0.06033837738818582,0.0028652915666773637
2008-02-26,0.22016428485887052,0.2217573614660746,0.2314092501507472,22.796852111816406,0.13859540487892977,0.011746027123875624
2008-02-27,0.22367245620956555,0.22741336520527172,0.23598387437597101,22.91130256652832,0.03807390636892553,0.0050204499353923016
2008-02-28,0.22345982687916077,0.2217573614660746,0.2305166448997072,22.639484405517575,0.04827005689074655,-0.011863933105569102
2008-02-29,0.21867596458643057,0.21663495962921153,0.22326417516983843,21.895565032958984,0.07136660345472605,-0.03285937785655957
2008-03-03,0.21187225121544517,0.21033867344523954,0.2209210938237396,21.988555908203125,0.037070900576647706,0.004247018750334286
2008-03-04,0.20942714147638047,0.2091647890981307,0.21701590866103337,21.824033737182617,0.06569204174568159,-0.007482172622310768
2008-03-05,0.20910824000097006,0.2098050999986384,0.21935901975865713,21.888412475585938,0.052069223525162224,0.0029499009751636773
2008-03-06,0.21059653192661215,0.2088446336478768,0.21868955094461456,21.559370040893555,0.039047886270108495,-0.015032722681893596
2008-03-07,0.2047495796754537,0.20831106020127566,0.21556543256597455,21.50929832458496,0.05621508830321092,-0.0023225036823255607
2008-03-10,0.2052811388280667,0.2030819493662389,0.21188341359179075,21.130186080932617,0.046817149786498445,-0.01762550492960624
2008-03-11,0.20676945910050665,0.2057498735107105,0.21143711096627077,21.70243263244629,0.060520595482281316,0.02708194567344835
2008-03-12,0.20889561067056528,0.21514094828758162,0.21924745154015834,21.766809463500977,0.05583775171897778,0.0029663417067098408
2008-03-13,0.204855908514055,0.20809764220492832,0.2141149267193908,21.81688117980957,0.0627426887005431,0.0023003700378116942
2008-03-14,0.2121911526908556,0.20841776919944932,0.21032133952670823,21.201717376708984,0.05695686107563503,-0.028196688519800395
2008-03-17,0.19326830450354154,0.2012677541186223,0.20507724648744197,21.223175048828125,0.0627910651857012,0.001012072358945515
2008-03-18,0.2051748099894654,0.20660360240756553,0.21188341359179075,21.7954216003418,0.05069694389617761,0.026963286605190318
2008-03-19,0.21112809107922526,0.21023196444706582,0.21032133952670823,20.99427795410156,0.0454255195634506,-0.036757428276940396
2008-03-20,0.20017834671312823,0.198493120975977,0.20663932055252449,21.21602249145508,0.08910142291368345,0.01056214163870317
2008-03-24,0.20230449828318686,0.20745733130442062,0.21311075324985201,21.709585189819336,0.031089954461601975,0.02326367718374356
2008-03-25,0.20836407986475008,0.20649686495365904,0.2177969456935746,21.68812561035156,0.023569023569023573,-0.0009884840857227184
2008-03-26,0.20730098990632184,0.2040423872612676,0.21645803781701461,21.45207405090332,0.031072216417044003,-0.010883907797710868
2008-03-27,0.2051748099894654,0.20180135602095634,0.2087592654616257,20.901287078857425,0.05102751654475793,-0.025675231716007496
2008-03-28,0.19783956581266487,0.19859982997415065,0.20976343893116456,21.15879821777344,0.06346994852741979,0.012320348404596615
2008-03-31,0.19996571738272345,0.20041402522176727,0.20976343893116456,21.33762550354004,0.042113342879626404,0.00845167499240973
2008-04-01,0.2042180488696385,0.21183271324260233,0.21656960603551334,22.09585189819336,0.04224395938955326,0.0355347128258261
2008-04-02,0.2155930235497472,0.2189827283234293,0.2273924967695422,22.33905601501465,0.04700743062812029,0.011006777106483678
2008-04-03,0.2155930235497472,0.2195163302257634,0.2285082682091047,22.51072883605957,0.03143504005572972,0.007684873565361849
2008-04-04,0.2206958156646857,0.2223976723665823,0.2321902871832885,22.682403564453125,0.02354322277693925,0.007626351400872977
2008-04-07,0.22345982687916077,0.22261111881866252,0.23453339828091224,22.582260131835938,0.021403369583446213,-0.004415027372766112
2008-04-08,0.21931382423084705,0.21812899942657427,0.23062821311820603,22.53934097290039,0.02732948901531277,-0.0019005696810232564
2008-04-09,0.2206958156646857,0.21834244587865448,0.22583045245598465,22.217453002929688,0.025702426564495534,-0.014281161563584166
2008-04-10,0.21580565288015197,0.2147140553834213,0.22616515711148094,22.131616592407227,0.044100003870118816,-0.0038634676311070093
2008-04-11,0.21304164166567685,0.20991180899681205,0.21757377950505213,21.552217483520508,0.03281054478372486,-0.026179701173998038
2008-04-14,0.20655682977010187,0.2078841957528481,0.21634643984699092,21.63805389404297,0.021232439335887615,0.003982718278900732
2008-04-15,0.20889561067056528,0.2062834469573117,0.20407307301790317,20.851215362548828,0.09708193041526375,-0.036363645979769044
2008-04-16,0.19815849563487314,0.20777748675467445,0.21020977130820956,21.745349884033203,0.05639246874879059,0.042881650107088776
2008-04-17,0.21059653192661215,0.20873792464970314,0.21623487162849203,21.523605346679688,0.035732484487273765,-0.010197331316169511
2008-04-18,0.21187225121544517,0.2152476572857553,0.22359890957685968,22.153076171875,0.04039114000799825,0.029245603376221396
2008-04-21,0.21282901233527207,0.211939422240776,0.22181369907477966,21.93132972717285,0.031962343743952945,-0.01000973602860955
2008-04-22,0.21027760210440394,0.2078841957528481,0.21712747687953216,21.566524505615234,0.025494407678315727,-0.016633976420755925
2008-04-23,0.20666313026190536,0.21407377293864643,0.21902428535163587,22.203147888183597,0.04365977785518016,0.029519053123399974
2008-04-24,0.21612455435556244,0.22004990367236454,0.22705779211404592,22.48927116394043,0.04515299869706,0.012886608565495505
2008-04-25,0.22154627629270912,0.22047676812079214,0.22817353380208355,22.55364799499512,0.03824483661648413,0.002862557465086457
2008-04-28,0.22218413593712566,0.21930288377368318,0.22426837839090213,21.93132972717285,0.048250706296683314,-0.02759279864438635
2008-04-29,0.21112809107922526,0.211619295246255,0.22159053288625719,21.85980033874512,0.05697459912019299,-0.0032615162563127686
2008-04-30,0.2120848521990521,0.2093782355502108,0.21768537747507583,21.60944175720215,0.0639875769186114,-0.011452921694770857
2008-05-01,0.20730098990632184,0.2136469084902189,0.21634643984699092,22.246065139770508,0.06412786872556987,0.02946042705412233
2008-05-02,0.21942012472265054,0.22410513016029238,0.23241345337181096,22.93991470336914,0.07207935033605531,0.031189765886201704
2008-05-05,0.22781845885787927,0.22410513016029238,0.23341762684134976,22.618024826049805,0.02629745733194009,-0.014031868970814432
2008-05-06,0.21952642521445398,0.2228245368150099,0.22962403964866718,22.76108741760254,0.029696711689048853,0.006325158481034432
2008-05-07,0.22431028750718418,0.22442528561054625,0.23631860878299232,22.711015701293945,0.03687255698749952,-0.0021998824304796383
2008-05-08,0.2285626189940993,0.22538575196130783,0.2338639294668698,22.87553596496582,0.026784447282531577,0.00724407335346533
2008-05-09,0.22197150660672088,0.22421186761419887,0.23330605862285098,22.81831169128418,0.05297063869860805,-0.002501548980941015
2008-05-12,0.22728692805206413,0.22698650075684423,0.2379922510665735,23.15450668334961,0.06486319129997291,0.014733561212324275
2008-05-13,0.23058247007235444,0.22794693865187293,0.24011219597567485,23.054363250732425,0.029685423842511965,-0.004325008258076912
2008-05-14,0.23122032971677092,0.23605742008346148,0.24245530707329865,23.26895523071289,0.05742127533315273,0.00930808531324967
2008-05-15,0.24950534660646628,0.26273660461671217,0.2626506124462976,25.27897071838379,0.19123869602796806,0.0863818537506944
2008-05-16,0.2626875713812232,0.2591082425772118,0.2688988789551026,25.100143432617188,0.0655098236515861,-0.007074152178061288
2008-05-19,0.2567342902914635,0.2745821570859747,0.2705725509902088,25.922746658325195,0.10119393165370176,0.03277284960208826
2008-05-20,0.26885342510779214,0.2652977913072773,0.2734735329318514,25.47925567626953,0.05336571332739915,-0.01710817869345016
2008-05-21,0.2649200234430853,0.2692463087970315,0.2792754968151364,25.53647994995117,0.047346066024226946,0.00224591622332726
2008-05-22,0.26555788308750183,0.268179161903829,0.27983336765915523,25.765378952026367,0.04056529535456739,0.008963608239029641
2008-05-23,0.2675777341657569,0.26721869555306754,0.28039123850317393,25.70100212097168,0.04505624572674381,-0.00249857885554694
2008-05-27,0.26587681290971005,0.2707403485943942,0.2805028364731976,26.051502227783203,0.058372679541261914,0.013637604680228455
2008-05-28,0.27363731574732014,0.2770366347783661,0.28675110298200274,26.430614471435547,0.0605528464723867,0.014552413919840301
2008-05-29,0.27884640835406216,0.27927769447441037,0.29009838754916534,26.559370040893555,0.054410645406813986,0.004871455773272304
2008-05-30,0.28139779023813244,0.28141201671654786,0.29411514093037033,26.745349884033203,0.04926016228698221,0.00700241921601652
2008-06-02,0.27884640835406216,0.2789575390241565,0.29132572720722655,26.39484977722168,0.06820600642439723,-0.013105085868432398
2008-06-03,0.28044102911830554,0.2808784432699467,0.29143729542572533,26.380542755126957,0.04852322716307391,-0.0005420383982283061
2008-06-04,0.27799594772603864,0.279918005374918,0.29099099280020535,26.459226608276367,0.06810925345408103,0.0029826472442124885
2008-06-05,0.2801220992960974,0.2840799408610195,0.29478460974441284,26.93132972717285,0.03811744520556781,0.017842665089417675
2008-06-06,0.28320504033278066,0.2801314233712654,0.2892057822981253,26.11587905883789,0.04859579189081105,-0.030278886211555944
2008-06-09,0.275550837986974,0.2766097703299387,0.28719740560752277,26.409156799316406,0.051496768450791444,0.01122986286687011
2008-06-10,0.27289315561110017,0.27511573053257593,0.2883131770470852,26.287553787231445,0.03020788988221939,-0.004604577609539917
2008-06-11,0.2704480458720355,0.27426200163572095,0.2860816341679603,25.92989921569824,0.033926429041371574,-0.013605471792013213
2008-06-12,0.27289315561110017,0.28119859872020053,0.2886479114541065,26.387697219848636,0.04767502612330199,0.01765521725874053
2008-06-13,0.2790590093376691,0.2793844034725839,0.2912141589887278,26.68812561035156,0.04039597765651406,0.011385168929289646
2008-06-16,0.2795905684902821,0.2838665228646722,0.2903215537376878,26.716737747192383,0.0982381284105422,0.001072092407633285
2008-06-17,0.2846933606052206,0.2844000963112734,0.2935572700863516,26.75965690612793,0.06798669969168053,0.001606452080402665
2008-06-18,0.2806536301019125,0.2822657456134029,0.29556561702542916,26.73819732666016,0.05098881535663145,-0.0008019377656092175
2008-06-19,0.2841618014526076,0.28674786500549115,0.2986897651555942,27.110157012939453,0.04984390520788989,0.013911172908744218
2008-06-20,0.28533119190283934,0.2842933873130997,0.29567721499545285,26.87410545349121,0.08863862120567101,-0.008707126238168827
2008-06-23,0.28660691119167225,0.28472025176152727,0.29623508583947167,26.523605346679688,0.060339989937691095,-0.01304229855829453
2008-06-24,0.27884640835406216,0.2766097703299387,0.2865279367934803,26.201717376708984,0.05675529238747629,-0.012135905574051198
2008-06-25,0.26789666398796513,0.2790642480223301,0.2834038184148402,26.4234619140625,0.04887476295522273,0.008462977222654322
2008-06-26,0.27501930718115886,0.2721276793935833,0.2792754968151364,25.53647994995117,0.05296418850058697,-0.033567969518758733
2008-06-27,0.26470742245947837,0.26508437331092993,0.27760185453155517,25.45779609680176,0.07228414412322458,-0.0030812333298723127
2008-06-30,0.2657704840711087,0.2652977913072773,0.277267120124534,25.42203140258789,0.05825012577886141,-0.0014048621521626226
2008-07-01,0.2587541413697186,0.26295002261305955,0.27258089792928647,25.443490982055664,0.0643084742701601,0.0008441331508066696
2008-07-02,0.26502632393488873,0.2661515202041323,0.27648608309199263,25.293275833129883,0.05095495181702078,-0.005903873373025781
2008-07-03,0.26396326232325834,0.26209629371620446,0.2688988789551026,24.84263229370117,0.07855696169872414,-0.0178167328898714
2008-07-07,0.2563090599774516,0.2623097401682846,0.2681178716740863,25.08583641052246,0.08383644877897752,0.009789788535531141
2008-07-08,0.2584352398943081,0.26561794675753114,0.2728040641178089,25.70100212097168,0.06685952758749693,0.024522431717332926
2008-07-09,0.27012914439662505,0.26721869555306754,0.2743661381828914,25.100143432617188,0.038265799760052635,-0.02337880388968172
2008-07-10,0.26056139146436674,0.25996197147406686,0.2717998906482701,25.30042839050293,0.04661880619735026,0.007979434795797768
2008-07-11,0.2586478408779151,0.2670052775567202,0.26934521133214756,25.529327392578125,0.04595604835068437,0.009047238194635376
2008-07-14,0.26949128475220857,0.26593810220778497,0.2735851011503502,25.13590812683105,0.03784653688868248,-0.015410482998523878
2008-07-15,0.2555648998412317,0.2574007563277689,0.26834100811108386,24.91416358947754,0.06134299572996891,-0.008821823195511058
2008-07-16,0.25513966952722,0.2594283695717328,0.2696799159876439,25.12160301208496,0.058148535160029415,0.008326164427010285
2008-07-17,0.2519504279987332,0.2580410672282766,0.2666673658275026,25.13590812683105,0.06079150379916664,0.0005694347904154906
2008-07-18,0.26002986065855155,0.2615627202696032,0.2701262186131639,25.443490982055664,0.052127275307351936,0.012236791035064476
2008-07-21,0.26651464420732873,0.26295002261305955,0.2743661381828914,25.27181625366211,0.023488396093760078,-0.006747294564045103
2008-07-22,0.2584352398943081,0.2564403184327402,0.26834100811108386,25.128755569458008,0.050621154069429936,-0.005660878615456499
2008-07-23,0.26088032128657507,0.2663649666562125,0.2748124408084114,25.751073837280277,0.054676716075183505,0.024765184495592285
2008-07-24,0.2675777341657569,0.2670052775567202,0.2789407624081152,25.529327392578125,0.05127746171807475,-0.008611153309697195
2008-07-25,0.2671525038517452,0.2683925799001764,0.2821764787567789,25.901287078857425,0.04812653998477753,0.014569897614593597
2008-07-28,0.27087327618604723,0.2697799106993655,0.28251121316380023,25.629470825195312,0.04407259052852923,-0.010494314542538352
2008-07-29,0.26343170317064535,0.26967317324545903,0.27871759621959274,25.84406280517578,0.03573893468529484,0.00837286034675011
2008-07-30,0.2715111358304637,0.2752224679864824,0.2856353315424403,26.258941650390625,0.029538681837532416,0.016053158837385118
2008-07-31,0.2743814475367423,0.2724478063881043,0.28474272629140024,25.793991088867188,0.035110040378239615,-0.017706370946466543
2008-08-01,0.2704480458720355,0.26828587090200273,0.27626291690347027,25.65093040466309,0.047492808029206496,-0.00554627950793718
2008-08-04,0.26630204322372175,0.26508437331092993,0.27670924928051516,25.27897071838379,0.029640272456364414,-0.014500826301867109
2008-08-05,0.2657704840711087,0.268179161903829,0.27882919418961644,25.81545066833496,0.046625256395371344,0.02122238108219432
2008-08-06,0.2677903634961617,0.2723410973899307,0.2815070099427365,26.20886993408203,0.03420378755627798,0.015239682266311672
2008-08-07,0.27363731574732014,0.2755425949810034,0.287532140014544,25.958511352539062,0.035134228620818664,-0.009552437101357114
2008-08-08,0.2715111358304637,0.2787441210278091,0.28686267120050163,26.466381072998047,0.047247700504405486,0.019564670468258827
2008-08-11,0.280547329610109,0.2787441210278091,0.29232993042829025,26.466381072998047,0.033984480823561286,0.0
2008-08-12,0.27693285776761045,0.27671647932811233,0.29255306686528787,26.444921493530277,0.040337925874324346,-0.0008108240944835199
2008-08-13,0.2773580880816222,0.2768232167820188,0.2834038184148402,26.14449119567871,0.03839802881948476,-0.0113606046410486
2008-08-14,0.27119220600825555,0.2725545438420108,0.28039123850317393,25.87982749938965,0.06163809228943328,-0.010123115202670618
2008-08-15,0.2764013269617952,0.273941846185467,0.2845195898544028,26.015737533569336,0.05040507243572378,0.005251581919659021
2008-08-18,0.2732120570865107,0.26967317324545903,0.27961023122215767,25.593706130981445,0.05916605389785467,-0.016222157916658042
2008-08-19,0.26513265277349,0.26284331361488583,0.2745892746198889,25.21459197998047,0.04460956951378407,-0.014812788310562652
2008-08-20,0.2611992511087832,0.2582544852246239,0.2680062737040626,24.89270401000977,0.03618561089825458,-0.012765940064636716
2008-08-21,0.2510999673707097,0.2530253743895871,0.26566319235796376,24.771100997924805,0.03843189235909543,-0.004885086491048352
2008-08-22,0.2555648998412317,0.2595351070256393,0.27046095302018514,25.30758285522461,0.027753589535198735,0.021657570139686166
2008-08-25,0.25949830150593856,0.25868134967305145,0.2703493848016863,24.87839698791504,0.033795812531444716,-0.016958785426675727
2008-08-26,0.2546081387214048,0.2530253743895871,0.26577476057646254,24.828325271606445,0.028937200872066776,-0.0020126584656123825
2008-08-27,0.2549270685436131,0.25654702743091384,0.2614232727882363,24.84978485107422,0.026848949262742366,0.0008643184440761953
2008-08-28,0.25726584944407643,0.26017538947041424,0.2711304218342277,25.40057182312012,0.023007856341189674,0.02216465757537911
2008-08-29,0.26130555160058666,0.2580410672282766,0.26912204514362514,24.864091873168945,0.029006540500793376,-0.021120782385806725
2008-09-02,0.2592857005223316,0.2622030027143781,0.2654400261694414,24.670957565307617,0.03779654785401912,-0.007767599510430601
2008-09-03,0.251418897192918,0.24939701235008682,0.25506343806093246,24.18454933166504,0.0535769573125895,-0.019715823042335656
2008-09-04,0.24259530439687965,0.23904547122245412,0.24145113360375975,23.018598556518555,0.05037443399512365,-0.0482105644871329
2008-09-05,0.22643646742404067,0.23253576704213486,0.23709964581553356,23.45493507385254,0.04329050401847337,0.018955824624276252
2008-09-08,0.2411069841244397,0.23893876222428045,0.24624889426598118,23.583690643310547,0.040529819265451454,0.005489487353198541
2008-09-09,0.2387682032239763,0.23509695373269995,0.24055849860119488,22.93276023864746,0.03352651676406466,-0.027600871064161536
2008-09-10,0.22973200944433098,0.2275200742034454,0.23765751665955226,22.811159133911133,0.049543970999909696,-0.005302506260515427
2008-09-11,0.22112104597869742,0.2227178278168362,0.22995877405568843,22.846923828125,0.05124198562895881,0.0015678595727606215
2008-09-12,0.22399138603177382,0.22378500316577143,0.2348681326879335,22.92560768127441,0.0408313660229369,0.0034439583088445858
2008-09-15,0.21952642521445398,0.22122378801947346,0.2264998915185022,22.05293273925781,0.041205477508159505,-0.03806550971948286
2008-09-16,0.21027760210440394,0.21727527052971923,0.2122181182472871,22.3319034576416,0.058063070036250115,0.012650050752078812
2008-09-17,0.21144699255463556,0.20895137110178336,0.21311075324985201,21.2804012298584,0.07772811125301546,-0.047085203900225414
2008-09-18,0.2051748099894654,0.2168484060812918,0.21087921037072704,22.43919944763184,0.07570436162390184,0.054453776752457994
2008-09-19,0.2265427679158442,0.2333894959389899,0.23698807759703477,23.540773391723636,0.07181489221719106,0.049091499305161435
2008-09-22,0.23472850106746596,0.231041727244772,0.22895457083462473,22.260372161865234,0.05407039746120206,-0.05439078863520086
2008-09-23,0.21867596458643057,0.21812899942657427,0.22359890957685968,22.074392318725582,0.060622186101113314,-0.008354749947004914
2008-09-24,0.21336054314108727,0.21268644213945737,0.2211442302607371,21.988555908203125,0.05924023117509707,-0.003888506160581451
2008-09-25,0.2149551639053307,0.21279317959336386,0.2238220757653822,22.017168045043945,0.09771727492034005,0.0013012285554481196
2008-09-26,0.21346687197968855,0.211939422240776,0.21913585357013465,22.12446403503418,0.09311344608279473,0.004873287507763058
2008-09-29,0.20910824000097006,0.2076707493007679,0.20239940098279696,20.793991088867188,0.10812144432834088,-0.060135827202872916
2008-09-30,0.19869002644068828,0.20244163846573116,0.20340360420386072,21.21602249145508,0.08499425932376123,0.020295834541058433
2008-10-01,0.19645754603202836,0.20052073421994093,0.2045193756434232,21.223175048828125,0.050243817485196796,0.0003371299863546007
2008-10-02,0.1979458663044683,0.1949714679346503,0.19570483184847193,20.128755569458008,0.06468581085439322,-0.05156718902106716
2008-10-03,0.18901597301662648,0.1937975835875414,0.19838267735311688,20.228899002075195,0.06412303107705405,0.004975142763874452
2008-10-06,0.18178702933162938,0.177896804630351,0.1697075625921879,19.30615234375,0.09342466813731182,-0.045615268444937795
2008-10-07,0.17604637757227432,0.17469527858354533,0.16245509286231907,17.961374282836914,0.07858921268882954,-0.06965541538101616
2008-10-08,0.14723684663049375,0.15858105317427473,0.1546447522884315,17.868383407592773,0.06647735335474798,-0.005177269499528125
2008-10-09,0.15202073727002186,0.15548629303710837,0.13645782360603503,16.2804012298584,0.09588380613284828,-0.08887106021351643
2008-10-10,0.11789579905629685,0.133609354890467,0.11324995319713231,16.080114364624023,0.12368738470271037,-0.012302329801740175
2008-10-13,0.13533034114456988,0.15441911768817324,0.13947037376617638,18.31187438964844,0.05823238773430344,0.13879005922583798
2008-10-14,0.1680732737510573,0.17458856958537167,0.15040486247022894,17.60371971130371,0.07247281241534115,-0.038671883788425565
2008-10-15,0.1447917652382269,0.14139968087180171,0.127978014218105,15.84406280517578,0.060101332610911155,-0.09995937989162706
2008-10-16,0.12108504058478367,0.12998099285096665,0.11235733307032987,16.60944175720215,0.07644129674781015,0.048306988014232166
2008-10-17,0.12937708840160791,0.133609354890467,0.12898220256340626,16.173105239868164,0.038209360527368195,-0.026270390282369438
2008-10-20,0.12927075956300663,0.1357436771326046,0.13210633581780878,17.06008529663086,0.03220100107073287,0.054842903920281794
2008-10-21,0.1352240406527664,0.13670414348336613,0.13523048394797382,16.258941650390625,0.04162957802804546,-0.04696011961900626
2008-10-22,0.12661307718713283,0.12251082231988578,0.1120226135390711,15.193133354187012,0.06136073377452688,-0.06555213242788205
2008-10-23,0.11332453774717355,0.10981151249803531,0.10320808461988225,14.821172714233398,0.09494368977127597,-0.02448215462092984
2008-10-24,0.09163766417198546,0.09860625670141401,0.09372408688665097,14.127325057983398,0.06806571461743875,-0.046814625915779895
2008-10-27,0.09301966977922302,0.09359057809059101,0.09205044460306967,13.53361988067627,0.06235728936878362,-0.0420253073296154
2008-10-28,0.09163766417198546,0.10693017035721633,0.09428197260643222,15.128755569458008,0.06828502135015545,0.1178646735201514
2008-10-29,0.11236776245394772,0.12026976262384165,0.11291521879011111,15.236051559448242,0.07307913102932259,0.007092188745969619
2008-10-30,0.12002195062635546,0.12283094931440677,0.1256349179962437,16.11587905883789,0.047157397732110376,0.057746424390645146
2008-10-31,0.12161658556399779,0.12859366205177755,0.1260812206217637,15.872674942016602,0.08724376588361263,-0.015090961897478161
2008-11-03,0.12151027089879543,0.1289138175020314,0.12875905125064624,16.45207405090332,0.04189081104789917,0.03650292789358334
2008-11-04,0.13586187195038507,0.14876311394897607,0.1443797323984214,17.625179290771484,0.06387308590373723,0.07130439823201207
2008-11-05,0.14372867527979866,0.14385415856419315,0.14214821927082133,16.63805389404297,0.039834810428680166,-0.0560065449799636
2008-11-06,0.13075907983544657,0.1306212752957415,0.12061397626973742,15.329041481018066,0.06304101035901802,-0.07867581277000046
2008-11-07,0.1147065433544111,0.12048318062018898,0.12005610542571866,15.62231731414795,0.05327541055510404,0.019132039892582053
2008-11-10,0.12225443103501538,0.12357796921308814,0.12128344508377993,15.529327392578123,0.04466278364745798,-0.00595237695534534
2008-11-11,0.1147065433544111,0.11279959209276078,0.1120226135390711,14.978540420532228,0.0404524168891985,-0.035467535593919575
2008-11-12,0.10471357428153996,0.10106074862167189,0.09729453764233596,13.855507850646973,0.04915212147012914,-0.0749761016998578
2008-11-13,0.09163766417198546,0.10639658268274871,0.0842401040291821,15.0,0.08018079905053084,0.08260196318243107
2008-11-14,0.10450095912453411,0.12005631617176146,0.102873350212861,14.842632293701172,0.09428899467213643,-0.01049118041992192
2008-11-17,0.09674045628692399,0.09540475911034116,0.09149257375905086,13.676680564880373,0.09703355393010565,-0.0785542419800832
2008-11-18,0.09068088887875964,0.08900174970032912,0.08591374631276337,13.59084415435791,0.05941438652166622,-0.0062761143038522205
2008-11-19,0.08706641703626108,0.08793458857926031,0.07955389670969705,12.61802577972412,0.051033966742779005,-0.07157895150477878
2008-11-20,0.06644261924610234,0.07139349872156214,0.062482724591100616,11.587983131408691,0.06687565308254963,-0.08163263146684974
2008-11-21,0.06219030193258618,0.06616437365865896,0.058912288711178054,12.367668151855469,0.06210250654695099,0.06728392780737469
2008-11-24,0.07228957149726079,0.08622711655768384,0.07453296985895326,13.311874389648438,0.07197775971722331,0.07634472611971832
2008-11-25,0.09248813897340782,0.08825474402951416,0.08479798974896334,13.26895523071289,0.09370202665221822,-0.003224125895367691
2008-11-26,0.07771129343440755,0.08131814694503448,0.07966547980395826,13.369098663330078,0.06504702194357366,0.007547198017926249
2008-11-28,0.08408979066478012,0.08249203129214341,0.08848000872314711,13.469242095947266,0.012843956809474052,0.007490664489736343
2008-12-01,0.08206992541312608,0.07779649390370783,0.07520242379723323,12.346208572387695,0.05349632983732601,-0.08337763294769773
2008-12-02,0.07260850131946908,0.07331440296735242,0.07196670744856946,12.61802577972412,0.05858876117496808,0.022016249421246803
2008-12-03,0.06931294512577985,0.07662260955659891,0.07241302494985195,13.018597602844238,0.06156391501219088,0.03174599815478252
2008-12-04,0.0762229731619676,0.07747635268132039,0.07520242379723323,12.525035858154297,0.047288014242037234,-0.03791205164695388
2008-12-05,0.07080126539821976,0.06776512245419541,0.06549528962700439,12.346208572387695,0.09958138214843196,-0.014277586730434666
2008-12-08,0.074096821591909,0.07395469963999371,0.0731940471066307,12.331902503967283,0.11747906910742159,-0.0011587418385599069
2008-12-09,0.06708047889051882,0.07448828731446133,0.06895415728842817,12.825465202331545,0.20287162815898446,0.04002324038853522
2008-12-10,0.0779239085914134,0.07576888065974388,0.07631819523679574,13.011445045471191,0.18594953365068306,0.014500826301866887
2008-12-11,0.07569144235615238,0.07779649390370783,0.08000021421097954,12.96852684020996,0.12643516905969013,-0.0032984964476463485
2008-12-12,0.07228957149726079,0.06936587124973181,0.06850785466290817,12.43919849395752,0.12981184772372512,-0.04081638205900262
2008-12-15,0.07122649571223152,0.06797855467840916,0.06404479865618314,11.78826904296875,0.09178631783995768,-0.05232889010533648
2008-12-16,0.06070198166014623,0.06221585616890482,0.06292902721662062,11.673819541931152,0.14043209876543208,-0.00970876221270689
2008-12-17,0.05846951542488524,0.05730688655625549,0.0611438167145406,11.680973052978516,0.19296089889959622,0.0006127823906878493
2008-12-18,0.06091459681715211,0.059654655250473254,0.062148005059841846,11.645207405090332,0.24375782086510056,-0.003061872305155533
2008-12-19,0.05910736089590282,0.06061510737336839,0.06270587590386063,11.645207405090332,0.32502547828218326,0.0
2008-12-22,0.059532591209914554,0.055172550086251465,0.05567657236251429,11.309012413024902,0.08387837506611452,-0.028869815742265992
2008-12-23,0.05666226533023705,0.052397916943606154,0.0541144982974318,11.173104286193848,0.05942728691770837,-0.012017683053785144
2008-12-24,0.05209101819451267,0.04908969612649325,0.05556500414401554,11.144492149353027,0.012374704903440536,-0.0025608045989667927
2008-12-26,0.05209101819451267,0.04898298712831961,0.05444923270445305,11.051502227783203,0.05947727595237174,-0.008344025041573833
2008-12-29,0.050602697922072726,0.04631506298384791,0.04753149738160546,10.722460746765137,0.07199711031128656,-0.02977346194536923
2008-12-30,0.046775610922568295,0.04279340994252129,0.04887042013392802,10.643776893615724,0.15514016280299806,-0.007338227204343073
2008-12-31,0.04486206033611667,0.05015687147542844,0.049316722759448026,11.180257797241213,0.09485499954848614,0.05040324585789424
2009-01-02,0.05209101819451267,0.055172550086251465,0.05589972367527431,11.616595268249512,0.059720770927667484,0.039027496406743634
2009-01-05,0.057619040623462875,0.06360317274022745,0.06136696802730056,12.010014533996582,0.10705071145684172,0.03386700290939504
2009-01-06,0.06803725418374465,0.08089128249660696,0.07129725351028947,12.96852684020996,0.18224228233806777,0.07980942100445665
2009-01-07,0.07601035800496175,0.07822337258000175,0.08022336552373953,13.040057182312012,0.152247248990544,0.0055156875552175855
2009-01-08,0.07930591419865096,0.0784368048042155,0.08145070518180082,13.125894546508787,0.09207980184991679,0.006582591088113432
2009-01-09,0.08090053496289437,0.08323905119082475,0.08390538449792333,13.247496604919434,0.1029499980649406,0.009264287319982412
2009-01-12,0.08674748721405287,0.0852666644347887,0.08781055478486711,13.247496604919434,0.13059393423378096,0.0
2009-01-13,0.0797311445126627,0.08782786535322024,0.08591374631276337,13.63376235961914,0.13818742985409652,0.029157641343064533
2009-01-14,0.0818573102561202,0.08078457349843327,0.08412853581068329,13.19742488861084,0.138937265374047,-0.03200418633528901
2009-01-15,0.08260147039234017,0.08761443312900646,0.08580217809426459,13.676680564880373,0.1392791258691642,0.03631433255461247
2009-01-16,0.0932322849362289,0.09444430698744602,0.09350093557389093,13.95565128326416,0.10722164170440032,0.020397545812405715
2009-01-20,0.09897293669558391,0.09508460366008734,0.08870316003590713,13.26895523071289,0.1129542551956345,-0.04920558980824963
2009-01-21,0.08621595640823765,0.08729429190661903,0.09015365100672838,13.77682399749756,0.08238354167472942,0.03827496271968234
2009-01-22,0.08727903219326696,0.08601368433347006,0.08870316003590713,13.519312858581545,0.0851297134822039,-0.018691618544505628
2009-01-23,0.08366456035076836,0.08451965876397374,0.08379380140366206,13.333333015441896,0.09151702207257763,-0.013756604724299737
2009-01-26,0.08494025129280355,0.08782786535322024,0.0903768023194884,13.526466369628906,0.08490395655146613,0.014485001909375184
2009-01-27,0.08727903219326696,0.08494652321240126,0.08702951775232583,13.37625217437744,0.09805752286595198,-0.011105205982601896
2009-01-28,0.08738534685846933,0.08793458857926031,0.09182729329030966,13.56223201751709,0.11191738586374601,0.013903733326432022
2009-01-29,0.0858970265860294,0.08238532229396972,0.08848000872314711,13.283262252807615,0.0653227679089748,-0.02056960567767563
2009-01-30,0.08440870631358949,0.0819584578455422,0.08323591568388082,12.932761192321776,0.06027871305649083,-0.026386670218135344
2009-02-02,0.07537251253394414,0.07576888065974388,0.08111597077477951,12.896995544433594,0.07737012526284556,-0.002765507485703478
2009-02-03,0.0779239085914134,0.07651590055842522,0.08089281946201955,13.025751113891602,0.06892681605325283,0.009983377059750831
2009-02-04,0.08036900415707915,0.08345248341503853,0.08591374631276337,13.218884468078612,0.05373498716410594,0.014827041642231142
2009-02-05,0.08005007433487094,0.08782786535322024,0.08234331043284081,13.819742202758787,0.13176303262510158,0.045454496264881294
2009-02-06,0.08919258277971862,0.09134951839454689,0.09584404667151468,13.80543613433838,0.060383528774333374,-0.0010351906866649108
2009-02-09,0.08972412775893274,0.0883614530276878,0.09138099066478965,13.61945629119873,0.06676761226569655,-0.013471493499365828
2009-02-10,0.08749164735027282,0.08483979998636115,0.08524429237448335,13.061516761779783,0.07642678380226273,-0.040966358530736824
2009-02-11,0.08292040021454841,0.07918381047503045,0.08479798974896334,13.1402006149292,0.06209928144794045,0.006024097705073395
2009-02-12,0.07856175406243099,0.08003755359975193,0.08323591568388082,13.326180458068848,0.09126062670123973,0.014153501045360617
2009-02-13,0.08366456035076836,0.08387934786346607,0.08781055478486711,13.21173095703125,0.05966110659597249,-0.008588319916401854
2009-02-17,0.074096821591909,0.07310095651527226,0.07531400689149449,12.625179290771484,0.11186255918056684,-0.04439627692748349
2009-02-18,0.05634334968142768,0.06499048931155013,0.05991647705647933,11.480687141418455,0.23277958383322367,-0.09065155614776954
2009-02-19,0.05740642546645702,0.053998665739142554,0.055788155456775554,11.130186080932615,0.11877233381064797,-0.030529623895189206
2009-02-20,0.049114391823031706,0.046101630759634166,0.04987460847922927,10.858368873596191,0.10668950036766128,-0.024421622905485885
2009-02-23,0.04922069231483517,0.04599490753359409,0.04161796527982166,10.214591979980469,0.09834616922739528,-0.059288545186668484
2009-02-24,0.039759268221178146,0.041726248821452455,0.04251057053086167,10.665236473083496,0.07676380664886412,0.04411771845475987
2009-02-25,0.0416728188076298,0.04044564124830352,0.04239898743660046,10.486409187316896,0.09728027400441193,-0.016767306211907917
2009-02-26,0.04401159970809321,0.04087250569673101,0.04061377693452038,10.164521217346191,0.09925242204935691,-0.030695728558830404
2009-02-27,0.034018630635222064,0.03329562616747647,0.036820174866075375,9.921316146850586,0.08000986880297224,-0.02392685944524031
2009-03-02,0.030829374933336318,0.027426204431932,0.023542604815923976,9.07009983062744,0.08808067907684765,-0.0857967132206906
2009-03-03,0.023281501426130974,0.020596330573492416,0.021422645031060214,9.07009983062744,0.1051769289317182,0.0
2009-03-04,0.02360041707494029,0.025932164634569266,0.024881512692483967,9.520744323730469,0.07893107318394674,0.049684623269670825
2009-03-05,0.0242382767193568,0.022410511593242588,0.02242683337636149,8.96995735168457,0.14747571500445064,-0.05785125125911228
2009-03-06,0.01871024011700767,0.020916486023746267,0.016959589024335184,9.048641204833984,0.10107137789130126,0.00877193168980206
2009-03-09,0.0191354846044183,0.01974260167663741,0.020641607998518982,8.898426055908203,0.08844511526503863,-0.016600851500834457
2009-03-10,0.021367950839679323,0.024971712511674127,0.023765756128683965,9.60658073425293,0.09758504586090792,0.07958201527949305
2009-03-11,0.030404144619324586,0.03020083757457731,0.032245550640851564,9.678112030029297,0.07781357637679476,0.007446072411728899
2009-03-12,0.029341068834295297,0.029453817675895944,0.028563531666667794,9.878397941589355,0.0739176567720629,0.02069472960620944
2009-03-13,0.03348708565600794,0.03212174182036759,0.03670860664757657,10.007153511047363,0.050243817485196796,0.013034053722003947
2009-03-16,0.0365700266926913,0.03329562616747647,0.03637387224055537,9.842632293701172,0.040242785453513424,-0.016440361104141044
2009-03-17,0.034018630635222064,0.035109807187226644,0.03570441830227532,10.314735412597656,0.048729633499748445,0.04796512810893172
2009-03-18,0.039865582886380535,0.04065907347251721,0.042287419218101654,10.39341926574707,0.07206806248951843,0.007628295831351606
2009-03-19,0.041460203650623945,0.04055236447434357,0.04407264459594416,10.543633460998535,0.05437033166918225,0.014452817827383946
2009-03-20,0.043054824414867354,0.040765796698557344,0.042287419218101654,10.321887969970703,0.08714701291329643,-0.021031221527956223
2009-03-23,0.04571252096414008,0.050797168148069755,0.05020932801048801,11.36623764038086,0.09579350336055316,0.10117816367010235
2009-03-24,0.05272886366553026,0.052611349167819926,0.05723864642759684,11.294706344604492,0.05270295548073326,-0.006293313411135926
2009-03-25,0.05634334968142768,0.05655986665757412,0.05623445808229559,11.416309356689451,0.05744868867474232,0.01076637217248666
2009-03-26,0.0568748946606418,0.06456362486312262,0.05924700824243685,12.260372161865234,0.12620618702994182,0.07393482243727045
2009-03-27,0.06474169799005544,0.06221585616890482,0.06371006424916188,11.595135688781738,0.0639182372898848,-0.05425907666593133
2009-03-30,0.054429799094976056,0.050477012697815904,0.05177140207557053,11.008584022521973,0.08091773417443915,-0.05058601141056529
2009-03-31,0.05124055756648921,0.04876955490410581,0.053221893046391786,10.994277954101562,0.09817201388082614,-0.0012995375600660664
2009-04-01,0.04698822607957415,0.05335836906650129,0.05043249419901048,11.444921493530272,0.08059522427338518,0.040988916353582816
2009-04-02,0.06048936650314038,0.06018824292494088,0.06337534471790308,11.673819541931152,0.08796457551246822,0.019999966669083324
2009-04-03,0.05315410815294089,0.05837404767732429,0.05801968346013807,11.77396297454834,0.0563118412735271,0.008578463309072193
2009-04-06,0.059638905875116915,0.05538598231046521,0.05846598608565805,11.430615425109863,0.0670643213746662,-0.029161595817881136
2009-04-07,0.052835178330732646,0.0491964193525333,0.05456081579871429,11.158798217773438,0.07168427570726421,-0.023779752640380125
2009-04-08,0.050496397430269235,0.05570613776071906,0.055230269736994284,11.587983131408691,0.06892197840473702,0.0384615713322658
2009-04-09,0.06091459681715211,0.06403003718865499,0.06616474356528441,12.160228729248049,0.06470193634944592,0.049382674392087544
2009-04-13,0.0649543131470613,0.0623225793949449,0.06817312025588691,11.931330680847168,0.06186868686868687,-0.018823498595082366
2009-04-14,0.06335969238281788,0.06018824292494088,0.06583002403402564,11.81688117980957,0.041626352929034924,-0.009592350098997615
2009-04-15,0.06080829632534862,0.058907635351791915,0.06259430768536185,11.702431678771973,0.04756053510842783,-0.009685254450484515
2009-04-16,0.06187137211037794,0.06253601161915864,0.06259430768536185,12.03147315979004,0.12072351871202444,0.028117359712079626
2009-04-17,0.06516692830406715,0.06467034808916267,0.06850785466290817,12.16738224029541,0.05840331798186204,0.011296129634364771
2009-04-20,0.06654893391130473,0.06274944384337242,0.06304061031088186,11.74535083770752,0.10004095875743385,-0.03468547254069365
2009-04-21,0.061658756953372085,0.060828539597582165,0.06493740390722315,11.874105453491213,0.059965878452468487,0.010962177082896263
2009-04-22,0.06091459681715211,0.06509721253759021,0.0652721383142444,11.988554954528809,0.05538785040700749,0.00963857879533525
2009-04-23,0.06421015301084132,0.059868087474687026,0.06192485374708183,11.73104476928711,0.07629616729233588,-0.021479668418621367
2009-04-24,0.06187137211037794,0.0633897405160137,0.06371006424916188,12.088698387145996,0.05432840538204523,0.030487789015625877
2009-04-27,0.06357230753982374,0.06488378031337644,0.06895415728842817,12.103004455566406,0.062054130061792896,0.0011834250439750615
2009-04-28,0.06399753785383547,0.06584421820840514,0.0663878948780444,12.188840866088867,0.07105054375169317,0.007092157227372109
2009-04-29,0.06920664463397636,0.07534201621131636,0.07375193282641195,12.896995544433594,0.08036624224363688,0.058098607252713874
2009-04-30,0.07866806872763338,0.08334577441686483,0.08479798974896334,13.061516761779783,0.07168105060825367,0.012756553786451352
2009-05-01,0.07983745917786506,0.08398607108950612,0.08569059500000335,13.454936027526855,0.05654404840228595,0.03012048852536675
2009-05-04,0.08621595640823765,0.08846817625372794,0.09205044460306967,13.891273498535156,0.05405749706515991,0.03242954631041117
2009-05-05,0.0920628944859972,0.08825474402951416,0.0900420827882296,13.397710800170898,0.07035392236541661,-0.035530413998133725
2009-05-06,0.08781057717248106,0.08708085968240528,0.09227359591582969,13.755364418029783,0.06096727169524104,0.02669512898086457
2009-05-07,0.09195659399419373,0.08782786535322024,0.09026523410098962,13.42632293701172,0.049314988970161386,-0.023920957018541356
2009-05-08,0.08781057717248106,0.0883614530276878,0.09350093557389093,13.8340482711792,0.049426254886025006,0.030367609663515704
2009-05-11,0.08897996762271276,0.08580025210925632,0.0900420827882296,13.476394653320312,0.03936072087413084,-0.025853142250775174
2009-05-12,0.08674748721405287,0.08580025210925632,0.09126942244629087,13.583690643310549,0.0401960215178606,0.00796177262171538
2009-05-13,0.0847276361357977,0.08270546351635713,0.08200857602581958,12.911301612854004,0.059619180308835486,-0.049499730825191546
2009-05-14,0.07717974845519343,0.07833008157817542,0.07631819523679574,13.111587524414062,0.06697724370138163,0.01551244929176332
2009-05-15,0.07781760809960994,0.07555544843553014,0.07542557510999325,12.625179290771484,0.10949372395732548,-0.037097585074032824
2009-05-18,0.07356527661269491,0.07192707216816335,0.07587187773551325,12.782546043395996,0.05119038404479018,0.012464516265487058
2009-05-19,0.07632928782717,0.07907710147685679,0.07665291476805451,13.1402006149292,0.05953371518505619,0.027979916545497696
2009-05-20,0.08345193102036363,0.08398607108950612,0.08836842562888587,13.333333015441896,0.05046634931692403,0.0146978273903422
2009-05-21,0.07994377384306744,0.07747635268132039,0.07799183752037704,12.64663791656494,0.06300553426990207,-0.05150213364367828
2009-05-22,0.0750535827117359,0.0722472276184172,0.07754553489485701,12.653791427612305,0.04950849491079377,0.0005656452801574563
2009-05-26,0.07399050692670661,0.07427484086238115,0.07698764917507579,12.911301612854004,0.04722834991034225,0.020350436998651356
2009-05-27,0.07856175406243099,0.07651590055842522,0.08178542471305957,12.796853065490724,0.0520063340944567,-0.008864214530418746
2009-05-28,0.07866806872763338,0.07544872520949003,0.07810340573887577,12.86122989654541,0.04182792161719365,0.005030676739447015
2009-05-29,0.07813652374841926,0.07576888065974388,0.08111597077477951,13.040057182312012,0.036064669685359346,0.01390436896043945
2009-06-01,0.08228254057013193,0.08622711655768384,0.08859157694164589,13.505006790161133,0.08436536501670601,0.035655488419160886
2009-06-02,0.08685380187925523,0.0925234027416558,0.09294306472987214,13.98426342010498,0.07580433969322858,0.03548732980223335
2009-06-03,0.09344491426663368,0.09038908049951819,0.09662508370405594,13.826895713806152,0.082004592540991,-0.011253199512287648
2009-06-04,0.09238182430820549,0.09700550790587759,0.09919133123867725,14.334763526916504,0.06249274352722629,0.036730429130469755
2009-06-05,0.10088648728203559,0.09828611547902655,0.10320808461988225,14.234621047973633,0.04350013545415844,-0.006985987508955627
2009-06-08,0.0961026108159064,0.09391071931297845,0.09662508370405594,14.048641204833984,0.03979449669104842,-0.013065317475811855
2009-06-09,0.09631522597291223,0.09305699041612339,0.10008393648971724,14.105865478515623,0.05791310293226002,0.0040732959755529485
2009-06-10,0.09801616140235808,0.09433759798927241,0.0965135006097947,13.912732124328612,0.05239173342621619,-0.013691705374701768
2009-06-11,0.09333859960143132,0.09572491456059504,0.09952606564569848,14.105865478515623,0.06604841518634622,0.013881770486279033
2009-06-12,0.0953584506796864,0.09113608617033311,0.0941704043879334,13.84835433959961,0.05064695486151425,-0.01825560716626884
2009-06-15,0.08961781309373035,0.08569354311108263,0.08926104575568837,13.512160301208496,0.0445176541919837,-0.024276822367966133
2009-06-16,0.08727903219326696,0.085159955436615,0.08937261397418712,13.283262252807615,0.05866293845221048,-0.016940151929696112
2009-06-17,0.08451502097879185,0.08121143794686081,0.08725266906508584,13.147353172302246,0.0618025723389708,-0.01023160409835644
2009-06-18,0.08121946478510261,0.08291889574057093,0.08557902678150454,13.390558242797852,0.044427351419688586,0.01849840551997728
2009-06-19,0.08834210797829622,0.0850532322105749,0.09149257375905086,13.512160301208496,0.09997645677722306,0.009081179156668062
2009-06-22,0.08568441142902353,0.08249203129214341,0.08747582037784586,13.161659240722656,0.056652089219139036,-0.025939676015721336
2009-06-23,0.08281408554934605,0.08067785027239321,0.08769897169060588,13.26895523071289,0.04914083362359225,0.00815216288674736
2009-06-24,0.08494025129280355,0.08483979998636115,0.09093468803926964,13.597996711730955,0.0793067972186746,0.024797843936985364
2009-06-25,0.08781057717248106,0.09540475911034116,0.09338936735539217,14.277539253234863,0.10531399563966613,0.049973724505880224
2009-06-26,0.09769723158014981,0.09945999982613546,0.10354280415114102,14.57796859741211,0.06862688184527264,0.021042095479385736
2009-06-29,0.10354418383130828,0.09999357327273664,0.10733640621958603,14.613734245300291,0.04107163589922211,0.0024534040973671623
2009-06-30,0.10375679898831414,0.10063388417324434,0.1057743321545035,14.527896881103516,0.07901976340673658,-0.005873746077213693
2009-07-01,0.10280002369508831,0.10479583388721231,0.10856374587764735,14.749642372131348,0.06788833417185908,0.01526342682926507
2009-07-02,0.10099278777383902,0.09679207568166384,0.0980755746748772,14.105865478515623,0.09040113781493092,-0.043646949354657294
2009-07-06,0.09546476534488882,0.09124280939637322,0.09796399158061596,13.98426342010498,0.048066875653082555,-0.008620673335914986
2009-07-07,0.09418906022945472,0.09134951839454689,0.09428197260643222,13.583690643310549,0.04879736057896978,-0.02864453884775464
2009-07-08,0.08823580748649279,0.08569354311108263,0.08926104575568837,13.454936027526855,0.0656485029090393,-0.009478618084334811
2009-07-09,0.08674748721405287,0.08419950331371989,0.09126942244629087,13.505006790161133,0.06143652360127456,0.003721367573345624
2009-07-10,0.0858970265860294,0.08483979998636115,0.0917157250718109,13.56223201751709,0.046486577137918136,0.0042373342157553395
2009-07-13,0.08802319232948691,0.08825474402951416,0.09205044460306967,13.869813919067385,0.044467665157320334,0.02267929800589008
2009-07-14,0.09089350403576552,0.09038908049951819,0.09762925717359473,13.94134521484375,0.029011378149309187,0.005157336370463339
2009-07-15,0.09546476534488882,0.10202120074456697,0.10075340530375972,14.706724166870115,0.06210250654695099,0.05489993542455607
2009-07-16,0.10396941414532002,0.10436896943878479,0.11101842519376982,14.899856567382812,0.057134241521214706,0.013132251500831638
2009-07-17,0.10779651531822332,0.1054361305598536,0.1120226135390711,14.992846488952637,0.03775139646787157,0.0062409944115426885
2009-07-20,0.11087945635490667,0.11279959209276078,0.11771299432809491,15.42203140258789,0.0414247842408762,0.02862597932630706
2009-07-21,0.11683270909786866,0.1144003408882972,0.12228763342908118,15.36480712890625,0.08548931202187907,-0.003710553570266839
2009-07-22,0.11417501254859591,0.11183913996986566,0.11849403136063617,15.37911319732666,0.0957967284595637,0.0009310932640016478
2009-07-23,0.11417501254859591,0.11888244605251902,0.12094871067675868,15.822604179382324,0.079297121921643,0.02883722724225457
2009-07-24,0.11842732986211205,0.11909587827673276,0.12630437193452376,15.92990016937256,0.04839906085116814,0.006781183980450578
2009-07-27,0.11683270909786866,0.12613918435938612,0.1248538809637025,16.20886993408203,0.10963401576428396,0.01751233603119684
2009-07-28,0.12586891705091285,0.1361705415810321,0.13433787869693375,16.659513473510742,0.13506553401189417,0.027802279940636332
2009-07-29,0.13331049006631474,0.13072801274964801,0.13333367547587005,16.187410354614258,0.1042416502186617,-0.02833834971514304
2009-07-30,0.1294833888934114,0.13318249044203945,0.13801989767111755,16.566524505615234,0.08525065469509914,0.023420308912655008
2009-07-31,0.132885259752303,0.13232876154518441,0.13902407114065635,16.60944175720215,0.04852806481158972,0.0025906007969485056
2009-08-03,0.13724389173102153,0.1374511633820475,0.14482603502394142,17.131616592407227,0.05375111265915864,0.03143843380399303
2009-08-04,0.13979527361509186,0.14107952542154784,0.14728071434006396,17.288984298706055,0.053077066965955856,0.00918580598917762
2009-08-05,0.14383500411839995,0.14161309886814905,0.1443797323984214,16.831188201904297,0.048676419366074544,-0.026479062557539623
2009-08-06,0.1361808017725933,0.13382277288681432,0.14103244783125884,16.64520835876465,0.07339035308383966,-0.01104971561773671
2009-08-07,0.13766912204503323,0.13563696813443088,0.1449376032424402,16.9742488861084,0.04445798986028871,0.019767882759514466
2009-08-10,0.1378817230286402,0.13606383258285842,0.1439334297729014,17.045780181884766,0.049543970999909696,0.00421410668927491
2009-08-11,0.13830695334265192,0.13851831027524986,0.14482603502394142,17.08869743347168,0.06817214288478655,0.002517763993725719
2009-08-12,0.1409646640653236,0.14502804291130206,0.1496238254376877,17.439199447631836,0.0681221538501232,0.02051075077692155
2009-08-13,0.1471305461386903,0.1458817718081571,0.1546447522884315,17.589412689208984,0.04010733129507076,0.008613539975170559
2009-08-14,0.14744947596089852,0.14513475190947572,0.14761544874708515,17.195993423461914,0.060957596398209433,-0.022366822173001344
2009-08-17,0.14011420343730013,0.1363839880331123,0.14259452189634136,16.852645874023438,0.08302049872931098,-0.019966717884994045
2009-08-18,0.14691791680828553,0.15868779062818128,0.15241323916083144,18.175966262817383,0.29290671723621914,0.07852300455880945
2009-08-19,0.15361535803426524,0.15217805799212902,0.16156248761127906,18.06151580810547,0.11410561554239715,-0.006296801669688712
2009-08-20,0.15350902919566395,0.15260492244055662,0.16312456167636158,18.111587524414062,0.06431976211669697,0.00277228759981063
2009-08-21,0.15839922032699555,0.15452582668634685,0.16424033311592406,18.276107788085938,0.06976856689500367,0.009083701991893678
2009-08-24,0.15882445064100714,0.1559131574855359,0.16546767277398539,18.24034309387207,0.0415634634983294,-0.0019569097878259223
2009-08-25,0.1573361303685673,0.15548629303710837,0.1643519013344228,18.12589454650879,0.06105112426951508,-0.006274473389797697
2009-08-26,0.15669829907094868,0.1548459821366006,0.16345929608338283,18.226037979125977,0.06655798083001148,0.005524882226376926
2009-08-27,0.1573361303685673,0.1540989622379193,0.1643519013344228,18.26895523071289,0.14961234309893312,0.0023547219442900946
2009-08-28,0.15914338046321547,0.15922136407478238,0.16881495734114788,18.476394653320312,0.08089515848136537,0.01135475017524179
2009-08-31,0.15680459956275206,0.1559131574855359,0.16524450658546286,18.36909866333008,0.10652663286762903,-0.005807193015924694
2009-09-01,0.1574424308603708,0.16220944366950796,0.16714131505756658,18.49070167541504,0.14114968329527716,0.006619977077465977
2009-09-02,0.1623326219917023,0.15836763517792735,0.1613393214227566,18.040058135986328,0.13707315814595508,-0.02437135958057668
2009-09-03,0.15701720054635904,0.15377880678766548,0.16178565379980153,18.09012794494629,0.09594347046454325,0.0027754793572467573
2009-09-04,0.1559541389347286,0.15783406173132625,0.16345929608338283,18.49785423278809,0.06480352696827792,0.022538607194080296
2009-09-08,0.16116323154147066,0.1631698815645366,0.17082333403175037,18.89127349853516,0.08425732419985293,0.021268373120257422
2009-09-09,0.16594709383420087,0.1713870719942988,0.17472848944293168,19.42060089111328,0.07429015570778022,0.028019677583894342
2009-09-10,0.17413282698582272,0.17875053352720605,0.18343143526785932,19.928468704223636,0.08831933640362759,0.02615098348181144
2009-09-11,0.18263748995965284,0.1817385846661987,0.1924691154998081,20.064376831054688,0.09039307506740457,0.006819797790195814
2009-09-14,0.18242486062924812,0.18195203111827885,0.1912417758417469,20.100143432617188,0.07063611852883883,0.0017825921962919544
2009-09-15,0.18019240856738594,0.18408635336041645,0.1913533738117706,20.257511138916016,0.06621128268637846,0.00782918325067583
2009-09-16,0.18742135225238304,0.18824831730225083,0.1989405481971357,20.47925567626953,0.0642971864236232,0.01094628732191727
2009-09-17,0.19018536346685816,0.18878189074885193,0.1972669059135544,20.379112243652344,0.07975669853064489,-0.004889993767362766
2009-09-18,0.19124845342528646,0.1878214528538233,0.19325015253234934,20.293275833129883,0.09142833184978778,-0.004211979869201521
2009-09-21,0.1916736837392981,0.19475804993830298,0.20217626454579946,20.60801124572754,0.11807409987486617,0.015509344828587679
2009-09-22,0.194118765131565,0.19027593054621478,0.19961001701117814,20.407724380493164,0.09805752286595198,-0.009718883731485661
2009-09-23,0.19018536346685816,0.18888862820275854,0.19693217150653314,20.22174453735352,0.09183630687462105,-0.009113208296629871
2009-09-24,0.1879528830581983,0.18483337325909782,0.1905723367792293,19.90700912475586,0.05847749525910446,-0.015564206738755026
2009-09-25,0.1814680995094211,0.1783236690787785,0.18945656533966682,19.72818374633789,0.07457718951971826,-0.008983035939617134
2009-09-28,0.1806176388813977,0.18248560456488,0.1895681335581656,19.949928283691406,0.03875278971064412,0.011239987431416631
2009-09-29,0.18178702933162938,0.18141845767167764,0.19202281287428813,19.957080841064453,0.06186868686868687,0.00035852546792836115
2009-09-30,0.183913180901688,0.18077814677116988,0.18979129974668807,19.90700912475586,0.09354883444921759,-0.0025089699594523784
2009-10-01,0.16934896469309246,0.17277440279348782,0.17640213172651298,19.034334182739254,0.11446521408207232,-0.043837571809386855
2009-10-02,0.1670101837926291,0.16370345501113776,0.17238537834530793,18.81974220275879,0.0719890475637602,-0.01127394202078591
2009-10-05,0.16573449285059383,0.1691460122982547,0.17528636028695055,19.18454933166504,0.06334900731452456,0.019384278752382356
2009-10-06,0.17508961645244747,0.1743751515890244,0.18320829883086176,19.470672607421875,0.05650050956564367,0.014914255780018593
2009-10-07,0.17402652649401923,0.17149378099247248,0.18287356442384056,19.38483619689941,0.02724402389153347,-0.004408497449119753
2009-10-08,0.1785977594563447,0.17736320272801698,0.18755975686756304,19.599428176879883,0.06727879045886709,0.011070095088799192
2009-10-09,0.17742839735291088,0.1751221714877057,0.18811765746310682,19.64949989318848,0.038441567656127044,0.0025547539375492256
2009-10-12,0.17955454892296946,0.17693633827958943,0.18778292305608557,19.6423454284668,0.034131222828540836,-0.0003641041634937503
2009-10-13,0.1776409983365178,0.17501543403379916,0.18577454636548307,19.52074432373047,0.023481945895739,-0.006190762970704089
2009-10-14,0.18051131004279636,0.1771497847316696,0.1893449971211681,19.735336303710938,0.053867216223538066,0.010993022418699372
2009-10-15,0.17849145896454127,0.17650947383116183,0.1885639600886268,19.75679588317871,0.055155643278248644,0.0010873683193195482
2009-10-16,0.1777472988283213,0.17458856958537167,0.18343143526785932,19.463520050048828,0.05964175600190926,-0.014844301417295203
2009-10-19,0.17689683820029783,0.17522888048587942,0.184881941114443,19.599428176879883,0.03736922223512262,0.0069827105519237875
2009-10-20,0.1765779083780895,0.1734146852382628,0.1769600323220567,18.93419075012207,0.08007759588219358,-0.03394167527512604
2009-10-21,0.16786064442065257,0.17213409189298012,0.17762947138457424,19.227468490600582,0.09131061573590309,0.015489320053280853
2009-10-22,0.17434545631622744,0.17042663409927006,0.17673686613353418,19.220314025878903,0.05377046325322188,-0.00037209603152787984
2009-10-23,0.1754085179278579,0.17149378099247248,0.1733895815663717,18.74105834960937,0.054784756892036594,-0.024934851513052525
2009-10-26,0.1646714028921657,0.166157961159262,0.1693728281851667,18.39055824279785,0.05691332223899274,-0.018702257912708853
2009-10-27,0.15946231028542374,0.15922136407478238,0.16781075412008412,18.404863357543945,0.0688429634789788,0.0007778510340596956
2009-10-28,0.1579739900129838,0.15559300203528204,0.1640171669274016,18.111587524414062,0.08013564766438329,-0.015934692229576997
2009-10-29,0.15722982987676382,0.1577273242774197,0.1656908092109829,18.404863357543945,0.04761858689061754,0.016192718210623624
2009-10-30,0.15956861077722717,0.15666017738421728,0.15743416601157528,17.69670867919922,0.1140975527948708,-0.03847649746633197
2009-11-02,0.1492566977087489,0.15121762009710032,0.1583267712626153,17.93276023864746,0.08293180850652114,0.013338726637100562
2009-11-03,0.15223333825362878,0.15004373574999147,0.15899624007665775,17.90414810180664,0.043427570726421304,-0.001595523302606705
2009-11-04,0.15350902919566395,0.15420567123609297,0.16178565379980153,17.918455123901367,0.06234922662125727,0.0007990897982621536
2009-11-05,0.1554225797821156,0.1607154038721451,0.16513293836696408,18.69098663330078,0.05092431337642066,0.04311373408352237
2009-11-06,0.16775434392884903,0.1638101924650443,0.1722738101268092,18.7195987701416,0.046494639885444486,0.0015307986358432668
2009-11-09,0.16722278477623603,0.16893259430190738,0.17684843435203296,19.284692764282227,0.034327953868183755,0.03018729199698278
2009-11-10,0.17338866684960275,0.17149378099247248,0.18175779298427802,19.313304901123047,0.051021066346736844,0.0014836708673842125
2009-11-11,0.1766842372166908,0.17426841413511784,0.18432404051889933,19.6423454284668,0.06433266251273914,0.017036987145820914
2009-11-12,0.17987347874517773,0.1767229202832421,0.1872250522120668,19.620887756347656,0.07022491840499503,-0.0010924190391258248
2009-11-13,0.18359425107947974,0.18952891064753336,0.1924691154998081,20.46495056152344,0.13260800856586297,0.043018583850912506
2009-11-16,0.1865708916243597,0.1960386432835856,0.19637430066251438,21.008583068847656,0.09140253105770346,0.026564076257594715
2009-11-17,0.1950755545981897,0.1982797029796296,0.20697405495954574,21.194562911987305,0.06293296954216494,0.008852564807924956
2009-11-18,0.19975311639911653,0.1960386432835856,0.20797822842908453,21.072961807250977,0.054684778822709855,-0.0057373726101968
2009-11-19,0.19550078491220152,0.19454460348622282,0.20273413538981822,20.83691024780273,0.04130868067649677,-0.011201631816512014
2009-11-20,0.19390616414795803,0.1912363968969763,0.20273413538981822,20.679542541503903,0.03600016770514855,-0.007552353224510422
2009-11-23,0.1979458663044683,0.19635879873383938,0.2075319258035645,20.94420623779297,0.029261323322626008,0.012798334187416716
2009-11-24,0.1979458663044683,0.19411773903779528,0.20507724648744197,20.91559410095215,0.026358734213140347,-0.0013661122563427552
2009-11-25,0.19667017536243314,0.19646550773201304,0.20864769724312698,21.130186080932617,0.025347665673336177,0.010259903636717693
2009-11-27,0.18880337203301956,0.1916632613454039,0.19537009744145067,20.63662338256836,0.012205387205387207,-0.023358180400012474
2009-11-30,0.19220521454511336,0.1901692215480411,0.20150679573175695,20.686695098876957,0.049011829663170664,0.0024263521885510286
2009-12-01,0.1956070854040049,0.1959319342854119,0.20730875961504203,21.05865478515625,0.042551956345059795,0.017980623995347056
2009-12-02,0.19985941689092002,0.19806625652754944,0.21032133952670823,21.09442138671875,0.050685656049640725,0.0016984276501703643
2009-12-03,0.19985941689092002,0.20201477401730372,0.21199498181028958,21.2446346282959,0.07219867899944528,0.007120993689436972
2009-12-04,0.2051748099894654,0.20649686495365904,0.21143711096627077,21.35908508300781,0.0711456841725041,0.0053872639710863535
2009-12-07,0.20177296747737167,0.2012677541186223,0.21378019231236967,21.373390197753903,0.056548886050801765,0.0006697437971008302
2009-12-08,0.20049724818853865,0.19891998542440448,0.2088708336801246,21.165950775146484,0.034589186888037464,-0.009705499253423011
2009-12-09,0.20028464720493172,0.19646550773201304,0.20619301792700445,20.922746658325195,0.06154778951713818,-0.011490346897473858
2009-12-10,0.19932788608510477,0.2007341806720211,0.21065607393372954,21.23748207092285,0.032784743991640546,0.015042738782693466
2009-12-11,0.20251712761359159,0.20009386977151333,0.21266442087280707,21.201717376708984,0.02314169795012707,-0.0016840364641359518
2009-12-14,0.20294235792760335,0.20137446311679597,0.21444966112641206,21.437768936157227,0.02148722215772024,0.011133605606287178
2009-12-15,0.2037928185556268,0.20222822046938382,0.2142264949378896,21.387697219848636,0.03361036933833869,-0.002335677581827955
2009-12-16,0.2051748099894654,0.20222822046938382,0.21389176053086834,21.29470634460449,0.03764174310151322,-0.0043478675749087925
2009-12-17,0.19932788608510477,0.19881327642623087,0.21020977130820956,21.05865478515625,0.034934272482165206,-0.011084987772468025
2009-12-18,0.20028464720493172,0.19956029632491223,0.20898243165014824,21.03004264831543,0.06588071003779816,-0.0013586877762481464
2009-12-21,0.2009225068493482,0.2007341806720211,0.20976343893116456,21.39484977722168,0.062389540358889016,0.017346951454493276
2009-12-22,0.2042180488696385,0.20478940715994892,0.21556543256597455,21.58798217773437,0.04735896642026911,0.009027051020396248
2009-12-23,0.20730098990632184,0.205643136056804,0.21924745154015834,21.67382049560547,0.04141994659236039,0.003976208483237986
2009-12-24,0.20804515004254176,0.2055364270586304,0.2198053223841771,21.69527816772461,0.008470722551182324,0.0009900272138680943
2009-12-28,0.2086829813401605,0.2060700005052315,0.22014005679119836,21.745349884033203,0.02926616097114182,0.00230795456603472
2009-12-29,0.20953347031498176,0.20639015595548543,0.22002845882117467,21.69527816772461,0.0614558741953378,-0.0023026401771240046
2009-12-30,0.20634420043969715,0.2146073463852476,0.21668117425401212,22.246065139770508,0.08147083865474669,0.02538741231100161
2009-12-31,0.21623088319416373,0.22026335012444476,0.22795039736508593,22.224607467651367,0.07565921023775429,-0.0009645603383935386
2010-01-04,0.21995165552846574,0.21876931032708197,0.230181910492686,22.38912773132324,0.05293677515899738,0.007402617297575853
2010-01-05,0.21803810494201403,0.21439392838890026,0.22605358889298222,22.145923614501957,0.05891127107602203,-0.010862599014120122
2010-01-06,0.21421103211590853,0.2120461596946825,0.22605358889298222,22.06723976135254,0.0437162170878646,-0.0035529722995112367
2010-01-07,0.21346687197968855,0.21012525544889227,0.22315260695133965,22.03862571716309,0.04131996852303366,-0.0012966752751544242
2010-01-08,0.21197855170724866,0.2104454108991461,0.22203683551177716,22.03147315979004,0.05162093476269722,-0.0003245464333776482
2010-01-11,0.214529933591319,0.2125797331412837,0.22504941542344342,22.04578018188477,0.06851400337990377,0.0006493901697341986
2010-01-12,0.21112809107922526,0.20831106020127566,0.22002845882117467,21.781116485595703,0.03770624508172401,-0.012005186212758479
2010-01-13,0.2101713016126005,0.20969839100046472,0.21813168010059586,21.952789306640625,0.04654140382109731,0.007881727328277854
2010-01-14,0.21144699255463556,0.2146073463852476,0.22315260695133965,22.281831741333008,0.0908026626417431,0.014988639033348239
2010-01-15,0.21814443378061538,0.21588793973053022,0.22125579847923593,21.766809463500977,0.06601616419624082,-0.02311400085104587
2010-01-19,0.20900191116236877,0.21023196444706582,0.2214789646677584,22.03147315979004,0.04887476295522273,0.012159048699023067
2010-01-20,0.21080916125701693,0.2085245066533558,0.21969375416567832,21.90987205505371,0.06540984558225937,-0.0055194268605816
2010-01-21,0.21580565288015197,0.2132200440417914,0.21958215619565458,21.831188201904297,0.08947553439890604,-0.003591251147049279
2010-01-22,0.20889561067056528,0.2051095626102028,0.20742035758506577,20.865522384643555,0.0601529341950798,-0.04423331466569047
2010-01-25,0.1990089562628966,0.19763939207912196,0.20898243165014824,21.06580924987793,0.04959879768308887,0.009598938456570005
2010-01-26,0.1984773971102835,0.1960386432835856,0.20619301792700445,20.951358795166016,0.034897183843544,-0.005432995872806434
2010-01-27,0.19667017536243314,0.1937975835875414,0.20340360420386072,20.865522384643555,0.061750970754802174,-0.004096937643121579
2010-01-28,0.1959260152262131,0.1946513124843965,0.20072575869921572,20.52217483520508,0.07102313041010358,-0.016455257774479093
2010-01-29,0.19379983530935674,0.19251699024225888,0.19436592397191188,20.050071716308597,0.08692125598255866,-0.023004536443506307
2010-02-01,0.18561410215773488,0.19411773903779528,0.19670903506953563,20.83691024780273,0.08147728885276778,0.03924367666246931
2010-02-02,0.19688277634604012,0.19699908117861425,0.20742035758506577,21.1015739440918,0.08630364952204032,0.012701676646948101
2010-02-03,0.19869002644068828,0.2002005787696871,0.21043290774520707,21.130186080932617,0.08954326147812737,0.0013559242981886488
2010-02-04,0.19773323697406353,0.19550506983698435,0.20574671530148447,20.793991088867188,0.09835906962343743,-0.015910649853140835
2010-02-05,0.19358723432574976,0.19347742813728752,0.1972669059135544,20.865522384643555,0.14535359985551555,0.0034399983856232552
2010-02-08,0.19677647585423658,0.19795954752937578,0.2078666602105857,20.886981964111328,0.10306448907981475,0.0010284707505605617
2010-02-09,0.20017834671312823,0.19838641197780332,0.2084245310546045,21.03719520568848,0.07446592360385464,0.007191715961418099
2010-02-10,0.19943418657690826,0.1959319342854119,0.20507724648744197,20.922746658325195,0.043906497929486435,-0.005440294974889848
2010-02-11,0.19720170616824834,0.1972125276306944,0.2038499068293807,21.00143051147461,0.10400460544138705,0.0037606846956732554
2010-02-12,0.2120848521990521,0.20927152655203718,0.21277601884283082,21.444921493530277,0.1761726460002322,0.021117179699418953
2010-02-16,0.20772622022033355,0.20500285361202913,0.21723907484955585,21.63805389404297,0.09718513358360101,0.0090059737719701
2010-02-17,0.20900191116236877,0.20927152655203718,0.21902428535163587,21.90987205505371,0.07028135763767947,0.012562042887118263
2010-02-18,0.2112343915710287,0.2120461596946825,0.2224831381372972,22.160228729248047,0.044848226840564005,0.011426660710991632
2010-02-19,0.21410470327730724,0.21492750183550147,0.2244915148278997,22.317596435546875,0.0589128836255273,0.007101357491456239
2010-02-22,0.2188885939168353,0.21514094828758162,0.22705779211404592,22.281831741333008,0.05652631035772799,-0.0016025334232185884
2010-02-23,0.21676241399997886,0.2137536174883925,0.2234873413583609,22.06723976135254,0.0618186978340235,-0.009630805154245858
2010-02-24,0.2154867230579437,0.2146073463852476,0.22716936033254465,22.33905601501465,0.055037927164363946,0.012317637212523325
2010-02-25,0.21410470327730724,0.21343346203813873,0.22014005679119836,22.23891258239746,0.06846562689474567,-0.0044828856040236564
2010-02-26,0.21761287462800233,0.2175954259799731,0.2285082682091047,22.503576278686523,0.06684662719145477,0.011900927948183426
2010-03-01,0.22037688584247744,0.22410513016029238,0.23352919505984854,22.954219818115234,0.06757872466684726,0.020025418797789962
2010-03-02,0.22643646742404067,0.22848051209847414,0.23821541725509604,23.14735412597656,0.08845640311157552,0.008413891188273181
2010-03-03,0.23090139989456276,0.22848051209847414,0.24323634410583983,23.204578399658203,0.09492917682572855,0.0024721734229411485
2010-03-04,0.2313266302085744,0.2276267832016191,0.2381038192850724,23.075822830200195,0.08977708115639149,-0.005548714018432821
2010-03-05,0.2352600318732812,0.23605742008346148,0.24691836308002357,23.7195987701416,0.11549885831495027,0.02789828751410206
2010-03-08,0.23823667241816104,0.2349902447345263,0.2490383079891249,23.60515022277832,0.10457544796625257,-0.004825062534672853
2010-03-09,0.23632312183170945,0.2369111489803165,0.24959617883314372,23.798282623291016,0.10563166789220428,0.008181790782518572
2010-03-10,0.23919343353798805,0.2413932399166719,0.2520508581492662,24.077253341674805,0.06714656139943496,0.011722304621710977
2010-03-11,0.2411069841244397,0.2397924911211355,0.25383609840287114,24.020029067993164,0.0549814879316795,-0.0023766944206460305
2010-03-12,0.24365839435530784,0.2416066863687521,0.25472870365391115,23.90557861328125,0.05616509926854755,-0.004764792514944105
2010-03-15,0.24046915282682108,0.23872534422793312,0.25149298730524744,23.82689476013184,0.04977134048015274,-0.0032914431573597414
2010-03-16,0.241213312963041,0.23957907312478816,0.25350136399584994,23.90557861328125,0.04439671297908846,0.003302312531344498
2010-03-17,0.2417448437688562,0.2402193555695631,0.2546171354354125,23.87696647644043,0.054718642362320526,-0.0011968811675164837
2010-03-18,0.24025652349641624,0.23957907312478816,0.2528318951818075,23.93419075012207,0.06388921139878993,0.002396630817323553
2010-03-19,0.2415322144384514,0.24043280202164324,0.25249719052631114,23.90557861328125,0.08626817343292438,-0.0011954503554992835
2010-03-22,0.23983129318240454,0.24224699726925986,0.2520508581492662,24.12017250061035,0.055050827560406114,0.008976728436511427
2010-03-23,0.2453593156113547,0.2463022237571877,0.258410722628095,24.399141311645508,0.0751947959802366,0.011565788388457676
2010-03-24,0.2474854955282112,0.24523504840825244,0.260642235755695,24.248926162719727,0.05254976327773263,-0.0061565752256241835
2010-03-25,0.24876118647024636,0.25206493649455847,0.2629853468533188,24.713876724243164,0.10334184759472115,0.019174068097013386
2010-03-26,0.2546081387214048,0.25153133459222443,0.2634316494788388,24.54220390319824,0.06729330340441451,-0.006946414071756002
2010-03-29,0.2509936668789062,0.25153133459222443,0.26532845795094256,24.60658073425293,0.0781264109808171,0.0026231071711657616
2010-03-30,0.2525882876431497,0.25153133459222443,0.2672252366715214,24.76394844055176,0.08784524684907827,0.006395350414524437
2010-03-31,0.2535450487629766,0.25025074124694185,0.2654400261694414,24.599428176879883,0.07676703174787465,-0.006643539258968545
2010-04-01,0.2534387482711732,0.25334552983984104,0.26499372354392126,24.713876724243164,0.041479610924055374,0.0046524881204697
2010-04-05,0.2539702790769883,0.2530253743895871,0.26822943989258513,24.90700912475586,0.05158868377259182,0.007814735125033723
2010-04-06,0.2545018382296013,0.25142462559405077,0.2668905320160251,24.72102928161621,0.04783305597481843,-0.007466968121627948
2010-04-07,0.25269458813495316,0.24993058579668803,0.26365481566736126,24.52789688110352,0.044132254860224214,-0.007812474080774456
2010-04-08,0.24876118647024636,0.24566191285668,0.25718338297003374,24.313304901123047,0.05913380290774927,-0.008748894412785813
2010-04-09,0.24812332682582988,0.24651564175353502,0.2607538337257187,24.48497772216797,0.05443805874840358,0.007060859136307496
2010-04-12,0.24993057692047804,0.2475828171024702,0.2626506124462976,24.470672607421875,0.05808080808080809,-0.0005842404640271637
2010-04-13,0.24929271727606156,0.24651564175353502,0.2608654019442176,24.248926162719727,0.04972618909400519,-0.009061722505939396
2010-04-14,0.24706026521419944,0.2504641592432892,0.26153487075826,24.613733291625977,0.17908168530773894,0.015044259133713878
2010-04-15,0.25248195880454843,0.2644440624104223,0.2646589891369,25.486408233642575,0.19763245481636285,0.03545479800553042
2010-04-16,0.26406956281506183,0.2643373534122485,0.27414297199436893,25.228899002075195,0.12147980442999601,-0.010103786661765146
2010-04-19,0.2619434112450032,0.2594283695717328,0.26945677955064634,25.15021514892578,0.05601351961505218,-0.0031187985311187383
2010-04-20,0.26236864155901496,0.27042019314414034,0.27760185453155517,25.958511352539062,0.10412393410477701,0.03213873912517218
2010-04-21,0.27087327618604723,0.2695664642472853,0.2821764787567789,25.84406280517578,0.04208270443902628,-0.004408902567985207
2010-04-22,0.26683357402953695,0.2705269305980469,0.2763745148734939,26.06580924987793,0.06658700672110633,0.008580169703725549
2010-04-23,0.27310575659470715,0.27266125284018444,0.2856353315424403,26.20886993408203,0.050326057509965556,0.005488442074928823
2010-04-26,0.27608239713958704,0.27596945942943096,0.2897636531421441,26.33762550354004,0.05516209347626972,0.0049126715414224975
2010-04-27,0.27533823700336707,0.27564933243490997,0.2859700659494615,25.9084415435791,0.08973192977024394,-0.01629546900130574
2010-04-28,0.2739562172227306,0.274475448087801,0.2889826161096029,26.20886993408203,0.06211056929447734,0.011595772366222556
2010-04-29,0.27884640835406216,0.2803448698233455,0.29411514093037033,26.63090133666992,0.043613013919527335,0.01610261730663476
2010-04-30,0.28224827921295376,0.2806649968178665,0.28708583738902405,25.93705368041992,0.05906607582852794,-0.026054231040786968
2010-05-03,0.2742751470449388,0.27490231253622865,0.2886479114541065,26.30185890197754,0.033321722976895396,0.014065021650204512
2010-05-04,0.2727868267724989,0.2692463087970315,0.27470087258991266,25.293275833129883,0.06461002102764554,-0.03834645576217521
2010-05-05,0.2574784504276834,0.2580410672282766,0.2672252366715214,24.864091873168945,0.06574686842886077,-0.01696830267429339
2010-05-06,0.25322611894076835,0.252811927937507,0.22493781745341973,23.80543708801269,0.13696834242811254,-0.042577657392693924
2010-05-07,0.23802404308775632,0.2363775755337153,0.23431023209238977,22.796852111816406,0.17128984609827522,-0.04236784111408576
2010-05-10,0.23898083255438107,0.2464089327553613,0.25093511646122874,24.45636558532715,0.08287053162532089,0.07279572922485023
2010-05-11,0.24429622565292652,0.24961043034643415,0.2562907777189937,24.370529174804688,0.06752551053317336,-0.0035097778622494857
2010-05-12,0.24939904611466285,0.25462612318512357,0.26365481566736126,24.89985656738281,0.05547331553078679,0.021719979438335812
2010-05-13,0.25652168930785646,0.2578276207761964,0.2670021002345238,24.87839698791504,0.09058013081001587,-0.0008618354651841464
2010-05-14,0.2518441275069297,0.2516380435903981,0.25595604331197247,24.220314025878903,0.06761258820645794,-0.026451984119226335
2010-05-17,0.2479107258422229,0.24939701235008682,0.25762968559555377,24.45636558532715,0.08533611981887844,0.009746015646041162
2010-05-18,0.24769809651181812,0.24459476596347762,0.2379922510665735,22.93991470336914,0.25774668782331617,-0.062006387525864404
2010-05-19,0.2265427679158442,0.23072157179451824,0.23988905953867729,23.31187438964844,0.10757962769457022,0.016214519150965723
2010-05-20,0.22356612737096426,0.2220775169163285,0.22873143439762716,22.203147888183597,0.09765438548963452,-0.04756059006379898
2010-05-21,0.20857668084835695,0.22047676812079214,0.21958215619565458,22.417739868164062,0.12466781480191441,0.009664934948015569
2010-05-24,0.21835703476422225,0.21866257287317548,0.2285082682091047,22.46065902709961,0.0766638285795374,0.0019145176627060057
2010-05-25,0.21049023143480872,0.2147140553834213,0.21723907484955585,22.34620857238769,0.07765070887676251,-0.005095596463747021
2010-05-26,0.2212273464705009,0.22538575196130783,0.23285975599733105,22.525035858154297,0.07733948682224544,0.00800257838761853
2010-05-27,0.2286689478327006,0.231041727244772,0.24111639919673855,23.42632293701172,0.05170317478746598,0.04001268120206558
2010-05-28,0.2345158717370613,0.2317887471434535,0.24167427004075737,23.14735412597656,0.04673007211321388,-0.011908348219447307
2010-06-01,0.22739322854386762,0.22666634530659036,0.23341762684134976,22.51788330078125,0.05402524607505451,-0.0271940724529246
2010-06-02,0.2232472258955539,0.2250655965110539,0.2316324163392698,23.04721069335937,0.049011829663170664,0.023506978231819797
2010-06-03,0.2300509392665393,0.22858724955238063,0.23933115894313362,23.175966262817383,0.052217578079647047,0.005586600963174648
2010-06-04,0.22229043642892915,0.21962303922393706,0.21991689060267589,21.70243263244629,0.08890307932453526,-0.06358024574514387
2010-06-07,0.21080916125701693,0.20873792464970314,0.21835481653759337,21.53075790405273,0.0833349458828386,-0.007910391028556618
2010-06-08,0.20708836057591706,0.205323009062283,0.2098750369011883,21.34477806091309,0.12673510326767032,-0.008637867926824527
2010-06-09,0.20496220900585854,0.20639015595548543,0.21087921037072704,21.11587905883789,0.08900144484435672,-0.010723887661046372
2010-06-10,0.2053874393198702,0.20649686495365904,0.21500753197043077,21.781116485595703,0.06719332533508779,0.03150413131767693
2010-06-11,0.20570636914207846,0.20969839100046472,0.21813168010059586,21.981401443481445,0.03505360114555517,0.009195348549657423
2010-06-14,0.21729394480579411,0.2227178278168362,0.22828513177210724,22.503576278686523,0.08527484293767819,0.023755302251664556
2010-06-15,0.22431028750718418,0.2250655965110539,0.2348681326879335,23.03290367126465,0.04908278184140254,0.023521923183358995
2010-06-16,0.22633016693223723,0.231041727244772,0.2375459484410536,23.340486526489254,0.06043996800701782,0.013354063370148994
2010-06-17,0.2349411303978708,0.23125517369685228,0.24011219597567485,23.226037979125977,0.04261000812724951,-0.004903434520672434
2010-06-18,0.23228341967519917,0.2327491850384822,0.24435211554540237,23.32617950439453,0.05153063199040211,0.004311606024176573
2010-06-21,0.2377051416123459,0.23733801342874405,0.24234373885479976,23.19742584228516,0.0574599765212792,-0.005519706391915347
2010-06-22,0.23079509940275922,0.23253576704213486,0.23977749132017856,22.90414810180664,0.0374450120618703,-0.012642684687191541
2010-06-23,0.22728692805206413,0.22623948085816287,0.23408709565539226,22.868383407592773,0.04338564443928429,-0.0015614941911350488
2010-06-24,0.22356612737096426,0.2218640989199811,0.22471468101642222,22.00286102294922,0.08504102325941405,-0.03784799166679109
2010-06-25,0.2149551639053307,0.21236628668920354,0.2224831381372972,21.952789306640625,0.0778377646193738,-0.002275691159270954
2010-06-28,0.21187225121544517,0.2105521198973197,0.2208094958537159,21.87410545349121,0.04146832307751848,-0.0035842303249188356
2010-06-29,0.20549373981167368,0.20340210481649268,0.20630458614550323,20.89413452148437,0.09826070410361598,-0.044800503229284305
2010-06-30,0.19624494504842144,0.1959319342854119,0.1988289799786369,20.33619499206543,0.07635583162403085,-0.026703165371374515
2010-07-01,0.18922860234703126,0.18654085950854077,0.18901026271414684,20.228899002075195,0.10418198588696673,-0.005276109421260888
2010-07-02,0.18774028207459137,0.18419309081432295,0.19068390499772808,19.87839698791504,0.06613388031012551,-0.017326796387890364
2010-07-06,0.18763398158278782,0.18611399506011322,0.19001443618368563,19.84978485107422,0.0765832011042739,-0.0014393583576288727
2010-07-07,0.1816807004930281,0.1868609865030617,0.1921343810927869,20.436338424682617,0.06582104570610317,0.02954961869909911
2010-07-08,0.19209891405330987,0.1901692215480411,0.19949841904115445,20.60801124572754,0.07394023246513667,0.008400370823649084
2010-07-09,0.19326830450354154,0.1901692215480411,0.20027945607369574,20.493562698364254,0.04489176567720629,-0.005553594958708663
2010-07-12,0.18933490283883475,0.18771474385564962,0.1955932636299732,20.171674728393555,0.07590915541107111,-0.015706784355088876
2010-07-13,0.188909672524823,0.1901692215480411,0.1999447514181994,20.565092086791992,0.0836768063779558,0.019503455399499714
2010-07-14,0.19050429328906643,0.1933707191391139,0.20172996192027942,20.52217483520508,0.08629881187352452,-0.0020868980992539976
2010-07-15,0.19050429328906643,0.1878214528538233,0.19670903506953563,20.314735412597656,0.08459918469497013,-0.010108062341013246
2010-07-16,0.18603936081854444,0.1831259154653877,0.18376616967488058,19.33476448059082,0.13451242953158662,-0.04823941400679688
2010-07-19,0.17636530739448264,0.17693633827958943,0.184881941114443,19.69957160949707,0.11911580685527046,0.018867937557370373
2010-07-20,0.17360129618000752,0.17522888048587942,0.18119992214025926,19.685264587402344,0.08972386702271759,-0.0007262605694343671
2010-07-21,0.18051131004279636,0.182165477570359,0.18867552830712558,19.72818374633789,0.09179276803797876,0.002180268329388557
2010-07-22,0.18338165009587282,0.18931549265118608,0.1947006583789332,20.54363441467285,0.0736822245442935,0.04133430014743911
2010-07-23,0.18986643364464995,0.19507817693282403,0.20027945607369574,20.958511352539062,0.075167382638647,0.020194914370647687
2010-07-26,0.19688277634604012,0.1978528100754693,0.20764349402206328,21.201717376708984,0.039330082433530714,0.011604165013392453
2010-07-27,0.20230449828318686,0.198493120975977,0.20429620945490073,20.65093040466309,0.06672891107757008,-0.025978413081336416
2010-07-28,0.1923115433837146,0.193584165591194,0.2035151724223595,20.58655166625977,0.061647767586464904,-0.003117473989878161
2010-07-29,0.19422506562336844,0.19230354379017867,0.19280384990682936,20.13590812683105,0.09079459989421675,-0.021890190583365055
2010-07-30,0.1815744000012246,0.18184532212010518,0.19146494203026937,19.978540420532227,0.07469329308409768,-0.007815277329813242
2010-08-02,0.18763398158278782,0.19038263954438844,0.19749007210207686,20.615163803100582,0.05675529238747629,0.03186535998966611
2010-08-03,0.190397992797263,0.1878214528538233,0.19302701609535183,19.91416358947754,0.08699704580930634,-0.03400410592505754
2010-08-04,0.18242486062924812,0.18376622636589546,0.1924691154998081,20.23605155944824,0.04444508946424656,0.016163770500548846
2010-08-05,0.18423211072389628,0.1867542775048881,0.19481222659743186,20.357654571533203,0.03803520518079905,0.0060092262429618515
2010-08-06,0.18582673148813966,0.18803487085017062,0.19603956625549307,20.5507869720459,0.06755614897377349,0.009486967166775662
2010-08-09,0.1936935348175533,0.19998716077333972,0.2049656782689433,21.330472946166992,0.07457235187120244,0.03793947040479062
2010-08-10,0.19922155724650348,0.19795954752937578,0.2078666602105857,21.072961807250977,0.07001206187029942,-0.012072453319057264
2010-08-11,0.19305567517313676,0.1896356481014399,0.19503539278595433,20.18597984313965,0.05514435543171176,-0.04209099661567872
2010-08-12,0.18019240856738594,0.1776833581782708,0.18867552830712558,19.69241714477539,0.0648261026613517,-0.024450767423707664
2010-08-13,0.17742839735291088,0.1784303780769521,0.18744818864906437,19.563661575317383,0.04657365481120271,-0.00653833242061741
2010-08-16,0.174451756808031,0.17661618282933556,0.18410090408190177,19.427753448486328,0.06616613130023091,-0.00694696779065751
2010-08-17,0.1918862847229051,0.19635879873383938,0.1999447514181994,20.94420623779297,0.15599481404079105,0.07805600340397523
2010-08-18,0.19805216679627186,0.19774610107729568,0.20719719139654325,21.05865478515625,0.060031992982184555,0.005464449025371243
2010-08-19,0.19720170616824834,0.19347742813728752,0.19771320853907443,20.414878845214844,0.06768031528567926,-0.030570610825302547
2010-08-20,0.18667719211616313,0.18707443295514192,0.1951469610044531,20.429183959960938,0.06746907130048892,0.0007007200412285641
2010-08-23,0.1917799842311016,0.188461763754331,0.19436592397191188,20.0,0.06180740998748662,-0.021008375116798206
2010-08-24,0.17881038878674949,0.17650947383116183,0.1851050775514405,19.570816040039062,0.05756962988763755,-0.021459197998046853
2010-08-25,0.1747706866302392,0.178216931624872,0.18053045332621676,19.806867599487305,0.0899157604138447,0.01206140607347761
2010-08-26,0.18263748995965284,0.18141845767167764,0.1895681335581656,19.678112030029297,0.05793890372434434,-0.006500551831898016
2010-08-27,0.1806176388813977,0.18056470031908978,0.18443563848892303,20.0,0.0668401769934337,0.016357665282090705
2010-08-30,0.1814680995094211,0.18195203111827885,0.19168807846726688,19.799713134765625,0.04986164325244785,-0.010014343261718794
2010-08-31,0.17934191959256468,0.17576245393248052,0.181311490358758,19.291845321655277,0.11182547054194564,-0.025650261175683475
2010-09-01,0.1780662286505295,0.18483337325909782,0.18889869449564806,20.23605155944824,0.07346453036108208,0.048943282617608386
2010-09-02,0.188909672524823,0.1933707191391139,0.19916371438565816,20.89413452148437,0.05273359392133339,0.03252032443695141
2010-09-03,0.19975311639911653,0.2012677541186223,0.21188341359179075,21.351930618286133,0.042445528077711986,0.021910268469413463
2010-09-07,0.2018792679691751,0.1982797029796296,0.20585828351998325,20.736766815185547,0.04117000141904357,-0.028810687618746278
2010-09-08,0.19539445607360018,0.19326401014094025,0.20407307301790317,20.629470825195312,0.05467994117419405,-0.005174190892268782
2010-09-09,0.19720170616824834,0.19486475893647665,0.20552354911296206,20.69384765625,0.03877214030470736,0.003120624450340337
2010-09-10,0.19401246463976152,0.19262369924043254,0.20329203598536194,20.679542541503903,0.031417302011171745,-0.0006912738019396736
2010-09-13,0.1969891051846414,0.195611778835158,0.20585828351998325,20.83691024780273,0.05809532102635551,0.007609825313253049
2010-09-14,0.1947566247759815,0.19454460348622282,0.20251099895282065,20.865522384643555,0.050698556445682885,0.0013731468101823019
2010-09-15,0.19613861620982015,0.1972125276306944,0.20362674064085823,21.03719520568848,0.07580917734174439,0.008227583181491305
2010-09-16,0.19815849563487314,0.2035088138146664,0.20931713630564447,21.48784065246582,0.092116890488538,0.021421365461089747
2010-09-17,0.20857668084835695,0.21129913979600112,0.21991689060267589,21.85264587402344,0.09885573487106054,0.016977286245640322
2010-09-20,0.21346687197968855,0.2135401710363124,0.22393364398388094,22.195993423461918,0.07438207102958061,0.015711944055553317
2010-09-21,0.2155930235497472,0.2152476572857553,0.2263883233000034,22.281831741333008,0.057177780357856985,0.003867288849543238
2010-09-22,0.2155930235497472,0.21567452173418283,0.22594202067448338,22.00286102294922,0.0784311828373131,-0.0125200980611615
2010-09-23,0.21038393094300523,0.21108569334392097,0.2214789646677584,21.85980033874512,0.054521911322677606,-0.006501912821922806
2010-09-24,0.2154867230579437,0.22442528561054625,0.22839669999060597,22.954219818115234,0.07339035308383966,0.05006539229136164
2010-09-27,0.22718062756026064,0.22421186761419887,0.23631860878299232,22.889842987060547,0.053764013055200795,-0.0028045750003614645
2010-09-28,0.22601123711002896,0.22741336520527172,0.23665334319001352,23.13304710388184,0.05585871486254628,0.010624979688972802
2010-09-29,0.22749955738246896,0.22976113389948954,0.24100483097823988,23.30472183227539,0.06766741488963711,0.00742118959178284
2010-09-30,0.23462220057566252,0.23915220867636067,0.2470299312985224,23.869813919067383,0.12837345356502444,0.024247965320460585
2010-10-01,0.24440255449152776,0.24704924365586906,0.2553981724679537,24.1273250579834,0.12425983977708116,0.010788150246547001
2010-10-04,0.2430205347108914,0.23989922857504203,0.2441289493568799,23.31187438964844,0.1016406078666615,-0.033797806693251164
2010-10-05,0.23653575116211423,0.23755145988082427,0.24948461061464494,23.63376235961914,0.08662615942309429,0.013807897408439684
2010-10-06,0.2372799112983342,0.2346700892842724,0.2431247758873411,23.36909866333008,0.06433266251273914,-0.011198542672209766
2010-10-07,0.23632312183170945,0.23893876222428045,0.24926147417764738,23.748210906982425,0.07565921023775429,0.01622280127762199
2010-10-08,0.23929976237658934,0.2432074351642885,0.25093511646122874,24.177396774291992,0.05596030548137828,0.01807234528068724
2010-10-11,0.24525301511955128,0.2437410086108897,0.25718338297003374,24.14163017272949,0.03462950062566921,-0.0014793404722767134
2010-10-12,0.24355209386350435,0.2432074351642885,0.2542824010283913,24.0915584564209,0.06900744352851632,-0.00207408182257518
2010-10-13,0.24716656570600293,0.24918356589800666,0.26108853838121504,24.54220390319824,0.06351509991356734,0.01870553320958912
2010-10-14,0.250674737056698,0.24779626355455042,0.2625390442277988,24.48497772216797,0.057081027387540804,-0.0023317458063663032
2010-10-15,0.2540765795687918,0.2519581990406519,0.26309691507181754,24.66380500793457,0.05411877394636016,0.007303551091438987
2010-10-18,0.2529071891185601,0.2522783544909058,0.26365481566736126,24.792560577392575,0.0380061792897042,0.0052204260217181275
2010-10-19,0.24908011629245458,0.24897014790165933,0.2572949511885326,24.33476448059082,0.08139988647651482,-0.018465059120162053
2010-10-20,0.24918641678425807,0.2531320833877609,0.26320851304184123,24.792560577392575,0.047633099836164976,0.018812431785271144
2010-10-21,0.25609645899384476,0.25473283218329723,0.2668905320160251,24.8569393157959,0.06037224092779648,0.0025966958193914813
2010-10-22,0.2555648998412317,0.2538791032864422,0.2680062737040626,24.8569393157959,0.04819426706399887,0.0
2010-10-25,0.2586478408779151,0.2564403184327402,0.2705725509902088,24.964235305786133,0.05117103345072694,0.004316540690190607
2010-10-26,0.25439550939100003,0.25473283218329723,0.2666673658275026,24.89270401000977,0.06355057600268328,-0.0028653509671007216
2010-10-27,0.25280088862675665,0.25217164549273213,0.26410111829288124,24.742488861083984,0.028759820426487094,-0.006034505084918873
2010-10-28,0.25971093083634333,0.2582544852246239,0.2668905320160251,24.978540420532227,0.04542390701394533,0.009540332048790567
2010-10-29,0.25641536046925517,0.2548395696372038,0.26912204514362514,24.89270401000977,0.03500522466039708,-0.003436406174153417
2010-11-01,0.2576910797580882,0.25601345398431263,0.2664442293905051,24.8569393157959,0.037938452210482865,-0.0014367540866387918
2010-11-02,0.2581163100720999,0.256760473882994,0.27090725564570517,25.07868385314941,0.0386576492898332,0.00892083029758206
2010-11-03,0.26024246164215853,0.2577209117780227,0.26845257632958264,25.11444854736328,0.045475508598113966,0.001426099328947883
2010-11-04,0.2636443325010501,0.2658313932096113,0.2779365889385764,25.743919372558597,0.05359953300566327,0.025064091055322146
2010-11-05,0.2686408241241851,0.26967317324545903,0.2828459178192965,26.022890090942383,0.044030664241392216,0.01083637321678177
2010-11-08,0.2705543747106368,0.26945975524911164,0.28273434960079774,25.87982749938965,0.0334281512442432,-0.005497567374445067
2010-11-09,0.27087327618604723,0.2673254045512412,0.2760397804664727,25.379112243652344,0.06334739476501929,-0.019347704529681042
2010-11-10,0.26321910218703837,0.2617761382659506,0.27213459530376644,25.22174453735352,0.06625159642401021,-0.006200678132001425
2010-11-11,0.2562027594856483,0.2632701780633133,0.2675599710785426,25.557939529418945,0.07679283253995897,0.013329569315378542
2010-11-12,0.26789666398796513,0.28194561861888195,0.279052330626614,26.008583068847656,0.15089915760413844,0.01763223279051851
2010-11-15,0.27470037735895053,0.27202094193967674,0.28195331256825656,25.89413452148437,0.1002892913812454,-0.004400414550086329
2010-11-16,0.2669398745213404,0.26380375150991453,0.2711304218342277,25.064376831054688,0.10259039952526543,-0.03204423340510698
2010-11-17,0.2583289110557068,0.2584679316767042,0.27157672445974756,25.18597984313965,0.054080072758233684,0.004851627188045438
2010-11-18,0.26513265277349,0.26967317324545903,0.2791638988451127,25.91559410095215,0.058090483377839695,0.02896906383458564
2010-11-19,0.27076697569424374,0.27042019314414034,0.2820649105382802,26.080114364624023,0.039547776616742136,0.006348311485007807
2010-11-22,0.2705543747106368,0.27148736849307564,0.28228804697527776,25.951358795166016,0.04294380587484036,-0.004936925032531958
2010-11-23,0.2674714336739535,0.2639104889638211,0.27470087258991266,25.34334754943848,0.0430163706025775,-0.023428879024276372
2010-11-24,0.2649200234430853,0.26999332869571285,0.2793870650336352,25.99427795410156,0.04021375956241857,0.02568446821767645
2010-11-26,0.2685344952855838,0.27010006614961934,0.28195331256825656,26.00143051147461,0.009060915670111072,0.00027515891711549223
2010-11-29,0.2684281947937804,0.2655112377593575,0.27682081749901394,25.500715255737305,0.06902195647406376,-0.01925721954091475
2010-11-30,0.26077402079477147,0.2590015051233053,0.2732503667433289,25.050071716308597,0.08955938697318007,-0.01767179998323065
2010-12-01,0.2652389532652935,0.2670052775567202,0.2801681020661765,25.83691024780273,0.08446695563553801,0.03141062989380061
2010-12-02,0.2687471246159886,0.27436871063389456,0.28329225019634147,26.266094207763672,0.059738508972225456,0.016611272626820384
2010-12-03,0.2742751470449388,0.28237248306730944,0.2898752511121678,26.809728622436523,0.06502928389901569,0.020697192752478832
2010-12-06,0.282779810018769,0.2803448698233455,0.29623508583947167,26.559370040893555,0.028646941961118208,-0.0093383482193643
2010-12-07,0.2858627510554523,0.2854672716602086,0.30125601269021546,26.881258010864254,0.08420733516518956,0.012119563433736769
2010-12-08,0.2858627510554523,0.2841866498591932,0.29723928906053537,26.93848419189453,0.06715301159745604,0.0021288505548047176
2010-12-09,0.28862676226992734,0.28738817590599885,0.30426859260188166,27.217453002929688,0.06833339783531354,0.010355772397880214
2010-12-10,0.29022138303417083,0.2963523577787096,0.306834840136503,27.567955017089844,0.11643574957751202,0.01287784033731687
2010-12-13,0.2959620347935258,0.29837999947840643,0.31051685911068677,27.682403564453125,0.09729639949946463,0.004151506605852173
2010-12-14,0.29872604600800085,0.2998740108200363,0.3155377859614306,27.825464248657227,0.06361991563140988,0.00516792856772752
2010-12-15,0.300958498069863,0.2994471463716088,0.31196733520574554,27.525035858154297,0.06561463936942864,-0.01079688690252234
2010-12-16,0.29670616658294796,0.305636723557407,0.312190501394268,28.42632293701172,0.08851445489376523,0.032744265384505145
2010-12-17,0.3089316302378779,0.31865616037377853,0.3245754661933794,28.99856948852539,0.1423220067856083,0.020130867885434167
2010-12-20,0.3125461020803764,0.3152412163306256,0.32312499009832063,29.06294631958008,0.0821174710063599,0.0022200002341552505
2010-12-21,0.3183930543315349,0.31940318027245995,0.3349520543018883,29.20600891113281,0.07290981333126927,0.00492250819925788
2010-12-22,0.3184993548233384,0.31940318027245995,0.3335015782068295,29.370529174804688,0.05348504199078912,0.005633096400554871
2010-12-23,0.32115706554601003,0.3221778134151052,0.33930354209011454,29.37768173217773,0.028343782654127486,0.000243528379433533
2010-12-27,0.3209444362156053,0.3300748483946136,0.33908037590159207,29.985692977905277,0.07538991447037424,0.020696365740172862
2010-12-28,0.3320005094203036,0.3302882948466938,0.3446592033478796,29.69241714477539,0.059490176348413894,-0.009780525444117116
2010-12-29,0.327854478425192,0.3296479839461861,0.34599811122443963,29.8211727142334,0.034577899041500576,0.004336311484181898
2010-12-30,0.3289175683836202,0.3278338171543023,0.34532867216192215,29.74964141845703,0.027163396416269983,-0.0023986748093989263
2010-12-31,0.32668508797496026,0.3262330399030331,0.3429855610642983,29.63519287109375,0.024478501489995745,-0.003847056364594592
2011-01-03,0.3280671077555967,0.33092857729146863,0.34488236953640206,29.957080841064453,0.07194067107860211,0.010861679604072139
2011-01-04,0.3326383407179222,0.33050171284304114,0.34231609225025583,29.678112030029297,0.0723147825638247,-0.00931228287947039
2011-01-05,0.32487786622710996,0.3265531953532869,0.34030771555965333,29.613733291625977,0.0642810609285705,-0.0021692329464280125
2011-01-06,0.32604725667734163,0.3277270797003959,0.34265082665727703,29.670957565307617,0.06718365003805617,0.0019323559484416553
2011-01-07,0.327641877441585,0.3273002152519683,0.34075404793669833,29.771100997924805,0.05286259788175497,0.003375133154929877
2011-01-10,0.32647248699135334,0.33711815447726695,0.34365502987834073,30.20028686523437,0.062328263477688765,0.014416190631965087
2011-01-11,0.3382726919854737,0.343414440661239,0.3557052602704309,30.715307235717773,0.06615161835468349,0.01705349266321954
2011-01-12,0.34550163567047093,0.34448161601017413,0.3621766929677585,30.851215362548828,0.04693809099939368,0.0044247685946312565
2011-01-13,0.3420997931583771,0.3425607117643839,0.36117248974669475,30.736766815185547,0.029203271540436296,-0.0037096933141316235
2011-01-14,0.3411430036917523,0.34405475156174664,0.35994515008863354,30.94420623779297,0.04135866971116014,0.00674890185603183
2011-01-18,0.34730888576511904,0.35558014858075543,0.36619344634896356,31.723892211914062,0.05862423726408401,0.02519650910188287
2011-01-19,0.3563450795447643,0.35387269078704536,0.3544779206123696,30.350500106811523,0.09367300076112337,-0.04329204297910061
2011-01-20,0.3322131104039105,0.3356241146799043,0.34544024038042087,30.25035858154297,0.10130358502006011,-0.0032995016528930554
2011-01-21,0.33806006265506905,0.34288086721463773,0.3518000751077247,30.12160301208496,0.05914347820478089,-0.004256332007137487
2011-01-24,0.3346582201429752,0.3378651743759483,0.35224640748476965,30.593706130981445,0.03801746713624109,0.01567324018934424
2011-01-25,0.3409304027081454,0.34565550035728304,0.35458948883086844,30.53647994995117,0.06203316691822439,-0.001870521367541178
2011-01-26,0.3414619335139606,0.3397860786217386,0.3519116730777484,30.45064353942871,0.07994697937226672,-0.0028109464700299958
2011-01-27,0.3409304027081454,0.3410666719670212,0.3555936920519322,30.36480712890625,0.06331675632441916,-0.002818870163164733
2011-01-28,0.33806006265506905,0.33498383223512934,0.3389688076830933,29.313304901123047,0.07323716088083904,-0.034628977662176874
2011-01-31,0.32434630707449685,0.3276203707022221,0.33908037590159207,29.921316146850582,0.07461750325734999,0.0207418183578556
2011-02-01,0.33348882969274346,0.3369047364809196,0.3506843334196872,30.07868385314941,0.06779319375104816,0.0052593844978772175
2011-02-02,0.33008695883385186,0.3284740995990772,0.3382993686205758,29.49213218688965,0.08092418437246023,-0.019500576192875818
2011-02-03,0.3213696948764148,0.3206837736177425,0.33171636770474944,29.320457458496094,0.0708247868209554,-0.005821034820597704
2011-02-04,0.32328321711606867,0.34149353641544866,0.3396382764971358,30.751073837280277,0.1085632828927848,0.048792430363996164
2011-02-07,0.3481593463931425,0.35792791727497314,0.3667513171929823,31.78826904296875,0.09443089902860018,0.033728747528519065
2011-02-08,0.36091634085388763,0.3583547817234007,0.3718838122622249,31.59513664245605,0.07559954590605932,-0.006075587200159882
2011-02-09,0.35411259913610443,0.3525920974417627,0.36440820609535857,31.06580924987793,0.07661061444586348,-0.016753445271283862
2011-02-10,0.3457142650008756,0.3508846111923198,0.3578252051795322,31.473533630371094,0.06525665337925873,0.013124537565193606
2011-02-11,0.3515612172520341,0.3630503475675691,0.3698754355716224,32.203147888183594,0.09141381890424036,0.023181834819730573
2011-02-14,0.3646371415349875,0.3659316612526552,0.38181412749673865,32.03862762451172,0.06986531986531987,-0.005108825517403659
2011-02-15,0.3624046611263276,0.36144959877203264,0.3586062422120735,30.50786781311035,0.15658661970922508,-0.0477785699606631
2011-02-16,0.34231239414198406,0.346509229254138,0.35927571102611594,31.165950775146484,0.08518615271488834,0.021570926099048204
2011-02-17,0.3474151862569225,0.3507779021941461,0.362846132030276,31.416309356689453,0.050513113252576854,0.008033080182576091
2011-02-18,0.35241167788005756,0.35387269078704536,0.3698754355716224,31.416309356689453,0.09038178722086768,0.0
2011-02-22,0.34624579580669085,0.3481099780496745,0.3558168284889297,30.39341926574707,0.08482171652669737,-0.032559206090341686
2011-02-23,0.3386979222994855,0.33743830992752083,0.3284806513560857,28.93419075012207,0.15088625720809629,-0.04801133109987166
2011-02-24,0.3150975123112446,0.3246322911074967,0.33115846710920566,29.434907913208008,0.09185081982016848,0.017305379901935813
2011-02-25,0.3242400065826934,0.3338099478880205,0.3417582214062371,30.30042839050293,0.08828708541352219,0.029404558690891758
2011-02-28,0.337315902518849,0.3363711345785856,0.3443244689408584,30.100143432617188,0.06062379865061857,-0.006609971162933048
2011-03-01,0.33253204022611876,0.3346636767848755,0.33640256014847203,29.098712921142575,0.08364294283834513,-0.03326995812217426
2011-03-02,0.3175425937035115,0.32484573755957685,0.3331668437998082,29.656652450561523,0.06754486112723661,0.019174027763047885
2011-03-03,0.3340203604985587,0.3416002738693552,0.3528042783287884,30.629470825195312,0.08965291484448572,0.03280270341554914
2011-03-04,0.34709625643471426,0.38076529331664327,0.36652815100445985,33.44062805175781,0.29237780099849064,0.09177949049808887
2011-03-07,0.3780319672933513,0.3806585843184696,0.38917816544510625,32.8111572265625,0.1583959002541378,-0.018823534779940365
2011-03-08,0.3753742282238819,0.3743622981344976,0.39252545001226874,32.8826904296875,0.07921810699588477,0.0021801487412058673
2011-03-09,0.37154712705097853,0.37265484034078755,0.3804751898686537,32.93991470336914,0.06993465949404647,0.0017402552204175414
2011-03-10,0.3684641860142952,0.3690264498455544,0.38181412749673865,32.103004455566406,0.10087303430215307,-0.025407177138717207
2011-03-11,0.36538130167120747,0.3667853901495102,0.3726648492947661,32.43204498291016,0.09152830991911451,0.010249524395736342
2011-03-14,0.3655939026548144,0.36582495225448153,0.37500796039238987,32.07439041137695,0.11908839351368086,-0.011027814364517385
2011-03-15,0.34709625643471426,0.3525920974417627,0.35793677339803104,31.34477806091309,0.14719029374201786,-0.022747504819454534
2011-03-16,0.34964766666558245,0.3482166870478482,0.3499032963871459,30.27897071838379,0.10508823870892836,-0.03400270821691864
2011-03-17,0.3447574755342509,0.3452286359088556,0.3503495990126659,30.36480712890625,0.08949811009197982,0.002834852324433479
2011-03-18,0.3447574755342509,0.3473629581509931,0.35905254483759347,30.715307235717773,0.07895848652553633,0.011542971615909225
2011-03-21,0.3489035065293625,0.3547264196839004,0.3678670886325448,31.437768936157227,0.06207670575486667,0.023521226562869257
2011-03-22,0.35304953752447404,0.35024432874754496,0.35983358187013476,30.89413452148437,0.04593992285563167,-0.01729239806351557
2011-03-23,0.34284392494779925,0.3491771533986097,0.35983358187013476,31.23748207092285,0.07619780177251441,0.011113680792699032
2011-03-24,0.35400629864430094,0.35195178654125503,0.36764392244402233,31.409156799316406,0.053436665505631024,0.005495792778809072
2011-03-25,0.35411259913610443,0.3561137504830894,0.3707680705741873,31.502145767211918,0.03840609156701111,0.002960568744001968
2011-03-28,0.35655770887516913,0.35792791727497314,0.3723301148877449,31.444921493530277,0.05865003805616833,-0.001816519868344968
2011-03-29,0.35336843899988446,0.357394343828372,0.3683133912580648,31.87410545349121,0.043161500058051784,0.013648752789834129
2011-03-30,0.3624046611263276,0.36326376556391643,0.3810330904641974,32.25321960449219,0.04808622624714579,0.011894111085067438
2011-03-31,0.36378668090696403,0.36166301676838003,0.37891311580357123,32.03147506713867,0.04088941780512662,-0.006875113246760378
2011-04-01,0.36336142224615453,0.3665719721531629,0.38248359631078116,32.28898239135742,0.04128126733490718,0.008039196561476114
2011-04-04,0.36538130167120747,0.36582495225448153,0.37779737411553366,32.067237854003906,0.03951391307713147,-0.006867498475667921
2011-04-05,0.361979402465518,0.3667853901495102,0.3805867878386774,32.43204498291016,0.062123469690519496,0.011376319050838024
2011-04-06,0.37005886347213424,0.36891974084738066,0.38181412749673865,32.39628219604492,0.04442896396919386,-0.001102699101585669
2011-04-07,0.36708222292725434,0.36614513616046834,0.3766816026759712,32.09585189819336,0.03880439129481275,-0.009273604175735972
2011-04-08,0.36665696426644484,0.36859961385285966,0.3823719685892325,32.11015701293945,0.03652908394287705,0.00044569979919728553
2011-04-11,0.36251096161813107,0.3652913503521475,0.3810330904641974,32.18168640136719,0.027000528916237734,0.0022276249972528195
2011-04-12,0.3618731019737146,0.36571824325630786,0.37690476886449364,32.14592361450195,0.05388979191661184,-0.0011112775887255344
2011-04-13,0.36686956525005177,0.37991156441978824,0.38716975900297884,33.32617950439453,0.10634280222402827,0.03671556941546794
2011-04-14,0.3781382677851548,0.3798048554216146,0.39174441297972756,33.354793548583984,0.09621760388043912,0.0008586055952102267
2011-04-15,0.38175271128085553,0.3932511566864136,0.39977791974213767,33.97711181640625,0.10189377813898887,0.01865753619238597
2011-04-18,0.3843041498585215,0.38119218622080364,0.38850869663106374,33.319026947021484,0.09462924261774835,-0.01936847584164003
2011-04-19,0.38281582958608157,0.3806585843184696,0.3994431555835914,33.433475494384766,0.09018021853270895,0.0034349306642496025
2011-04-20,0.3910015343909056,0.40232210446876365,0.41182812038270283,34.79256057739258,0.07312912006398596,0.04065042783948902
2011-04-21,0.40641623957432244,0.4084049157449226,0.42711409687498164,35.29327774047852,0.06049318214069172,0.014391500791445022
2011-04-25,0.40811716083036925,0.4060571470507048,0.4180764166430328,34.46352005004883,0.06669988518647522,-0.0235103607131969
2011-04-26,0.4011008181289792,0.4173691545290991,0.42309734349377665,35.3361930847168,0.09961847078705316,0.025321645421032102
2011-04-27,0.41205056249507616,0.41598182372991005,0.4320234555072267,35.78683853149414,0.05276745746094405,0.012753084230011424
2011-04-28,0.41609026465158644,0.4205706521201719,0.436821245920973,35.99427795410156,0.042229446444005836,0.005796528308161797
2011-04-29,0.4209804841297157,0.42206469191753465,0.4388295928600506,35.70100021362305,0.04482565114749023,-0.008147898975845336
2011-05-02,0.4204489249771027,0.42291842081438963,0.44094956752067677,36.080116271972656,0.05039378458918689,0.010619199912638377
2011-05-03,0.42289400636936975,0.42206469191753465,0.4418421727717167,36.19456481933594,0.04227459783015339,0.0031720670327270994
2011-05-04,0.42374446699739293,0.42238481891205565,0.43113085025618664,35.4077262878418,0.07550763058425894,-0.0217391350171392
2011-05-05,0.41109380137524915,0.4142743659361999,0.42979191262810174,35.17167282104492,0.06946863268702348,-0.006666721971298362
2011-05-06,0.41768488541582977,0.42046394312199825,0.43235816016272294,35.57224655151367,0.049674587509836554,0.011389100896817883
2011-05-09,0.4161966218369855,0.41512809483305496,0.4347012712603467,35.679542541503906,0.037058000180605545,0.0030162837715310697
2011-05-10,0.41885430421285935,0.4227050028180423,0.4360402088884317,36.24463653564453,0.08536514570997329,0.015838039220466005
2011-05-11,0.42321290784478,0.4217445080115479,0.43693281413947177,35.78683853149414,0.059454700259297964,-0.012630779279581783
2011-05-12,0.41609026465158644,0.4211042540225059,0.4339202342278055,36.00143051147461,0.07309041887585949,0.005996393891894547
2011-05-13,0.4610586609130038,0.471687961490629,0.4599175332356144,37.61087417602539,0.21886973180076627,0.04470499204296363
2011-05-16,0.44107269442046365,0.4468229437492622,0.46382271839832073,37.42489242553711,0.10834720125907865,-0.004944893054542043
2011-05-17,0.4358636301605195,0.4351908661878126,0.44976411131562805,36.60228729248047,0.09330695202342712,-0.02198016025545957
2011-05-18,0.4298040485789563,0.4344438462891314,0.4518840264732044,37.00286102294922,0.08096449811009197,0.010943953509458426
2011-05-19,0.4384150120445898,0.43593782917502827,0.45244192706874814,36.59513473510742,0.10774894539262354,-0.011018777374779853
2011-05-20,0.4300166495625632,0.42772066720099894,0.44552416199437556,36.26609420776367,0.06694821781028677,-0.008991373572621031
2011-05-23,0.41577136317617597,0.41278032613883714,0.4239899487448166,35.12160110473633,0.08757433853219293,-0.03155821237519252
2011-05-24,0.4097117815946128,0.40669745795121265,0.4227626388382803,34.82832717895508,0.06889617761265271,-0.008350243626612519
2011-05-25,0.39929359638112877,0.40755118684806774,0.4198616271451128,35.06437683105469,0.07563663454468052,0.006777519083438488
2011-05-26,0.40418375916566246,0.4105392664427931,0.4253288863729016,35.32904052734375,0.06509217332972121,0.007547936686975731
2011-05-27,0.4114127028506596,0.4121400152383295,0.431465554911683,35.47925567626953,0.03968806842370061,0.00425188872054183
2011-05-31,0.414495643887343,0.41512809483305496,0.4320234555072267,35.67238998413086,0.050977527510094565,0.005443583981117994
2011-06-01,0.415558762192569,0.4125669081424898,0.41707224317349406,34.33476257324219,0.0851829276158778,-0.037497555153543805
2011-06-02,0.39833683526130187,0.4001877537708933,0.41684904723344657,34.46352005004883,0.06647251570623218,0.0037500616621994887
2011-06-03,0.3900447732710787,0.3929310296918926,0.4053566876853752,33.927040100097656,0.05658919978843351,-0.01556660344538463
2011-06-06,0.3885564529986388,0.3881287833052833,0.40714195769050515,33.662376403808594,0.037885238076808964,-0.007800966294383649
2011-06-07,0.3913204925599117,0.3939981765850949,0.4089271681925852,34.12017059326172,0.0844782434820749,0.013599580254272547
2011-06-08,0.3914267930517152,0.3942115945814422,0.41093551513166277,34.14878463745117,0.09764954784111872,0.0008386254726142628
2011-06-09,0.3948286355638089,0.40552360205983645,0.4151754049498653,34.84263229370117,0.06537920714165925,0.020318370437378608
2011-06-10,0.40131341911258606,0.40349596036013974,0.4198616271451128,34.470672607421875,0.07976637382767651,-0.010675418640701873
2011-06-13,0.39929359638112877,0.3977332760785018,0.40836926759704145,33.99856948852539,0.08215617219448637,-0.013695790745749337
2011-06-14,0.4002503575009558,0.4136340550356922,0.4207542323961529,35.02861404418945,0.09962653353457951,0.030296702807207865
2011-06-15,0.40141977629798514,0.39837358697900943,0.409931341662124,33.88412094116211,0.07036682276145877,-0.03267309125001461
2011-06-16,0.3885564529986388,0.39090338799219576,0.40033576083463146,33.662376403808594,0.05986267528413123,-0.006544202157068302
2011-06-17,0.393127714307762,0.39410488558326856,0.41060081047616653,33.927040100097656,0.08799360140356309,0.007862299830356578
2011-06-20,0.38685553174259185,0.39912060687769085,0.4052451194668765,34.60658264160156,0.07733142407471909,0.020029526286377886
2011-06-21,0.4039711581820556,0.4182228834259541,0.4258867274653954,35.63662338256836,0.0710328057071352,0.02976430096072402
2011-06-22,0.41321998129210563,0.41310045313335814,0.4287877391585629,35.014305114746094,0.0430163706025775,-0.017462885334042944
2011-06-23,0.39844313575310536,0.4092586446417777,0.412162884541249,35.3218879699707,0.06977985474154057,0.008784491201999423
2011-06-24,0.4105622422226363,0.4076578958462413,0.42231630646123547,34.685264587402344,0.0510662177328844,-0.018023481165830968
2011-06-27,0.4002503575009558,0.4057370200561838,0.4167374790149478,34.94277572631836,0.0604512558535547,0.007424222994381946
2011-06-28,0.4074793011859528,0.42238481891205565,0.4267793922194853,36.10872650146485,0.06605970303288311,0.0333674343526269
2011-06-29,0.4261895483896599,0.4269736473023175,0.444854752683383,36.18741226196289,0.07009268934556291,0.0021791341905910144
2011-06-30,0.42353186601378606,0.4360445950846677,0.44630519902691684,36.55937194824219,0.07021846820697394,0.010278703643870957
2011-07-01,0.4308671101905867,0.43753857797056467,0.4511029894406631,37.19599533081055,0.05470251686726783,0.01741341135371899
2011-07-05,0.43830871155278633,0.43615130408284136,0.4551197428218681,36.95278930664063,0.03347491517989602,-0.006538500233880251
2011-07-06,0.4338437507354666,0.43487068228182596,0.4547850381663719,37.06723785400391,0.04819104196498833,0.0030971558442738356
2011-07-07,0.4436241329981298,0.4427677172613343,0.4581323227335344,37.467811584472656,0.04599313698930557,0.010806678718454199
2011-07-08,0.4289535879509328,0.43359006048081056,0.4268909604379841,35.929901123046875,0.17042229446444004,-0.04104617794285903
2011-07-11,0.41194426200327267,0.4137407640338659,0.4287877391585629,35.11444854736328,0.05864681295715778,-0.022695653207921884
2011-07-12,0.402801739385026,0.4004011717672406,0.413948095043329,34.38483428955078,0.08601500316059703,-0.020778177872518122
2011-07-13,0.3991872958893253,0.4008280646714009,0.4094850092850792,34.434906005859375,0.10883741630868067,0.0014562151408654689
2011-07-14,0.39939989687293237,0.39634594527931283,0.40769979878299895,33.855506896972656,0.07568984867835442,-0.01682592392696325
2011-07-15,0.3923835541715421,0.38930263919665936,0.40245573549525765,33.67668151855469,0.07662996503992672,-0.005282017456189947
2011-07-18,0.38281582958608157,0.38023174832577494,0.38281830096627745,32.51788330078125,0.14055949017634842,-0.03440951321569441
2011-07-19,0.37271654584800806,0.3836466639131951,0.3928601546677651,33.5765380859375,0.07183263026174903,0.032556079230741775
2011-07-20,0.3853672114701519,0.38321977100903476,0.3986621185510502,33.562232971191406,0.07764425867874143,-0.0004260449576273251
2011-07-21,0.3873870908952049,0.385994432607413,0.40167469846271636,33.562232971191406,0.08715991330933859,0.0
2011-07-22,0.3853672114701519,0.38428697481370283,0.4018978348997139,33.540771484375,0.03807874401744134,-0.000639453484362229
2011-07-25,0.37728780715713134,0.3798048554216146,0.39721167220751624,33.19027328491211,0.03295889933820968,-0.010449914654651615
2011-07-26,0.37346070598422804,0.3727615493389612,0.3806983560571762,32.07439041137695,0.1070249106647574,-0.03362077991814616
2011-07-27,0.3586838604452277,0.3554734395825817,0.35470108680089213,30.371959686279297,0.13892920262652064,-0.05307757071179742
2011-07-28,0.33667807122123034,0.3377584653777746,0.3501264328241434,30.171674728393555,0.16031644671491416,-0.00659440352069951
2011-07-29,0.327854478425192,0.3388256407267099,0.34354343190831704,30.157367706298828,0.07790549169859515,-0.00047418720450620455
2011-08-01,0.3393357535971041,0.3377584653777746,0.33450575167636826,29.177396774291992,0.11913193235032316,-0.03249524101542034
2011-08-02,0.3152038128030481,0.320256909169315,0.31709986002651314,27.854076385498047,0.1194496046028613,-0.045354299392463715
2011-08-03,0.301702658206083,0.30083447717079786,0.3057190686969405,28.040058135986328,0.09763180979656075,0.006677002960511436
2011-08-04,0.2990449474834114,0.2956053378800283,0.29411514093037033,26.402002334594727,0.13037140240205375,-0.05841841673250092
2011-08-05,0.28596905154725577,0.2866411560073175,0.2774902565615315,26.173105239868164,0.19432672833055975,-0.008669686936078946
2011-08-08,0.26311280169523493,0.2646575088625024,0.24390581291988228,23.290414810180664,0.20513726021388856,-0.11013941231919411
2011-08-09,0.23993759367420797,0.2466223792074415,0.24100483097823988,24.470672607421875,0.17560502857437724,0.050675688125799256
2011-08-10,0.24046915282682108,0.2413932399166719,0.2374343802225548,22.782546997070312,0.22047905620702554,-0.06898566449046273
2011-08-11,0.22771215836607583,0.2545194141869499,0.23832698547359482,24.685264587402344,0.17333294632145207,0.08351645628457205
2011-08-12,0.25779738024989163,0.27543588598282975,0.26677893404600134,25.901287078857425,0.20400686301069443,0.04926106775763128
2011-08-15,0.27661392794540224,0.2821590366152293,0.2894289484866478,26.824033737182617,0.13780203052233703,0.03562551372508471
2011-08-16,0.2792716386680739,0.2881351673489474,0.28485429450989896,26.201717376708984,0.1651960215178606,-0.02319995443530176
2011-08-17,0.27820854870964556,0.2787441210278091,0.2753703116524302,25.60801124572754,0.09748668034108647,-0.022659054078233765
2011-08-18,0.2539702790769883,0.25057089669719573,0.23988905953867729,23.054363250732425,0.15726550305094367,-0.09972066828973947
2011-08-19,0.22367245620956555,0.23082828079269196,0.22906613905312356,22.23176002502441,0.12809609505011804,-0.03568102127834227
2011-08-22,0.22633016693223723,0.2248521500589738,0.22226000170029964,21.81688117980957,0.1447908200781764,-0.018661538481336892
2011-08-23,0.21293531282707556,0.2252790145074013,0.22002845882117467,22.78969955444336,0.1837516286750003,0.044590166972815704
2011-08-24,0.22494814715160072,0.23477682673817896,0.23497970090643228,23.66237449645996,0.1193383386869977,0.03829251631562003
2011-08-25,0.2416385432770527,0.24278057071586107,0.2461373260474824,23.626609802246094,0.1443796199543326,-0.0015114583795983183
2011-08-26,0.23324018079502606,0.2541992587366961,0.24111639919673855,24.94277572631836,0.15710424810041668,0.05570693108696201
2011-08-29,0.26300647285663364,0.2745821570859747,0.27615134868497143,26.266094207763672,0.16564269773082033,0.05305417873156015
2011-08-30,0.2740625460613319,0.2769299257801925,0.2831806522263178,26.194562911987305,0.07927293367906395,-0.0027233320344683953
2011-08-31,0.2770391582594139,0.28738817590599885,0.2895405167051465,26.373390197753903,0.11313486074022472,0.006826885654379833
2011-09-01,0.27746438857342565,0.27981126792101146,0.28083757088021893,25.63662338256836,0.10092141078731116,-0.02793599190931051
2011-09-02,0.25726584944407643,0.25558658953588514,0.2620927416022788,24.60658073425293,0.11923029787014461,-0.040178561464370044
2011-09-06,0.2348348015592695,0.24448802850957113,0.24156270182225859,24.263233184814453,0.16190803307661544,-0.013953484766801805
2011-09-07,0.2522693578209414,0.2643373534122485,0.2668905320160251,25.529327392578125,0.13461402015041862,0.05218159501331754
2011-09-08,0.2626875713812232,0.26017538947041424,0.2609769701627163,24.42060089111328,0.1311534889121096,-0.043429522619823246
2011-09-09,0.24397732417751616,0.2497171678003407,0.25149298730524744,23.862661361694336,0.09233135957273887,-0.02284708439021177
2011-09-12,0.23366541110903782,0.23915220867636067,0.24078166478971735,23.898426055908203,0.11067088509617244,0.0014987722313017926
2011-09-13,0.24259530439687965,0.25473283218329723,0.2553981724679537,24.87839698791504,0.11527632648322303,0.041005668311138166
2011-09-14,0.25960463034453984,0.2786373835739026,0.26923361336212387,26.165950775146484,0.14649044725673077,0.0517538886390827
2011-09-15,0.28086625943231724,0.2785306745757289,0.2854121951054428,26.494993209838867,0.10113426732200678,0.012575214159805004
2011-09-16,0.2816104195685372,0.28045157882151917,0.28139544172423775,26.008583068847656,0.1041674729414193,-0.018358568244908335
2011-09-19,0.2626875713812232,0.2591082425772118,0.2613117045697375,25.007152557373047,0.12568533353973965,-0.03850384731931411
2011-09-20,0.26204971173680675,0.2706336395962206,0.2738082375873477,25.071531295776367,0.08855315608189171,0.0025744129906681845
2011-09-21,0.2592857005223316,0.2558000075322325,0.24200900444777862,23.06867027282715,0.17958641330288838,-0.07988586733378455
2011-09-22,0.21676241399997886,0.21834244587865448,0.22571885448596096,22.381975173950195,0.1338077453977837,-0.029767433092397155
2011-09-23,0.21580565288015197,0.2250655965110539,0.2268346259255234,22.66094398498535,0.0893126668988738,0.012463994301979309
2011-09-26,0.22686169773805243,0.2282670941021268,0.23285975599733105,23.168811798095703,0.11499251777029554,0.02241159121380165
2011-09-27,0.24142591394664792,0.2500372947948617,0.2527203269633087,24.00572204589844,0.09881219603441825,0.036122277443313866
2011-09-28,0.24397732417751616,0.24085966647007073,0.23520283734342978,22.63233184814453,0.09608214972199645,-0.05721095141933308
2011-09-29,0.23175186052258617,0.23221561159188092,0.23274815802730736,23.261802673339844,0.09895732548989254,0.027812901888274455
2011-09-30,0.22462921732939245,0.22442528561054625,0.22928930524164598,22.353361129760746,0.0860053278635654,-0.0390529296605312
2011-10-03,0.21474256292172372,0.2124730241431101,0.21065607393372954,21.03004264831543,0.10856489544229007,-0.05919997774667907
2011-10-04,0.1931620040117381,0.21236628668920354,0.20273413538981822,22.18168830871582,0.11314453603725634,0.05476192700411109
2011-10-05,0.21718764431399062,0.22453199460871992,0.2253841200789397,22.975679397583008,0.10208567153011597,0.035794889812567066
2011-10-06,0.22611753760183245,0.23936562667270805,0.23375236124837107,23.991416931152344,0.10428841415431453,0.0442092490930297
2011-10-07,0.22962570895252754,0.22954768744740933,0.22237156991879842,22.43919944763184,0.17377639743540127,-0.06469886659778656
2011-10-10,0.22792478769648056,0.2381917423255991,0.24011219597567485,23.82689476013184,0.0783134667234284,0.06184246081231981
2011-10-11,0.23568526218729297,0.24523504840825244,0.2461373260474824,24.2703857421875,0.0796809087038972,0.01861304154487331
2011-10-12,0.24993057692047804,0.25025074124694185,0.25550974068645255,24.163089752197266,0.16277074706193478,-0.004420860514125602
2011-10-13,0.24057545331862445,0.2377648778771716,0.23866171988061607,23.226037979125977,0.18179560612510803,-0.0387802960085466
2011-10-14,0.2387682032239763,0.23925891767453433,0.2512698508682499,23.84835433959961,0.1226231020292323,0.026793909535191895
2011-10-17,0.2372799112983342,0.23829845132377275,0.2483688391750825,23.655221939086918,0.10410780860972431,-0.008098353360676103
2011-10-18,0.23738621179013764,0.24107311292215095,0.24145113360375975,23.9484977722168,0.12783324948075905,0.01239793200355832
2011-10-19,0.2403628239882198,0.24203355081717964,0.24926147417764738,23.597997665405277,0.07015557877626842,-0.014635577986780723
2011-10-20,0.23844930174856588,0.24246041526560713,0.24524472079644238,24.1273250579834,0.1000699846485287,0.022431029957856063
2011-10-21,0.250674737056698,0.2594283695717328,0.26454742091840133,25.228899002075195,0.08857573177496549,0.0456566959430631
2011-10-24,0.2646010936208771,0.2838665228646722,0.2782712935940727,26.85264587402344,0.12913457693151179,0.06436059186786891
2011-10-25,0.2790590093376691,0.280238132369439,0.28251121316380023,25.70100212097168,0.11027097281886554,-0.04288753363279674
2011-10-26,0.2687471246159886,0.26604481120595863,0.27146515624124884,25.60085868835449,0.13178560831817537,-0.003896479683781484
2011-10-27,0.28809520311731446,0.3123598741898066,0.2963466540579704,28.612302780151367,0.1925400234787208,0.11763058921014813
2011-10-28,0.3097820908659014,0.31929647127428623,0.32580280585144067,29.248926162719727,0.1338254834423417,0.022249987617563916
2011-10-31,0.30988839135770485,0.30777104579954473,0.2964582520279941,26.51645278930664,0.15989718384354398,-0.09342132282777127
2011-11-01,0.26088032128657507,0.26604481120595863,0.26956834776914507,25.24320411682129,0.16260787956190254,-0.04801730769203105
2011-11-02,0.2670462033599417,0.2712739220409954,0.2789407624081152,25.865522384643555,0.08247545699652979,0.024652903210792276
2011-11-03,0.27757071741202693,0.2808784432699467,0.2849658924799227,26.559370040893555,0.09618374034082845,0.026825194014327813
2011-11-04,0.27501930718115886,0.27671647932811233,0.28251121316380023,26.402002334594727,0.06272817575499567,-0.0059251294762084905
2011-11-07,0.27746438857342565,0.2851471162099547,0.2895405167051465,26.99570846557617,0.07995504211979307,0.022487163036248425
2011-11-08,0.2904339840177778,0.2951784734316007,0.3018139132857592,27.718168258666992,0.07243411122721467,0.026762023823604153
2011-11-09,0.28394920046900063,0.28290605651391065,0.2810607073172165,25.801143646240234,0.13992092057226158,-0.06916130223819306
2011-11-10,0.2785274785318539,0.2813053077183742,0.2887594796726053,26.36623764038086,0.07741688919849839,0.021901897136368698
2011-11-11,0.28596905154725577,0.2888821872476287,0.2980202963415517,26.7954216003418,0.07970025929796044,0.016277785469991812
2011-11-14,0.28097255992412073,0.28472025176152727,0.29567721499545285,26.85980033874512,0.05020189119805978,0.00240260218195254
2011-11-15,0.2897961527201591,0.29283070473738293,0.2980202963415517,27.360515594482425,0.0858505231110595,0.018641808554884287
2011-11-16,0.28320504033278066,0.30158149706947923,0.29779715990455413,27.596567153930664,0.178048041074861,0.008627452894047094
2011-11-17,0.29383585487666936,0.29272399573920926,0.29456144355589037,26.616594314575195,0.09287317620650953,-0.035510679059800654
2011-11-18,0.2849059615888275,0.28141201671654786,0.29132572720722655,26.330472946166992,0.07725240914896087,-0.010749736236973173
2011-11-21,0.2669398745213404,0.2652977913072773,0.27202302708526765,25.60085868835449,0.08169337048647393,-0.02770988046071976
2011-11-22,0.2649200234430853,0.2666851221064663,0.2738082375873477,25.45064353942871,0.05122424758440084,-0.005867582441447916
2011-11-23,0.2584352398943081,0.25601345398431263,0.25774125381405244,24.034334182739254,0.08736309454700258,-0.05564925517483588
2011-11-25,0.2415322144384514,0.2481164190048043,0.25350136399584994,24.19885635375977,0.04295025607286144,0.006845297638353953
2011-11-28,0.25971093083634333,0.26412390696016835,0.27023781658318763,25.15021514892578,0.060797953997187716,0.03931420482266712
2011-11-29,0.26226231272041367,0.2615627202696032,0.27168829267824646,25.050071716308597,0.05498632558019532,-0.003981812164396636
2011-11-30,0.2751256076729623,0.2834396299605118,0.29043312195618654,26.824033737182617,0.06685468993898112,0.0708166443978322
2011-12-01,0.282779810018769,0.29080309149341904,0.29623508583947167,27.05293273925781,0.06307971154714449,0.008533354987467767
2011-12-02,0.2943674140292824,0.2929374421912895,0.29199519602126905,26.29470634460449,0.07018782976637382,-0.028027511913820025
2011-12-05,0.2852248914110358,0.2854672716602086,0.29311093770930663,26.50929832458496,0.06518731375053213,0.008161033523939931
2011-12-06,0.28097255992412073,0.27981126792101146,0.2898752511121678,26.45207405090332,0.04739282995987977,-0.002158649126845047
2011-12-07,0.27608239713958704,0.27607619688333745,0.2801681020661765,26.223175048828125,0.05944341241276107,-0.008653347999658223
2011-12-08,0.2714048353386602,0.2695664642472853,0.26577476057646254,24.620887756347656,0.08885470283937716,-0.061101956170333094
2011-12-09,0.2567342902914635,0.2598552340201603,0.2672252366715214,25.27181625366211,0.04872640840073791,0.026438059575923933
2011-12-12,0.2563090599774516,0.2538791032864422,0.25484027187241,24.1273250579834,0.07961963182269695,-0.045287255343701815
2011-12-13,0.2483359561562346,0.24832983700115158,0.2507119502727062,23.712446212768555,0.06019969813073262,-0.01719539336490039
2011-12-14,0.23706728196792942,0.2381917423255991,0.24557945520346364,23.555078506469727,0.06522762748816388,-0.006636502404129385
2011-12-15,0.2427016048886831,0.24171339536692577,0.2531666295888287,23.927038192749023,0.06360862778487299,0.01579106120054452
2011-12-16,0.24482778480553952,0.2466223792074415,0.25394766662136997,23.93419075012207,0.06180740998748662,0.00029893199966624096
2011-12-19,0.24376469484711133,0.24352759061454238,0.2526087587448099,23.769670486450195,0.07178264122708566,-0.00687385946696506
2011-12-20,0.24759179602001463,0.25238506348907946,0.26164643897675877,24.735336303710938,0.07417888979191661,0.04062596567382859
2011-12-21,0.2522693578209414,0.2509977611456232,0.2605306675371963,24.57796859741211,0.05189990582710889,-0.006362060509976564
2011-12-22,0.24674133539199122,0.2551596966317248,0.2612001363512388,24.921316146850582,0.033923203942361035,0.013969728542766013
2011-12-23,0.2566279897996599,0.25878808712695794,0.2699030821761664,25.293275833129883,0.022643420152998694,0.014925362853530855
2011-12-27,0.2603487904807598,0.2608157003709219,0.27514717521543264,25.21459197998047,0.022932066514441997,-0.0031108605175748094
2011-12-28,0.2609866217783785,0.2584679316767042,0.2624274760093,24.399141311645508,0.032796031838177434,-0.03234042688386163
2011-12-29,0.24918641678425807,0.2561201629824863,0.2625390442277988,25.07868385314941,0.03445212018008953,0.027851084299411966
2011-12-30,0.2575847509194869,0.26017538947041424,0.27135355827122515,24.985692977905277,0.022546667182682507,-0.003707964731668123
2012-01-03,0.26725880434354865,0.27596945942943096,0.28161857816123526,26.09442138671875,0.058432343872956906,0.04437453104838496
2012-01-04,0.2705543747106368,0.2692463087970315,0.27994493587765407,25.886981964111328,0.06642252667156881,-0.007949569738802564
2012-01-05,0.2676840346575604,0.27949111247075764,0.28139544172423775,26.466381072998047,0.10175026123301985,0.022381871694814537
2012-01-06,0.280547329610109,0.2820523276170556,0.2935572700863516,26.752504348754883,0.06738199362720435,0.010810819770472824
2012-01-09,0.28618168087766055,0.29122995594184653,0.3009212782831942,27.45350456237793,0.06283782912135402,0.02620316230901465
2012-01-10,0.2989386469916078,0.3019016525197331,0.31364097748932684,27.96852684020996,0.06332320652244024,0.018759800835694174
2012-01-11,0.29957650663602436,0.30062103071871765,0.3127483722382868,27.839771270751957,0.05482345808016307,-0.004603587818322041
2012-01-12,0.3023405178504995,0.30360911031344323,0.310851593517708,28.26895523071289,0.05548137827831314,0.01541621717315711
2012-01-13,0.301490057222476,0.2996605928236889,0.3124136378312656,27.93991470336914,0.0729775404104906,-0.011639642309322573
2012-01-17,0.3089316302378779,0.312253165191633,0.32580280585144067,28.60515022277832,0.08514422642775132,0.023809504304927787
2012-01-18,0.3114830121219483,0.3222845224132789,0.3274764481350219,29.52074432373047,0.06288943070552265,0.032008015823075775
2012-01-19,0.32604725667734163,0.33274277253908524,0.3415350552177146,29.935623168945312,0.06110917605170479,0.014053807067504698
2012-01-20,0.33029955981745884,0.32836739060090353,0.33673729455549317,29.32761001586914,0.07947450236722267,-0.020310689697180417
2012-01-23,0.3208381357238018,0.3210039290679963,0.335063652271912,29.32761001586914,0.06790123456790123,0.0
2012-01-24,0.3212633660378135,0.3399995250738188,0.3380762024320533,30.472103118896484,0.11448940232465137,0.03902442450673815
2012-01-25,0.3419934643197758,0.3530189618901902,0.3548126550193909,31.50929832458496,0.09643046041513474,0.03403753267838239
2012-01-26,0.35687661035057955,0.35984884997649624,0.35682103170999346,30.51502227783203,0.12183940296967116,-0.03155500438348868
2012-01-27,0.3367843717130338,0.3395726321696584,0.3544779206123696,30.529327392578125,0.04614471664280094,0.0004687892611006106
2012-01-30,0.3320005094203036,0.3421338473159563,0.3483412223220633,30.8726749420166,0.057297109021246954,0.011246482604197361
2012-01-31,0.3468836554511073,0.3458689183536304,0.3549242232378897,30.379112243652344,0.0671659119934982,-0.015987040296677857
2012-02-01,0.3442259447284357,0.3552599931305015,0.3622882611862573,31.60944175720215,0.0849636208831611,0.04049919246099365
2012-02-02,0.35623877905296086,0.3561137504830894,0.3699870335416461,31.27324676513672,0.04160377723596115,-0.010635904127880624
2012-02-03,0.358258630131216,0.3646510963631055,0.37612373183195236,32.38912582397461,0.0700233497168363,0.035681586476076
2012-02-06,0.3618731019737146,0.3605958698751776,0.37723947351998993,31.945636749267575,0.05869518944231588,-0.013692529928633124
2012-02-07,0.3620857029573215,0.36016897697101724,0.3762353000504511,31.90271759033203,0.048836061767096255,-0.0013435061342619292
2012-02-08,0.3614478716597028,0.361983143762901,0.3783552449595524,32.167381286621094,0.040320187829766374,0.008295960854735052
2012-02-09,0.3646371415349875,0.3651846413539738,0.3771279053014911,32.25321960449219,0.041929512236025646,0.0026684894585060626
2012-02-10,0.35655770887516913,0.3536592443349651,0.3683133912580648,31.57367706298828,0.051054929886347515,-0.021068983184837187
2012-02-13,0.3613415711678994,0.358248072725227,0.36842495947656356,31.35908508300781,0.06867687087993601,-0.00679654699553589
2012-02-14,0.35124228742982583,0.3534458263386177,0.36641658278596106,31.316165924072266,0.050419585381271205,-0.0013686355587841925
2012-02-15,0.35932172008964425,0.3561137504830894,0.36742078600702477,31.21602249145508,0.04769598926687049,-0.003197819070827057
2012-02-16,0.34337548410041224,0.35024432874754496,0.34878752494758336,31.351930618286133,0.15107976314872867,0.004353793852764465
2012-02-17,0.35443152895831276,0.35227194199150885,0.36239982940475607,30.858369827270508,0.08312047679863771,-0.015742596429699773
2012-02-21,0.34624579580669085,0.3441614605599203,0.356151562895951,30.47925567626953,0.055328186075312515,-0.012285618233337181
2012-02-22,0.338591621807682,0.34320102266489166,0.355258957644911,30.557939529418945,0.04715901028161565,0.0025815542867957397
2012-02-23,0.34050514404733584,0.3469360937025657,0.357044168146991,31.051502227783203,0.04554323567733529,0.016151700866123164
2012-02-24,0.34900980702116596,0.35067119319597245,0.3622882611862573,30.77253150939941,0.057597043229227145,-0.008984129538640584
2012-02-27,0.34029254306372886,0.34629581125779074,0.3564862973029722,31.008583068847656,0.03771108273023982,0.007670852798579375
2012-02-28,0.3486908771989577,0.347683113601247,0.3647429405023797,31.20886993408203,0.03914947688894049,0.006459078274866137
2012-02-29,0.35188014707424237,0.35387269078704536,0.36686288541148104,31.201717376708984,0.058872569887895555,-0.0002291834785480562
2012-03-01,0.35124228742982583,0.35376598178887164,0.3682017932880411,31.58798217773437,0.045023994736638415,0.012379600659857326
2012-03-02,0.3558135487389491,0.35504657513415416,0.36753235422552355,31.27324676513672,0.0393945844137415,-0.009963770741250544
2012-03-05,0.3497539671573859,0.347683113601247,0.3576020687425347,30.60085868835449,0.07188906949443348,-0.021500424366932225
2012-03-06,0.33582761059320687,0.335090541233303,0.3502380307941671,30.24320411682129,0.07609298605467188,-0.011687729915543454
2012-03-07,0.3377411328328607,0.34725624915281944,0.35514738942641216,31.08726692199707,0.07017654191983694,0.02790917264967674
2012-03-08,0.35294320868587276,0.357394343828372,0.36440820609535857,31.67382049560547,0.07766522182230993,0.018867968518434086
2012-03-09,0.35655770887516913,0.36219661867071407,0.3764584662389736,31.866952896118164,0.06040287936839662,0.0060975404132095345
2012-03-12,0.3586838604452277,0.3578212082767994,0.36686288541148104,31.201717376708984,0.05092108827741012,-0.02087540410838007
2012-03-13,0.3535810683302893,0.36326376556391643,0.3711027752296836,32.26752471923828,0.04415483055329799,0.034158611516841964
2012-03-14,0.3661254051138318,0.36390407646442413,0.38114465868269615,32.167381286621094,0.05319317053033528,-0.0031035362485515305
2012-03-15,0.3657002031466179,0.3712675095415985,0.38326463334332245,32.80400466918945,0.03933653263155179,0.019790960815114333
2012-03-16,0.3745237675958584,0.3721212384384535,0.3888434012865601,32.63233184814453,0.04279545132035554,-0.00523328851998861
2012-03-19,0.36942100382771775,0.36891974084738066,0.3867234861289837,32.44635009765625,0.04522717597430241,-0.005699309241942951
2012-03-20,0.3655939026548144,0.3630503475675691,0.3793594481806162,32.067237854003906,0.030380432679283254,-0.011684280127388758
2012-03-21,0.36346772273795797,0.3627301636615824,0.37824367674105364,31.988555908203125,0.026860237109279254,-0.0024536552277749646
2012-03-22,0.3538999981524975,0.35067119319597245,0.365077674909401,31.266094207763672,0.061380084368590125,-0.022585005165993932
2012-03-23,0.34943503733517767,0.3539793997852189,0.3642966378768598,31.68812561035156,0.06736748068165692,0.013498053187695369
2012-03-26,0.36325512175435104,0.3627301636615824,0.38080992427567495,32.224605560302734,0.06957022330585548,0.016929999475132185
2012-03-27,0.3651686439940049,0.375109318033179,0.3848266479053551,32.66809844970703,0.07716694402518157,0.013762554473300659
2012-03-28,0.3691020456587117,0.36646526315498923,0.3747847942038674,31.895565032958984,0.06105273681902034,-0.02364794565368944
2012-03-29,0.3550693886027292,0.35643387747761046,0.37322274989030985,31.802574157714844,0.04299702000851426,-0.0029154797899973994
2012-03-30,0.3620857029573215,0.3599555589746699,0.3737806207343286,31.838340759277344,0.043764593573022696,0.001124644860039492
2012-04-02,0.3594280205814477,0.36262345466340873,0.3762353000504511,32.09585189819336,0.04239392649354336,0.008088082882930392
2012-04-03,0.3618731019737146,0.3630503475675691,0.37891311580357123,32.067237854003906,0.05353664357495776,-0.0008915184516745667
2012-04-04,0.3576207704867995,0.35558014858075543,0.36652815100445985,31.287553787231445,0.04530619090006063,-0.0243140388430777
2012-04-05,0.3503918268018024,0.36123612386421966,0.36887126210208365,32.02431869506836,0.10321284363429957,0.023548178705411926
2012-04-09,0.3553883184249374,0.3521652329933352,0.3686480959135611,31.15164566040039,0.07498516454455151,-0.027250323198986792
2012-04-10,0.3486908771989577,0.3480032690515008,0.3509074698566847,30.257511138916016,0.08907562212159913,-0.028702641627083914
2012-04-11,0.343056554278204,0.3407465165167673,0.3559284264589534,30.379112243652344,0.04621405627152754,0.004018873336212092
2012-04-12,0.3393357535971041,0.3473629581509931,0.357044168146991,31.137338638305664,0.026644155475573104,0.024958806846363757
2012-04-13,0.34560796450907216,0.343414440661239,0.35358531536132964,30.21459197998047,0.04533521679115549,-0.029634731119570268
2012-04-16,0.33901685212169375,0.3372248634754406,0.34923382757310334,30.035764694213867,0.0469961427815834,-0.005918573578127084
2012-04-17,0.33699700104343855,0.33754501892569455,0.35514738942641216,30.50786781311035,0.038191622482810224,0.01571803227594981
2012-04-18,0.33582761059320687,0.33573085213381076,0.3515769386707272,30.27181625366211,0.030196602035682495,-0.0077373994437854865
2012-04-19,0.33710330153524204,0.33573085213381076,0.34655601181998336,29.985692977905277,0.05269328018370164,-0.009451804059567137
2012-04-20,0.3345518913043739,0.3388256407267099,0.3519116730777484,30.11444854736328,0.036283976418076035,0.004293900079377133
2012-04-23,0.32594092783874035,0.32303154231196024,0.33539835692740827,29.52074432373047,0.040734613052620716,-0.019714929287150906
2012-04-24,0.31552274262525637,0.313106894088488,0.31966610756113434,28.469242095947266,0.16405594901763484,-0.0356190960584265
2012-04-25,0.31467225365043516,0.32388527120881533,0.3324973749857658,29.45636558532715,0.07382412890075725,0.03467333222475921
2012-04-26,0.32338954595466995,0.33018158584852014,0.34131191878071704,30.035764694213867,0.046625256395371344,0.019669741917357486
2012-04-27,0.3348708211265821,0.3365845810306658,0.34655601181998336,30.443490982055664,0.05786472644710192,0.013574693103130642
2012-04-30,0.33816636314687243,0.33733160092934716,0.3512422042637059,30.171674728393555,0.0334281512442432,-0.008928550731002738
2012-05-01,0.33306357103193396,0.3429875762128114,0.34923382757310334,30.736766815185547,0.04971167614845776,0.018729225072156908
2012-05-02,0.3401862425719254,0.34117340942092766,0.3548126550193909,30.78683853149414,0.045398106221861016,0.0016290495552009343
2012-05-03,0.3449701048646557,0.3417069828675289,0.3534737471428309,30.19313240051269,0.03008049847130307,-0.019284413707308823
2012-05-04,0.3343392903207669,0.3325293545427379,0.3398614129341333,29.33476448059082,0.040918443696221475,-0.028429243727864928
2012-05-07,0.3186056553151419,0.3197233357227138,0.33216267033026936,29.227468490600582,0.05039700968819743,-0.0036576393876019964
2012-05-08,0.3183930543315349,0.3157748182329596,0.32379442916083817,28.80543708801269,0.08814679360656372,-0.014439546918803892
2012-05-09,0.30786854027944976,0.31214645619345927,0.32357129272384066,28.562231063842773,0.0885644439284286,-0.008443059670534492
2012-05-10,0.3179678240175232,0.31769572247874983,0.3255796694144431,28.42632293701172,0.04449024085039411,-0.00475831620181455
2012-05-11,0.30648652049881325,0.3111859898426977,0.3224555212842781,28.218883514404297,0.07846665892642904,-0.007297441285919248
2012-05-14,0.29947020614422093,0.3021150705160804,0.3117441987687481,27.825464248657227,0.08052749719416386,-0.013941702036023185
2012-05-15,0.32115706554601003,0.32484573755957685,0.333724714643827,28.977109909057617,0.1491656668859734,0.041388192128940515
2012-05-16,0.3186056553151419,0.3187628693719522,0.32580280585144067,28.440629959106445,0.07165524981616936,-0.018513921907149178
2012-05-17,0.3316815795980953,0.3284740995990772,0.3249102006004006,28.347639083862305,0.10267908974805526,-0.0032696489275324536
2012-05-18,0.3114830121219483,0.3105457073979228,0.31375257545935054,27.7038631439209,0.10777152108569733,-0.022710037264016547
2012-05-21,0.2990449474834114,0.30937182305081395,0.315760952149953,28.60515022277832,0.054141349639433935,0.032532902511655415
2012-05-22,0.3121208717663648,0.3208972200698227,0.3249102006004006,28.962804794311523,0.09106712076060734,0.012503153059773231
2012-05-23,0.3118019419441565,0.3189763158240324,0.32234395306577934,29.163089752197266,0.06909774630081143,0.006915247307991423
2012-05-24,0.32041290540979006,0.3203636466232215,0.334171017269347,29.341917037963867,0.049318214069171924,0.006131973233499011
2012-05-25,0.32232645599624177,0.323671853212468,0.3379646342135545,29.33476448059082,0.03387644000670821,-0.00024376585087448888
2012-05-29,0.327110318288972,0.3321024616385776,0.3451055059733996,30.171674728393555,0.08326883135312253,0.02852963923935614
2012-05-30,0.3289175683836202,0.3255927574582582,0.3380762024320533,29.57796859741211,0.06071410142291369,-0.019677599481169317
2012-05-31,0.32700401779716853,0.32537931100617806,0.33216267033026936,29.08440589904785,0.08634396325967207,-0.016686835566099067
2012-06-01,0.30297837749491596,0.3021150705160804,0.3075043089505454,27.33905601501465,0.11361862559180566,-0.06000981729148336
2012-06-04,0.2939421553684729,0.29347101563789063,0.2952309123699328,27.06723976135254,0.10771346930350761,-0.009942415477433686
2012-06-05,0.28607535203905926,0.29304415118946314,0.30025183922067666,27.38912773132324,0.07530283679708967,0.011892160885584646
2012-06-06,0.2979818858717809,0.305636723557407,0.31107472995470553,28.44778251647949,0.07474489466826631,0.038652373143871044
2012-06-07,0.3173299643731068,0.31406733198351666,0.32602597203996314,28.583690643310547,0.09356012229575447,0.004777459429476716
2012-06-08,0.30744330996543795,0.3064904524542621,0.3227902556912994,28.32617950439453,0.05985622508611015,-0.009009023436806651
2012-06-11,0.3120145712745613,0.30969195004533495,0.31709986002651314,27.8826904296875,0.03741598617077545,-0.015656508659709245
2012-06-12,0.30021433793364305,0.3029687994129355,0.31297153842680925,28.233190536499023,0.03202845827366901,0.012570526782391678
2012-06-13,0.30297837749491596,0.30627703445791477,0.31598408858695054,27.896995544433597,0.037744946269850484,-0.011907793121390342
2012-06-14,0.30180898704468434,0.30446283921029826,0.3165419891824943,28.14735412597656,0.043595275874969364,0.008974392283362498
2012-06-15,0.3079748407712532,0.3086248031521326,0.32323655831681936,28.619457244873047,0.056503734664654214,0.016772557618863093
2012-06-18,0.30988839135770485,0.3101188144937625,0.32312499009832063,28.7195987701416,0.050584065430808726,0.0034990714328271277
2012-06-19,0.3164795037450833,0.3221778134151052,0.3335015782068295,29.434907913208008,0.05935955983848704,0.02490665516574264
2012-06-20,0.32402737725228864,0.32356514421429433,0.3320510723602457,29.07010078430176,0.06396822632454816,-0.012393690171612515
2012-06-21,0.3188182846455467,0.31961662672454005,0.31832719968457435,27.98283195495605,0.06135912122502161,-0.03740161884587789
2012-06-22,0.30595498969299806,0.3035024013152695,0.31096316173620675,27.918455123901367,0.07425629216816956,-0.0023005831274801603
2012-06-25,0.29489894483509765,0.2926172867410356,0.29991710481365547,26.93848419189453,0.058664551001715755,-0.03510118764300352
2012-06-26,0.29022138303417083,0.28941578914996285,0.3025949503183004,27.174535751342773,0.048200717262019944,0.00876261476951501
2012-06-27,0.29489894483509765,0.29400458908449184,0.30850848242008416,27.43204498291016,0.02616684082201324,0.009476122570177159
2012-06-28,0.290752913839986,0.2882419048028539,0.2976855916860553,26.981401443481445,0.03652908394287705,-0.016427631979659574
2012-06-29,0.2939421553684729,0.30062103071871765,0.31073999554768433,28.06867027282715,0.051054929886347515,0.04029697388488995
2012-07-02,0.30648652049881325,0.303929265763697,0.3124136378312656,27.832618713378903,0.030578776268431446,-0.008409787751034403
2012-07-03,0.2989386469916078,0.3052098591089796,0.31598408858695054,28.283262252807617,0.013292245571939058,0.01619120155632703
2012-07-05,0.3036162087925346,0.3063837434560885,0.31799246527755315,28.161659240722656,0.027602009881703374,-0.004299469099357189
2012-07-06,0.29872604600800085,0.2956053378800283,0.3021486179412554,27.160228729248047,0.06662248281022227,-0.03556006778274301
2012-07-09,0.2896898522283557,0.28952249814813646,0.3001402710021779,26.90987205505371,0.04258259478565992,-0.009217767519193787
2012-07-10,0.292028633128819,0.29304415118946314,0.2969045546535141,26.81688117980957,0.04104099745862198,-0.0034556416713500404
2012-07-11,0.28437443078301233,0.2826926385175633,0.29366883830485035,26.6022891998291,0.03493588503167047,-0.008002122936728195
2012-07-12,0.27842117804005045,0.27511573053257593,0.2873089738260215,26.12303352355957,0.056719816298360363,-0.01801558026339367
2012-07-13,0.274806677850754,0.28077173427177304,0.2885363134840828,26.494993209838867,0.06764161409755279,0.014238763118526787
2012-07-16,0.2776770179038304,0.2770366347783661,0.29099099280020535,26.34477806091309,0.03089161087245379,-0.005669567368297934
2012-07-17,0.27831484920144917,0.28045157882151917,0.29009838754916534,26.709585189819336,0.03797231575009353,0.01384741705026915
2012-07-18,0.28097255992412073,0.2951784734316007,0.2971276910905116,27.43919944763184,0.054641239986067576,0.027316570161134646
2012-07-19,0.2919223042902177,0.29315086018763686,0.30638853751098294,27.51072883605957,0.03927848084936208,0.0026068321914509696
2012-07-20,0.29245386344283075,0.28898892470153525,0.3005865736276979,26.866952896118164,0.03287988441245147,-0.023400904562643876
2012-07-23,0.2776770179038304,0.2745821570859747,0.287532140014544,26.2446346282959,0.04098294567643227,-0.023162964189816226
2012-07-24,0.27533823700336707,0.2725545438420108,0.27693238571751266,25.472103118896484,0.07839248164918662,-0.02943578831791016
2012-07-25,0.2681092649715721,0.2711672130428217,0.28184174434975773,25.851215362548828,0.03149631693692997,0.014883429212058319
2012-07-26,0.2789527088458656,0.28141201671654786,0.2889826161096029,26.187410354614254,0.06028838835352245,0.013004997534950657
2012-07-27,0.27799594772603864,0.2882419048028539,0.2922183324582666,27.138769149780277,0.056455358179496117,0.03632886116967238
2012-07-30,0.28937092240614737,0.28994936259656395,0.30337595759931674,27.310443878173828,0.06538081969116452,0.006325811146631999
2012-07-31,0.2905403128563791,0.29432474453474566,0.30705797657350054,27.38912773132324,0.04066204832488358,0.0028810902342122358
2012-08-01,0.2979818858717809,0.2945381909868259,0.30594223488546296,27.310443878173828,0.03420540010578325,-0.0028728133995821192
2012-08-02,0.2891582930757426,0.28920234269788253,0.29623508583947167,27.00286102294922,0.04155056310228724,-0.011262462689975772
2012-08-03,0.2959620347935258,0.30254193496450793,0.31252523580128927,27.975679397583008,0.03254931176387115,0.036026492667092125
2012-08-06,0.3086127004156697,0.3070240543565962,0.32022400815667806,28.06151580810547,0.036674213398351335,0.0030682511513868693
2012-08-07,0.30457299825915934,0.31417406943742315,0.3207818790006968,28.79113006591797,0.0410345472606009,0.02600052908053363
2012-08-08,0.3145659531586316,0.3159882362293069,0.3303774300766645,29.08440589904785,0.03502135015544978,0.010186325873920987
2012-08-09,0.3174362648649102,0.3184427423774312,0.3340594490508483,29.18454933166504,0.04080556523085259,0.003443200214052311
2012-08-10,0.31605427343107156,0.31396062298534305,0.3272533116980244,28.991416931152344,0.03558574248229421,-0.006617624905488895
2012-08-13,0.31435335217502464,0.3155613717808794,0.33082373270218446,28.88412094116211,0.03335719906601133,-0.0037009570882663434
2012-08-14,0.3180741245093267,0.3182292959253511,0.33193950414174694,28.962804794311523,0.03636944154185534,0.002724121440624616
2012-08-15,0.3149911834726433,0.31716212057641574,0.32691857729100315,28.955650329589844,0.05539430060502858,-0.00024702250947339355
2012-08-16,0.2849059615888275,0.28856206025310777,0.2929993694908078,26.57367706298828,0.27987731723363907,-0.0822628136301059
2012-08-17,0.2820356498825489,0.27917098547623664,0.2935572700863516,26.623748779296875,0.11264142059161215,0.0018842599836637053
2012-08-20,0.27980316947388906,0.2779971011291277,0.2906562583931841,26.23748207092285,0.0809741734071236,-0.0145083516065323
2012-08-21,0.2785274785318539,0.27831722812364873,0.29188359805124536,26.559370040893555,0.1126011068539804,0.012268249258850616
2012-08-22,0.2801220992960974,0.28119859872020053,0.2933341038978291,26.7954216003418,0.09023020756737231,0.008887694214313013
2012-08-23,0.2820356498825489,0.2820523276170556,0.2964582520279941,26.802574157714844,0.09267805771637189,0.0002669320706993883
2012-08-24,0.28235457970475714,0.2868545740036648,0.2979087281230529,27.074392318725582,0.05627314008540062,0.010141494597170952
2012-08-27,0.2883078324477191,0.2848269607597008,0.2989129313441166,26.781116485595703,0.0603496652347227,-0.010832222185354068
2012-08-28,0.2836302706467924,0.28098515226812043,0.29456144355589037,26.430614471435547,0.10323864442638389,-0.013087655040396662
2012-08-29,0.28033472862650205,0.2793844034725839,0.2948961779629116,26.580829620361328,0.10469961427815834,0.005683377096212583
2012-08-30,0.2791653381762704,0.2785306745757289,0.29467301177438915,26.494993209838867,0.045917347162557895,-0.003229260024928182
2012-08-31,0.28309873984097716,0.28141201671654786,0.29411514093037033,26.580829620361328,0.04317762555310448,0.0032397219294468815
2012-09-04,0.2792716386680739,0.28109186126629404,0.2924414986467891,26.502145767211918,0.07820220080756479,-0.00296017296198825
2012-09-05,0.28022839978790076,0.27821051912547506,0.29143729542572533,26.2804012298584,0.08324464311054348,-0.008367040891755217
2012-09-06,0.2807599589405138,0.28183888116497546,0.2924414986467891,26.809728622436523,0.09926532244539907,0.020141526301232116
2012-09-07,0.2846933606052206,0.2929374421912895,0.2986897651555942,27.48211669921875,0.08138698608047266,0.02508000309333669
2012-09-10,0.29362325389306243,0.2945381909868259,0.30728114276202295,27.36766815185547,0.05626023968935847,-0.004164473523487144
2012-09-11,0.2927727649182412,0.2897359446002166,0.3049380316643992,27.06008529663086,0.057426112981668546,-0.011238913506182557
2012-09-12,0.28937092240614737,0.2890956336997089,0.3011444444717167,26.81688117980957,0.09733671323709638,-0.00898755913572713
2012-09-13,0.2844807312748159,0.29187026684235423,0.2976855916860553,27.45350456237793,0.11283331398273927,0.023739650345606655
2012-09-14,0.29489894483509765,0.3095852410471613,0.311297896143228,28.419170379638672,0.14324116000361212,0.035174591829127744
2012-09-17,0.3057423887093911,0.3061702970040083,0.3206703107821981,28.347639083862305,0.07361449746507218,-0.00251700858331938
2012-09-18,0.30680545032102147,0.3065971614524358,0.3230133921282969,28.290414810180664,0.0724276610291936,-0.0020186610077951306
2012-09-19,0.30648652049881325,0.30819793870370504,0.3220092186587581,28.526466369628903,0.05788568959067044,0.008343870566482225
2012-09-20,0.30669914982921803,0.30542327710532696,0.3154262177429318,28.06151580810547,0.0915766864042726,-0.016298918888125957
2012-09-21,0.30648652049881325,0.3061702970040083,0.31799246527755315,27.896995544433597,0.07087477585561876,-0.005862843076507973
2012-09-24,0.29947020614422093,0.2974195331276449,0.31096316173620675,27.67525100708008,0.0375304771856496,-0.007948688847167262
2012-09-25,0.2993638773056196,0.2966725132289635,0.3102936929221643,27.410587310791016,0.07129565127649419,-0.009563190455665893
2012-09-26,0.2953241751491093,0.29187026684235423,0.3054959322599429,27.37482070922852,0.07572209966845982,-0.0013048462317484244
2012-09-27,0.2954304756409128,0.2956053378800283,0.30951265588962307,27.596567153930664,0.06838822451849272,0.008100379800017876
2012-09-28,0.2953241751491093,0.29336430663971697,0.30460329725737806,27.503576278686523,0.10111652927744881,-0.003369653722705701
2012-10-01,0.2955367761327163,0.3029687994129355,0.31107472995470553,27.796852111816406,0.08660842137853632,0.0106631890397888
2012-10-02,0.301702658206083,0.30158149706947923,0.3128599702083105,27.80400657653809,0.06355541365119909,0.0002573839905648523
2012-10-03,0.3008521975780596,0.30062103071871765,0.31375257545935054,27.8826904296875,0.0478507940193764,0.002829946573807973
2012-10-04,0.303190978478523,0.304249392758218,0.3165419891824943,28.040058135986328,0.1168969387360192,0.005643921152288511
2012-10-05,0.3056360598707898,0.30360911031344323,0.3147567489288893,27.796852111816406,0.054494497981088026,-0.008673520682105584
2012-10-08,0.29649356559934104,0.2964590952326161,0.3124136378312656,27.653791427612305,0.0522095153321207,-0.0051466505498040105
2012-10-09,0.297237725735561,0.2987001264729274,0.30828531623156175,27.28898429870605,0.05997555374950011,-0.013191938973763806
2012-10-10,0.2921349336206225,0.2893090516960563,0.2981318943115754,26.75965690612793,0.059303120605802596,-0.019397108620243575
2012-10-11,0.28777630164190393,0.28866876925128143,0.30270651853679925,26.91702461242676,0.05917734174439155,0.00588078191177388
2012-10-12,0.28692581266708267,0.2844000963112734,0.2970161228720129,26.623748779296875,0.05158384612407601,-0.010895551694613759
2012-10-15,0.2829924110023759,0.2830127655120843,0.29556561702542916,26.59513664245605,0.05103719184178954,-0.0010746847514979674
2012-10-16,0.2845870317666193,0.286534418553411,0.30069814184619664,27.1173095703125,0.04430802275629862,0.019634150968145914
2012-10-17,0.29011508254236734,0.28941578914996285,0.30348755556934043,27.224607467651367,0.07849245971851336,0.003956804677125225
2012-10-18,0.2858627510554523,0.2824791920654831,0.2895405167051465,26.20886993408203,0.137269889185598,-0.03730953824683236
2012-10-19,0.2739562172227306,0.2705269305980469,0.2805028364731976,25.572246551513672,0.08134183469432511,-0.02429037895069619
2012-10-22,0.265345253757097,0.2664716756543862,0.2792754968151364,25.751073837280277,0.04634467278145439,0.006993022118974457
2012-10-23,0.26236864155901496,0.26252315816463195,0.27760185453155517,25.40057182312012,0.06576944412193454,-0.01361116108691085
2012-10-24,0.26513265277349,0.26508437331092993,0.2782712935940727,25.643775939941406,0.08363810518982932,0.00957474967551386
2012-10-25,0.2709796050246485,0.2677522974554016,0.28173017613125895,25.829757690429688,0.06555497503773365,0.007252510352759867
2012-10-26,0.27076697569424374,0.26860602635225667,0.2811722755357152,25.708154678344727,0.07550763058425894,-0.004707864995962208
2012-10-31,0.26895975394639343,0.26913959979885776,0.28295751578932027,25.743919372558597,0.06842370060760865,0.0013911809175475298
2012-11-01,0.2693849842604051,0.27767694567887385,0.283961689258859,26.53791046142578,0.06337642065611414,0.030841888423311703
2012-11-02,0.2835239701549889,0.2800247143730917,0.2926646350837866,26.466381072998047,0.06696595585484474,-0.002695366258459009
2012-11-05,0.2795905684902821,0.283653076412592,0.2940035727118715,26.90271759033203,0.052515899738121964,0.016486444298164704
2012-11-06,0.2862879813694641,0.29187026684235423,0.3018139132857592,27.381975173950195,0.07539636466839532,0.01781446733063108
2012-11-07,0.2878826021337074,0.2858941361086361,0.2983550307485729,26.881258010864254,0.06421978404737025,-0.018286378535698145
2012-11-08,0.28575642221685094,0.2830127655120843,0.29389197474184786,26.380542755126957,0.060452868403059974,-0.018626927933764525
2012-11-09,0.2756571668255753,0.27767694567887385,0.2907678563632078,26.402002334594727,0.07969864674845517,0.0008134623941200569
2012-11-12,0.28022839978790076,0.27767694567887385,0.29288780127230907,26.33762550354004,0.038151308745178476,-0.002438331390128501
2012-11-13,0.27597606830098576,0.274475448087801,0.2877552764515416,25.98712539672852,0.07122631164776758,-0.013307961523122525
2012-11-14,0.27342468641691536,0.2734082727388658,0.2856353315424403,25.851215362548828,0.06286362991343834,-0.005229898732731719
2012-11-15,0.2704480458720355,0.27223438839175695,0.2810607073172165,25.572246551513672,0.10922281564044016,-0.010791322849729723
2012-11-16,0.2667272735377334,0.26380375150991453,0.2783828915640964,25.615163803100582,0.14026600616638932,0.0016782745896202211
2012-11-19,0.27969686898208557,0.286534418553411,0.29578878321395163,26.831188201904297,0.10685881806571461,0.047472833207356624
2012-11-20,0.2683218943019769,0.2752224679864824,0.28228804697527776,25.951358795166016,0.22858211747100635,-0.0327912949705238
2012-11-21,0.27236159645848723,0.27042019314414034,0.2805028364731976,25.63662338256836,0.08167079479340016,-0.01212789723581964
2012-11-23,0.27066067520244025,0.27511573053257593,0.2846311580729015,26.380542755126957,0.042048840899415615,0.029017837546594594
2012-11-26,0.27629499812319397,0.28109186126629404,0.29110259077022904,26.802574157714844,0.065419520879291,0.015997828646109546
2012-11-27,0.28341766966318543,0.2830127655120843,0.2954540488069304,26.709585189819336,0.06885425132551569,-0.0034694043694584176
2012-11-28,0.28086625943231724,0.28696128300183854,0.2948961779629116,27.160228729248047,0.06927351419688584,0.016871978214041183
2012-11-29,0.29117814415399773,0.2929374421912895,0.30694640835500175,27.42489242553711,0.08092418437246023,0.009744531201390627
2012-11-30,0.2941547846988776,0.29187026684235423,0.3067232719180042,27.38912773132324,0.04565288904369364,-0.001304096062034743
2012-12-03,0.2965998660911445,0.2963523577787096,0.3054959322599429,27.12446403503418,0.052602977411406536,-0.009663093285967594
2012-12-04,0.2896898522283557,0.2890956336997089,0.30337595759931674,27.274677276611328,0.040742675800147066,0.005537924781965575
2012-12-05,0.2917097033066108,0.29688595968104364,0.30783901360604177,27.653791427612305,0.07994859192177199,0.013899858361516637
2012-12-06,0.2959620347935258,0.2947516089831732,0.308173748013063,27.410587310791016,0.07186004360333861,-0.008794602991705869
2012-12-07,0.2955367761327163,0.2921904222926081,0.30438016082038044,27.04578018188477,0.06639833842898976,-0.013308986223824149
2012-12-10,0.28809520311731446,0.2936844620899708,0.3035991237878392,27.582260131835938,0.06014003379903763,0.019835994611481
2012-12-11,0.2981944868553879,0.3074509188050237,0.3149799151174118,28.3977108001709,0.09193305984493723,0.029564316500436227
2012-12-12,0.30935686055188966,0.31705541157824213,0.32580280585144067,28.977109909057617,0.13082936646155036,0.02040302167184649
2012-12-13,0.3156290431170599,0.31257332064188675,0.32513333703739816,28.469242095947266,0.06969600216726653,-0.017526517126941088
2012-12-14,0.3085063999238662,0.3109725718463503,0.32580280585144067,28.505006790161133,0.0507404827328199,0.0012562573353140927
2012-12-17,0.31127041113834136,0.316521838131641,0.32658384288398185,29.14163017272949,0.06928802714243326,0.02233373902538749
2012-12-18,0.31956244478176665,0.32665993280719346,0.33640256014847203,29.60658073425293,0.09620954113291277,0.015954857664707278
2012-12-19,0.32721661878077546,0.3240987176608955,0.33562152311593074,29.034334182739254,0.09836229472244798,-0.019328356646454048
2012-12-20,0.317648894195315,0.3229248333137866,0.3338363126138507,29.58512115478516,0.07727014719351884,0.018970194686721786
2012-12-21,0.31871198415374313,0.31929647127428623,0.3253565032259207,29.36337661743164,0.09771888746984532,-0.0074951370384249705
2012-12-24,0.3209444362156053,0.3205770646195688,0.3378530362435308,29.37768173217773,0.016565721067636777,0.0004871753999027284
2012-12-26,0.32328321711606867,0.3212173755200765,0.337741468025032,29.248926162719727,0.04911180773249739,-0.004382768205871579
2012-12-27,0.3202003044261832,0.31758898502484334,0.3292616883886269,29.07010078430176,0.03694189661622612,-0.006113912607359051
2012-12-28,0.31382179302241164,0.312253165191633,0.32691857729100315,28.49070167541504,0.043824257904717674,-0.019931100796169443
2012-12-31,0.3081874701016579,0.3184427423774312,0.32513333703739816,29.284692764282227,0.06732716694402517,0.02786842872151274
2013-01-02,0.3345518913043739,0.3312487327417225,0.34198138759475954,29.957080841064453,0.1331562753976547,0.022960393752271768
2013-01-03,0.332106809912107,0.33092857729146863,0.34677914825698086,30.064376831054688,0.08415895868003147,0.0035816570566233885
2013-01-04,0.33423296148216564,0.3395726321696584,0.3499032963871459,30.658082962036133,0.09514203336042416,0.019747827613981528
2013-01-07,0.3391231526134972,0.33797188337412193,0.3557052602704309,30.436338424682617,0.04929241327708761,-0.007232824623382372
2013-01-08,0.3377411328328607,0.3377584653777746,0.35258111214026594,30.19313240051269,0.05424939045628701,-0.007990646600666507
2013-01-09,0.34337548410041224,0.3449084804586017,0.3591641130560922,31.008583068847656,0.08393642684830424,0.027007819444434977
2013-01-10,0.3501791974713977,0.3520584955394287,0.36630501456746223,31.23748207092285,0.08043558187236348,0.007381794955511944
2013-01-11,0.3503918268018024,0.35067119319597245,0.36663974897448354,31.06580924987793,0.0437323425829173,-0.00549573171919393
2013-01-14,0.3479467454095355,0.3458689183536304,0.36139565593521716,31.14449119567871,0.043480784860095205,0.002532750560846564
2013-01-15,0.3449701048646557,0.3441614605599203,0.36072618712117477,30.92989921569824,0.0683092095927345,-0.006890206638220708
2013-01-16,0.3449701048646557,0.3426674207625575,0.36117248974669475,30.793991088867188,0.04010088109704968,-0.004394069501593156
2013-01-17,0.3501791974713977,0.35536673058440804,0.36842495947656356,31.380542755126957,0.09847194808880633,0.019047601350765664
2013-01-18,0.35453782945011614,0.3524853599878562,0.3692059965091048,31.580829620361328,0.045188474786175936,0.006382517561830614
2013-01-22,0.3535810683302893,0.3577144992786258,0.37210697845074736,31.93132972717285,0.0424342402311751,0.011098508526373285
2013-01-23,0.359746950403656,0.357394343828372,0.37511952861088865,31.68812561035156,0.05173542577757138,-0.00761647319104064
2013-01-24,0.3599595513872629,0.3635838925584374,0.3785784111480749,31.945636749267575,0.06156391501219088,0.008126423824572848
2013-01-25,0.36176680148191104,0.36731899205184426,0.381256226901195,32.39628219604492,0.06281041577976443,0.014106635291521563
2013-01-28,0.36665696426644484,0.36603837025082886,0.3840456703758636,32.317596435546875,0.04486596488512198,-0.0024288515583943404
2013-01-29,0.36421188287417794,0.36123612386421966,0.3793594481806162,31.93132972717285,0.05794212882335487,-0.011952210280996023
2013-01-30,0.36017218071766766,0.3602756859691909,0.3756774292064323,31.75965690612793,0.057747010333217226,-0.005376312935030492
2013-01-31,0.3577270993254008,0.3600622679728436,0.37723947351998993,32.03147506713867,0.06768031528567926,0.008558598785061156
2013-02-01,0.36548760216301096,0.368492904854686,0.3798057508061362,32.39628219604492,0.055157255827753916,0.011389020584959164
2013-02-04,0.36251096161813107,0.361129414866046,0.37244171285776867,31.659513473510746,0.06965730097914005,-0.022742385008120647
2013-02-05,0.3599595513872629,0.3620898527610747,0.3776858058970349,32.1888427734375,0.04011378149309184,0.01671943886218097
2013-02-06,0.3616605009901076,0.36283687265975606,0.3794710163991149,32.25321960449219,0.053547931421494645,0.0019999734537774483
2013-02-07,0.36357402322976146,0.3620898527610747,0.3785784111480749,32.19599533081055,0.06224924855193054,-0.0017742189580872703
2013-02-08,0.36538130167120747,0.3651846413539738,0.3849382756269037,32.24606704711914,0.03254608666486061,0.0015552156656164495
2013-02-11,0.36644436328283786,0.3633704745620901,0.3788015475850725,31.90271759033203,0.057134241521214706,-0.01064779330407628
2013-02-12,0.36261726210993456,0.3609159968696986,0.3793594481806162,31.91702461242676,0.044922404117806417,0.0004484577858991923
2013-02-13,0.36261726210993456,0.3640107854625978,0.3813677951196937,32.010013580322266,0.037677219190629156,0.0029134597922169103
2013-02-14,0.3616605009901076,0.3591018300778149,0.37779737411553366,31.888412475585938,0.07810383528774333,-0.0037988457715332213
2013-02-15,0.34847827621535077,0.3533391173404441,0.35380845179832715,30.22174453735352,0.3218197298657069,-0.0522656290747755
2013-02-19,0.33497712161838555,0.341386827417275,0.35380845179832715,30.765378952026367,0.08420249751667376,0.01798818774346156
2013-02-20,0.3416745344975675,0.3385054852764561,0.35392004976835084,30.21459197998047,0.07865210211953506,-0.017902817738886356
2013-02-21,0.33423296148216564,0.33092857729146863,0.3455518085989196,29.778255462646484,0.0683995123650296,-0.014441251353752849
2013-02-22,0.33093741946187527,0.33018158584852014,0.34677914825698086,29.89985656738281,0.06704013313208715,0.0040835536819427976
2013-02-25,0.33370143067635044,0.3317823346440565,0.34354343190831704,29.53504943847656,0.07307268083130151,-0.012200965850257983
2013-02-26,0.3180741245093267,0.32185765796485133,0.33127003532770455,29.30615234375,0.1308600049021505,-0.007750015628156137
2013-02-27,0.3220075261740335,0.32836739060090353,0.33841093683907447,29.84978485107422,0.07175845298450662,0.018550115380129517
2013-02-28,0.33040588865606013,0.3300748483946136,0.34532867216192215,29.670957565307617,0.06939123031077053,-0.0059909070252534
2013-03-01,0.32402737725228864,0.32922111949775856,0.33729516539951204,29.992847442626957,0.061054349368525614,0.010848651467039394
2013-03-04,0.33008695883385186,0.331355470195629,0.3461097091944633,30.064376831054688,0.04630435904382265,0.002384881547661033
2013-03-05,0.33646544189082556,0.3421338473159563,0.355258957644911,30.51502227783203,0.06555497503773365,0.014989349332258817
2013-03-06,0.34337548410041224,0.34565550035728304,0.36150722415371606,30.92989921569824,0.058972547957222295,0.013595826150440082
2013-03-07,0.34656472562889906,0.3452286359088556,0.3605030506841772,30.93705368041992,0.04583349458828386,0.00023131225458539184
2013-03-08,0.3486908771989577,0.34565550035728304,0.362846132030276,30.779685974121094,0.06481803991382536,-0.0050867063141963875
2013-03-11,0.3432691836086088,0.34021294307016614,0.34845279054056216,30.622318267822266,0.11478288633461046,-0.0051127131846354645
2013-03-12,0.34124930418355576,0.3401062340719924,0.35804837136805473,30.486408233642575,0.07634615632699923,-0.004438267311802635
2013-03-13,0.3386979222994855,0.34063980751859363,0.3559284264589534,30.75822639465332,0.04193112478553092,0.008916044124567923
2013-03-14,0.34369441392262046,0.3441614605599203,0.3626229955932785,30.98712539672852,0.05542977669414451,0.007441879097261239
2013-03-15,0.34443857405884043,0.34245400276621024,0.3612840877167185,30.765378952026367,0.04956170904446767,-0.00715608311074778
2013-03-18,0.33763483234105723,0.3369047364809196,0.3534737471428309,30.436338424682617,0.03306048995704168,-0.010695156001713335
2013-03-19,0.33997361324152064,0.3381853298262022,0.34689071647547964,30.042919158935547,0.13222744688261928,-0.012925972245992123
2013-03-20,0.33540235193239737,0.3378651743759483,0.35392004976835084,30.54363441467285,0.06445844137415019,0.016666664550418098
2013-03-21,0.33752853184925374,0.33754501892569455,0.3473370488525246,29.792560577392575,0.09080588774075364,-0.024590192086619167
2013-03-22,0.3305121891478637,0.3271935062537947,0.33930354209011454,29.506437301635746,0.11421204380974495,-0.009603849760196459
2013-03-25,0.32732294761937675,0.32569946645643183,0.3379646342135545,29.42060089111328,0.054476759936530054,-0.002909074031709924
2013-03-26,0.32636615815275205,0.3275136617040485,0.34387816631533835,29.91416358947754,0.048033012113471885,0.01677609169815919
2013-03-27,0.32636615815275205,0.33146217919380266,0.34265082665727703,30.107295989990234,0.06737876852819381,0.0064562193067845275
2013-03-28,0.33359513018454695,0.3302882948466938,0.34588654300594085,30.021459579467773,0.03983319787917489,-0.002851016927956529
2013-04-01,0.33093741946187527,0.32922111949775856,0.3379646342135545,29.27754020690918,0.0486893197621167,-0.024779587101333767
2013-04-02,0.32338954595466995,0.3226046778635328,0.33573309133442947,29.08440589904785,0.0444854032018783,-0.0065966712536782435
2013-04-03,0.31818042500113025,0.31865616037377853,0.3327205411742882,28.984262466430664,0.11041610227433982,-0.003443200214052422
2013-04-04,0.31722366388130324,0.32377856221064166,0.33517522049041076,29.620887756347656,0.07975024833262381,0.02196451576624825
2013-04-05,0.3192435149595584,0.3278338171543023,0.33662569658546954,29.713876724243164,0.10319994323825742,0.0031393038811127205
2013-04-08,0.3267913884667638,0.32665993280719346,0.34220452403175705,29.799713134765625,0.04540778151889263,0.002888765115338421
2013-04-09,0.32987432950344714,0.3308218682932949,0.34622127741296216,29.792560577392575,0.02881948475818208,-0.0002400210143199688
2013-04-10,0.32987432950344714,0.33338308343959294,0.3477833514780446,30.228899002075195,0.040312125082240025,0.014645885289018334
2013-04-11,0.33646544189082556,0.35003088229546475,0.35514738942641216,31.373390197753903,0.11824825522143528,0.03786082965178905
2013-04-12,0.3491161075129694,0.35920853907598854,0.36742078600702477,32.010013580322266,0.1285411587135725,0.020291826243691746
2013-04-15,0.35932172008964425,0.35654061493151695,0.3620650949977348,30.78683853149414,0.16611194963685386,-0.03821226272706291
2013-04-16,0.348265646884946,0.3481099780496745,0.36083775533967355,31.03719520568848,0.092971541726331,0.008131938391083393
2013-04-17,0.3442259447284357,0.3412801184191013,0.3506843334196872,30.1788272857666,0.09269740831043513,-0.027656104690947036
2013-04-18,0.33029955981745884,0.3321024616385776,0.3456633768174184,29.921316146850582,0.08106286362991344,-0.008532841136523195
2013-04-19,0.3315752791062918,0.3317823346440565,0.3475601852895221,30.042919158935547,0.06070926377439787,0.004064093019443105
2013-04-22,0.33306357103193396,0.3321024616385776,0.3441013325038608,29.935623168945312,0.044172568597855955,-0.0035714235831281194
2013-04-23,0.33497712161838555,0.33839874782254953,0.35291584654728714,30.47925567626953,0.07081833662293432,0.018160053133223997
2013-04-24,0.34039884355553235,0.34053309852041996,0.3555936920519322,30.65093040466309,0.05950307674445606,0.00563251052509206
2013-04-25,0.34390701490622744,0.342774158216464,0.35882940840059596,30.565092086791992,0.039199465923603856,-0.002800512634945629
2013-04-26,0.3374222313574503,0.33551740568173055,0.336848862773992,29.54220390319824,0.11046931640801372,-0.03346589569202607
2013-04-29,0.3289175683836202,0.32601962190668576,0.34086561615519706,29.656652450561523,0.0486893197621167,0.003874069373371869
2013-04-30,0.3242400065826934,0.32580617545460555,0.33974984471563463,29.6423454284668,0.06921546241469613,-0.0004824220170692728
2013-05-01,0.32657878748315683,0.32665993280719346,0.34320872725282087,29.54935646057129,0.05286904807977605,-0.003137031383697808
2013-05-02,0.32732294761937675,0.3264464863551132,0.3429855610642983,29.670957565307617,0.06890746545918959,0.004115186227442447
2013-05-03,0.3320005094203036,0.3353039876853832,0.3463328456314609,29.72102928161621,0.09826715430163706,0.0016875665774649384
2013-05-06,0.3267913884667638,0.3307151592951213,0.3446592033478796,30.042919158935547,0.054968587535637346,0.010830374489030126
2013-05-07,0.3346582201429752,0.3338099478880205,0.3503495990126659,30.329042434692383,0.07085381271205025,0.009523817384161637
2013-05-08,0.33699700104343855,0.3395726321696584,0.3548126550193909,30.715307235717773,0.03919624082459332,0.012735806013563833
2013-05-09,0.343056554278204,0.3422405563141301,0.35849467399357465,30.8726749420166,0.06261690983913205,0.005123429340658792
2013-05-10,0.3446511750424474,0.3491771533986097,0.3630692982187985,31.20886993408203,0.09650947534089296,0.010889726682150158
2013-05-13,0.3479467454095355,0.34608236480571064,0.3594988474631135,30.78683853149414,0.08738567024007636,-0.013522803083844015
2013-05-14,0.3431628547700075,0.3514182130946538,0.3612840877167185,31.45207405090332,0.12853470851555143,0.02160778927425966
2013-05-15,0.36357402322976146,0.3773503777292231,0.38371090621731746,32.67525100708008,0.22335906962343743,0.03889018429109381
2013-05-16,0.3692083461505152,0.37041378064474345,0.38460351146835753,32.18168640136719,0.10166963375775635,-0.015105151161836416
2013-05-17,0.3648497425185944,0.3703070716465698,0.3848266479053551,32.589412689208984,0.06462775907220351,0.012669512801680716
2013-05-20,0.36973990530312817,0.3875951814029493,0.38928973366360503,33.14735412597656,0.11987048002373674,0.01712032806753605
2013-05-21,0.3784571692605652,0.38236604211217967,0.39843898211405265,33.44062805175781,0.08204974392713855,0.008847581760724088
2013-05-22,0.38292213007788506,0.3878085993992966,0.3968769080489701,33.07582092285156,0.11362668833933201,-0.010909099205362427
2013-05-23,0.3720786862035916,0.37137421853977215,0.38716975900297884,32.718170166015625,0.0765670756092212,-0.010813057600902676
2013-05-24,0.3684641860142952,0.368813031849207,0.38772765959852246,32.61087417602539,0.04157797644387683,-0.003279400695265111
2013-05-28,0.3762246888519053,0.38215262411583234,0.39710004448596764,33.21173095703125,0.09947979152959996,0.018425043676001618
2013-05-29,0.3750553267484714,0.37585633793186035,0.3894013018821038,32.93991470336914,0.07304365494020666,-0.008184344682720113
2013-05-30,0.3775004081407383,0.3833264800072084,0.3962074392349277,32.93991470336914,0.061088212908136284,0.0
2013-05-31,0.3743111666122515,0.37713695973287575,0.38973600653760004,32.5107307434082,0.09529845066243534,-0.013029297854163513
2013-06-03,0.37154712705097853,0.37041378064474345,0.3853845485008987,32.55364990234375,0.07458847736625514,0.0013201536217160026
2013-06-04,0.3771815066653279,0.3769234848250627,0.38917816544510625,32.4892692565918,0.06724976456777222,-0.001977678261733673
2013-06-05,0.3680389840470813,0.36550482525996053,0.3793594481806162,31.85264587402344,0.04765728807874402,-0.019594881545056286
2013-06-06,0.35932172008964425,0.3615563077702063,0.37612373183195236,32.19599533081055,0.07662512739141092,0.010779307255825543
2013-06-07,0.36633806279103437,0.3712675095415985,0.3842688068128612,32.296138763427734,0.05411393629784434,0.003110431331233121
2013-06-10,0.3683578855224917,0.3651846413539738,0.37924785021059243,31.99570846557617,0.05297063869860805,-0.009302359642812008
2013-06-11,0.3563450795447643,0.35750105282654565,0.3737806207343286,31.75965690612793,0.07965349536230762,-0.007377600646105487
2013-06-12,0.3622983606345241,0.3596353750686832,0.37143750963670485,31.416309356689453,0.05296902614910278,-0.010810807889181873
2013-06-13,0.35262427886366454,0.3567540329278643,0.3699870335416461,31.824033737182617,0.0499019569900796,0.012978111969296213
2013-06-14,0.3576207704867995,0.3568607419260379,0.37210697845074736,31.473533630371094,0.029230684882025883,-0.011013692032446731
2013-06-17,0.3580460008008112,0.3600622679728436,0.3759005656434299,31.745349884033203,0.03650005805178219,0.008636343692905557
2013-06-18,0.3580460008008112,0.3594219570723359,0.3767931708944699,32.045780181884766,0.0482458686481675,0.009463757651090532
2013-06-19,0.3618731019737146,0.36016897697101724,0.3682017932880411,31.130186080932617,0.12229414193015725,-0.028571440475327448
2013-06-20,0.34454487455064386,0.3412801184191013,0.3497917281686471,30.27181625366211,0.1336110143581408,-0.027573552725926764
2013-06-21,0.3391231526134972,0.3425607117643839,0.3555936920519322,30.743919372558597,0.07377413986609388,0.015595467247174977
2013-06-24,0.3374222313574503,0.33743830992752083,0.35224640748476965,30.264663696289062,0.056136073377452696,-0.015588633006151764
2013-06-25,0.33285097004832703,0.3381853298262022,0.3515769386707272,30.386266708374023,0.057590593031206054,0.00401798656364627
2013-06-26,0.34443857405884043,0.34320102266489166,0.35458948883086844,30.28612327575684,0.07468039268805551,-0.0032956806960950935
2013-06-27,0.3386979222994855,0.34320102266489166,0.35726733433551344,30.81545066833496,0.06907355805823238,0.017477555240681175
2013-06-28,0.34337548410041224,0.343414440661239,0.3596104156816123,30.58655166625977,0.11666795670627086,-0.007428059532174958
2013-07-01,0.34390701490622744,0.3483234245017547,0.3616187923722148,31.18025779724121,0.08797586335900512,0.01941069190994682
2013-07-02,0.3486908771989577,0.34960401784703726,0.3620650949977348,30.822603225708008,0.05873550317994763,-0.011470545684995836
2013-07-03,0.3414619335139606,0.34501518945677534,0.3594988474631135,30.87982749938965,0.03515680431389244,0.0018565684819871198
2013-07-05,0.348265646884946,0.35387269078704536,0.36708605160000357,31.63805389404297,0.03870118812647549,0.024554100720553196
2013-07-08,0.3580460008008112,0.35792791727497314,0.37511952861088865,31.73104476928711,0.049347239960266784,0.002939209711051438
2013-07-09,0.36038478170127464,0.3610227058678723,0.3775742079270112,31.90271759033203,0.06977501709302475,0.005410247985628391
2013-07-10,0.36081001201528634,0.3683861389450466,0.3794710163991149,32.410587310791016,0.06529696711689048,0.015919324710221394
2013-07-11,0.3719723857117881,0.3719078204421062,0.38973600653760004,32.703861236572266,0.039460698943457564,0.009048707540193268
2013-07-12,0.372929146831615,0.3715876365361195,0.3914096488211814,32.72532272338867,0.03601629320020125,0.0006562370926526118
2013-07-15,0.3720786862035916,0.375109318033179,0.39252545001226874,32.98283386230469,0.046252757459654015,0.007868864765448791
2013-07-16,0.3762246888519053,0.37713695973287575,0.39364119170030637,32.83977127075195,0.037099926467742565,-0.004337486346685293
2013-07-17,0.3747363685794654,0.3731884422431216,0.3912980806026826,32.625179290771484,0.01836048866700208,-0.00653451506136371
2013-07-18,0.3716534842363777,0.37265484034078755,0.39107494416568506,32.832618713378906,0.03645490666563464,0.0063582615365458395
2013-07-19,0.37346070598422804,0.375109318033179,0.3926370182307675,33.047210693359375,0.017997665028316373,0.006535938599774971
2013-07-22,0.37771300912434536,0.38119218622080364,0.39721167220751624,33.47639465332031,0.032771843595598385,0.01298699499764977
2013-07-23,0.3785634697523688,0.38108547722263,0.3995547238020903,33.2403450012207,0.057511578105447846,-0.007051226828460044
2013-07-24,0.382390570925272,0.38076529331664327,0.4015631302442176,33.447784423828125,0.032697666318355974,0.006240591744754775
2013-07-25,0.38185906846625467,0.381725731211672,0.40044732905313024,33.376251220703125,0.023427119212559827,-0.0021386529588500736
2013-07-26,0.3785634697523688,0.37809739762790445,0.38973600653760004,32.61802673339844,0.07464652914844486,-0.02271748502523152
2013-07-29,0.3709093241001577,0.36891974084738066,0.3847150796868563,32.43204498291016,0.035642181714978655,-0.0057018087577273
2013-07-30,0.37048406543934814,0.3678525939541783,0.3829298691847763,32.081546783447266,0.05434775597610846,-0.010807156922962746
2013-07-31,0.3650623435022014,0.3646510963631055,0.38114465868269615,31.99570846557617,0.05469767921875202,-0.00267562902906493
2013-08-01,0.37005886347213424,0.37425558913632395,0.38850869663106374,32.932762145996094,0.053122218352103415,0.02928685518647267
2013-08-02,0.3759057873764949,0.3775637957255704,0.3959843027979301,33.17596435546875,0.0454948591921772,0.007384810554137644
2013-08-05,0.3780319672933513,0.3763899398341944,0.39386432813730393,32.861228942871094,0.03368777171459164,-0.00948685045671549
2013-08-06,0.3745237675958584,0.3744690071326713,0.39174441297972756,32.96137237548828,0.04282770231046094,0.0030474646213409784
2013-08-07,0.37399226513684103,0.37703019382323644,0.39185598119822634,33.104434967041016,0.029780564263322887,0.004340310528426983
2013-08-08,0.38058334917742165,0.3779906886297308,0.3920791176352238,32.796852111816406,0.029787014461343964,-0.009291288479348458
2013-08-09,0.37367330696783496,0.37703019382323644,0.39397595585885253,33.06151580810547,0.03555832914070462,0.008069789606232058
2013-08-12,0.3740985656286445,0.3775637957255704,0.39297172288626386,33.226036071777344,0.019524749409806884,0.004976186349917366
2013-08-13,0.38005179002480866,0.382579460108527,0.3987736867695489,33.562232971191406,0.03825934956203156,0.010118477530325576
2013-08-14,0.38345368923049805,0.3827929350163401,0.4002241926161327,33.26895523071289,0.036214636789349434,-0.008738326223116766
2013-08-15,0.3921709531879351,0.3952787983861103,0.4055798836254227,33.590843200683594,0.1426380664886412,0.009675325472004781
2013-08-16,0.38387889119771196,0.3851407037105578,0.4018978348997139,33.469242095947266,0.07312266986596488,-0.0036200670524951795
2013-08-19,0.3819653689580581,0.38215262411583234,0.4007820932116764,33.2188835144043,0.03035463188719894,-0.007480258466124212
2013-08-20,0.3798391890412017,0.38567424870142614,0.3979926497370077,33.64091491699219,0.04313086161745166,0.01270456312611734
2013-08-21,0.385154610486545,0.38535412170690514,0.40323677252779894,33.540771484375,0.03534869770501955,-0.0029768343953868737
2013-08-22,0.3847293518257354,0.39698625617982036,0.40502198302987896,34.31330490112305,0.06237663996284686,0.02303266688746053
2013-08-23,0.3961043548526419,0.3934645746827609,0.4132786262292865,34.105865478515625,0.029754763471238573,-0.006045451558955861
2013-08-26,0.39270245564695255,0.3955989253806313,0.41160498394570527,34.048641204833984,0.03677096636866752,-0.0016778425903805072
2013-08-27,0.38674923125078836,0.38695487050244154,0.40502198302987896,33.59799575805664,0.03949940013158404,-0.01323534305132168
2013-08-28,0.38462305133393193,0.38247275111035334,0.40178626668121514,33.433475494384766,0.027261761936091443,-0.0048967285089446255
2013-08-29,0.3819653689580581,0.3831130620108611,0.4007820932116764,33.47639465332031,0.03425700168995188,0.001283718138808343
2013-08-30,0.3847293518257354,0.382579460108527,0.4002241926161327,33.36194610595703,0.02203710153901725,-0.0034187835502749175
2013-09-03,0.3863239725899788,0.38823549230345694,0.4030136360908014,33.56938552856445,0.026703819807268082,0.006217845384336895
2013-09-04,0.385154610486545,0.39303773869006625,0.40435251421583646,34.24177551269531,0.04826360669272547,0.020029856774075316
2013-09-05,0.39461603458020195,0.3944250694892553,0.41372495860633146,34.105865478515625,0.02101313260317092,-0.003969129291478968
2013-09-06,0.39344661578317247,0.3912235718981824,0.4087040317555876,33.927040100097656,0.021456583717120115,-0.005243244113849466
2013-09-09,0.3921709531879351,0.3939981765850949,0.41048924225766764,34.29899978637695,0.02903234129287769,0.01096351715864019
2013-09-10,0.3969548154806654,0.40061458976358794,0.4188574536755741,34.72818374633789,0.03246707173910239,0.012513016782821795
2013-09-11,0.4029080965704251,0.4043496892569947,0.4208658006146517,35.02145767211914,0.03161242050130939,0.008444839152067063
2013-09-12,0.40609733809891196,0.40349596036013974,0.4238783805263178,34.778255462646484,0.02451397757911168,-0.006944377123007994
2013-09-13,0.4029080965704251,0.4000810447727196,0.42097736883315034,34.6638069152832,0.03967678057716372,-0.0032908075991967545
2013-09-16,0.4077982593549589,0.4060571470507048,0.42488255399585667,34.86408996582031,0.03333784847194809,0.005777872321600208
2013-09-17,0.40429005965746595,0.40755118684806774,0.4253288863729016,34.95708084106445,0.026992466168711385,0.0026672394241555875
2013-09-18,0.4047153183182755,0.4078713707540543,0.42164683764719285,35.27896881103516,0.037491775997523125,0.009208090670791425
2013-09-19,0.44883319725807386,0.4518386650436845,0.44909464250158554,36.46638107299805,0.40049118257930516,0.03365779392031043
2013-09-20,0.4287409869673258,0.4403132395689428,0.45166089003620685,37.30329132080078,0.23244094843711702,0.022950186532834538
2013-09-23,0.43809611056917946,0.4387124907734064,0.456123916291407,36.95994186401367,0.0526578040945857,-0.009204267093602336
2013-09-24,0.434906812347097,0.4352975751859863,0.4541155693523295,36.90987014770508,0.041090986493285346,-0.001354756360083642
2013-09-25,0.43469421136349,0.43753857797056467,0.4567933851054495,37.07439041137695,0.055999006669504754,0.004457351462183512
2013-09-26,0.4386276130281967,0.437431868972391,0.45701652154244693,37.260372161865234,0.051832178747887564,0.005016447969194537
2013-09-27,0.43735195043295955,0.43721845097604367,0.45634711223145435,36.93133163452149,0.038978546641381895,-0.00883084382287802
2013-09-30,0.42863462978192685,0.4320960775949135,0.44909464250158554,36.659515380859375,0.05115007030715843,-0.007360044754195605
2013-10-01,0.425232787269833,0.43700503297969634,0.4485367419060418,37.12446212768555,0.058972547957222295,0.012682839420974146
2013-10-02,0.43469421136349,0.43305651548994223,0.45355766875678566,36.88841247558594,0.036964472309299896,-0.006358331907617698
2013-10-03,0.43437530988807954,0.4315624756925794,0.45087985300366556,36.52360534667969,0.03375711134331824,-0.009889477600796504
2013-10-04,0.43022925054617017,0.43465726428547863,0.4526650635057457,37.03862762451172,0.03351845401653831,0.014101079916494452
2013-10-07,0.4320365289876162,0.4317758936889268,0.4526650635057457,36.57367706298828,0.022566017776745745,-0.012553126056315866
2013-10-08,0.43033560773156926,0.42900128900201434,0.439499061674093,35.858367919921875,0.045707715726872815,-0.019558031910066886
2013-10-09,0.4202363239934958,0.41886319432646185,0.4339202342278055,35.7296142578125,0.04620276842499065,-0.003590616906963162
2013-10-10,0.42087412694431675,0.4276139582028254,0.4439620879292932,36.47353363037109,0.04610601545467446,0.020820806157903604
2013-10-11,0.4271463662030825,0.4326296225857818,0.4480904690320469,36.80972671508789,0.025244462504998906,0.009217453074984228
2013-10-14,0.43054820871517635,0.43006843589521665,0.4464167672454156,36.73819732666016,0.038986609388908244,-0.0019432197631178427
2013-10-15,0.4292724894263433,0.4275072492046516,0.4474210002180043,36.39485168457031,0.035637344066462844,-0.009345740049163775
2013-10-16,0.4307608096987832,0.4360445950846677,0.4512145576591619,36.88125991821289,0.04749764567772231,0.013364753835465981
2013-10-17,0.4310797678677893,0.4436214461581894,0.4533345323197881,37.660945892333984,0.07140207954384199,0.021140437605713824
2013-10-18,0.4489394977498771,0.4493841873512931,0.470070955155601,37.90414810180664,0.05635376756066412,0.0064576766119450735
2013-10-21,0.4501089165469068,0.448316983546625,0.461925880174692,37.1888427734375,0.04903924300476025,-0.018871426062601504
2013-10-22,0.44011593330063675,0.4382855978692461,0.4500988159711244,36.49499130249024,0.08790652373027852,-0.018657517126154044
2013-10-23,0.4258706469142494,0.42419904261540503,0.4440737156508418,36.23032760620117,0.04435478669195145,-0.007252055332617968
2013-10-24,0.4249138857944225,0.4278273761991726,0.4482020372505456,36.566524505615234,0.03166885973399384,0.00927943305035206
2013-10-25,0.4320365289876162,0.4351908661878126,0.45288819994274315,37.103004455566406,0.045475508598113966,0.01467134099301104
2013-10-28,0.4368203912803464,0.43593782917502827,0.4532229641012893,36.8311882019043,0.031507604783466855,-0.0073259903786937475
2013-10-29,0.43395005122727,0.4350841002781733,0.4544502740078257,36.98140335083008,0.01832662512739141,0.004078476863204061
2013-10-30,0.43650143311134043,0.4342303713813183,0.45032195240812195,36.587982177734375,0.022067739979617376,-0.010638351642944688
2013-10-31,0.4300166495625632,0.42900128900201434,0.44574735793442305,36.30901336669922,0.03414089812557246,-0.007624602244529433
2013-11-01,0.42757156817029635,0.43166918469075305,0.4500988159711244,36.55221557617188,0.03494072268018628,0.0066981222270201535
2013-11-04,0.4325680314466335,0.43038856288973765,0.4513261258776607,36.63090133666992,0.023193299534295705,0.0021526946932686197
2013-11-05,0.43033560773156926,0.42932141599653545,0.4502103841896233,36.63090133666992,0.026984403421185035,0.0
2013-11-06,0.43044190822337275,0.4288945230923749,0.44965248359407944,36.5093002319336,0.023617400054181663,-0.0033196317944431675
2013-11-07,0.4292724894263433,0.4276139582028254,0.43894116107854936,35.801143646240234,0.07141175484087361,-0.01939660802027543
2013-11-08,0.4192795061800732,0.42483929660444714,0.440837999302178,36.32331848144531,0.03335397396700079,0.014585423313981716
2013-11-11,0.42448862713361296,0.4298550178988693,0.4465283949669642,36.69527816772461,0.0361469097101281,0.010240245160124894
2013-11-12,0.43054820871517635,0.42974830890069565,0.4492062107200843,36.62374877929688,0.04454829263258382,-0.0019492804524000595
2013-11-13,0.427252666694886,0.4286811050960276,0.4480904690320469,36.62374877929688,0.038978546641381895,0.0
2013-11-14,0.43054820871517635,0.4276139582028254,0.4447431249618344,36.15164566040039,0.05531689822877562,-0.012890627929475262
2013-11-15,0.46063340225219424,0.4760633718845438,0.4818980788622184,39.29184722900391,0.23970870905736805,0.08686192595772257
2013-11-18,0.4650983630695141,0.46795286199722225,0.4816748829221709,38.662376403808594,0.0845475831108015,-0.01602039276816347
2013-11-19,0.45680630107929093,0.45952222511537993,0.48033600479713584,38.49785232543945,0.04715901028161565,-0.0042554052200716175
2013-11-20,0.45850727902893346,0.46026924501406113,0.4794433995460959,38.2904167175293,0.043743630429454186,-0.005388238443968518
2013-11-21,0.4581883208599274,0.46336403360696027,0.4820096470807172,38.69813919067383,0.04591089696453681,0.010648159724986117
2013-11-22,0.46137756238841415,0.4611230308223819,0.4825675476762608,38.51931381225586,0.03448437117019493,-0.004621033004632569
2013-11-25,0.46148386288021775,0.45888197112633794,0.47442247269535204,37.98998641967773,0.030864197530864203,-0.013741869732106005
2013-11-26,0.4524476974473702,0.45674762042846734,0.47676552428992597,38.376251220703125,0.06346511087890398,0.010167542487599324
2013-11-27,0.4579757198763205,0.45749464032714876,0.4813401782666747,38.490699768066406,0.018231484706580495,0.002982275332342521
2013-11-29,0.4587198800125403,0.457174456421162,0.4793318313275971,38.31902694702149,0.011031451165550784,-0.004460111717359383
2013-12-02,0.45468017785603004,0.4539729588300892,0.4754266461648908,38.06151580810547,0.02430434614342661,-0.006720189927370779
2013-12-03,0.44883319725807386,0.44863716745261156,0.4692899181230596,37.86122894287109,0.047247700504405486,-0.00526218835435166
2013-12-04,0.44798273663005034,0.4556804735352649,0.47107518812818955,38.32617950439453,0.0458689706773998,0.012280387470385845
2013-12-05,0.4534044585671971,0.45536028962927827,0.47553821438338956,38.26895523071289,0.03222196421430138,-0.001493085781615111
2013-12-06,0.4577631188927134,0.46741931700635403,0.4826791158947596,39.220314025878906,0.06024162441786963,0.024859805798996604
2013-12-09,0.4688191637506139,0.47275510838383134,0.49361357484728724,39.38483428955078,0.03916721493349846,0.004194771708439626
2013-12-10,0.46998852585404777,0.4730752922898181,0.4923862054377011,39.58512115478516,0.043866184191854694,0.005085380422370278
2013-12-11,0.4746660876549746,0.4755297699822096,0.49294410603324484,39.22746658325195,0.04426448391965634,-0.009035075834041617
2013-12-12,0.4670118853091679,0.47371560319032585,0.4887042162150423,39.52789688110352,0.052598139762890725,0.007658671946452866
2013-12-13,0.47477238814677797,0.47777082967825385,0.4953987853493674,39.45636749267578,0.037004786046931644,-0.0018095925680765568
2013-12-16,0.4736030260433442,0.476596916875412,0.4972955640699462,39.51359176635742,0.029406452778100292,0.0014503178401372718
2013-12-17,0.4811509278973473,0.49260446174224176,0.5055522667724036,40.3218879699707,0.06372795644826296,0.02045615615995411
2013-12-18,0.48689155130990464,0.4995410019152558,0.5118005035296838,41.409156799316406,0.08465562392765458,0.0269647301772038
2013-12-19,0.49826649764321534,0.4983671460238797,0.5196108738550963,41.04434967041016,0.03408768399189856,-0.008809817854399382
2013-12-20,0.49720343603158507,0.49665968823016965,0.5178256038499663,40.743919372558594,0.058001793155049865,-0.007319650579532877
2013-12-23,0.496990835047978,0.496552979231996,0.5201687149475902,41.15879821777344,0.02699407871821665,0.010182595381196258
2013-12-24,0.4975223375069954,0.4960193773296619,0.5207266155431338,40.93705368041992,0.00898673839286866,-0.00538753673467951
2013-12-26,0.4947583546393181,0.4970865242228643,0.5215076525756751,41.1015739440918,0.007514480694557324,0.004018859416611287
2013-12-27,0.4946520541475146,0.49399173562996507,0.5201687149475902,40.894134521484375,0.006132525768541095,-0.005046994620925949
2013-12-30,0.4927384752142651,0.4944186285341255,0.517937231571515,41.00143051147461,0.016838241934027373,0.002623750111005796
2013-12-31,0.496990835047978,0.49537906642915414,0.5197224420735951,40.90843963623047,0.012631100274778437,-0.0022679909965120926
2014-01-02,0.49327003436687816,0.49057682004254505,0.5093458242135613,40.20743942260742,0.034606924932595436,-0.01713583357997861
2014-01-03,0.48572213251287494,0.49324471573128376,0.5105731936231475,40.715309143066406,0.03349104067494872,0.012631237595633227
2014-01-06,0.49645927589536504,0.49697981522469065,0.51392047819031,40.51502227783203,0.03147535379336146,-0.004919202861277672
2014-01-07,0.4916754136026347,0.4962327953260092,0.5180487997900138,41.09442138671875,0.02439464891572172,0.014300846360480346
2014-01-08,0.495715115759145,0.5059440540088669,0.5207266155431338,41.76681137084961,0.05136292684185405,0.01636207449676297
2014-01-09,0.5070901187860515,0.5074380938062297,0.5285369858685464,41.7811164855957,0.031031902679412263,0.0003424995654821572
2014-01-10,0.5082594808894854,0.5109597183918237,0.5315495062771627,42.153076171875,0.028001922159010283,0.008902578905652936
2014-01-13,0.5110235204507583,0.5119201562868523,0.5366820013464053,42.153076171875,0.05783731310551234,0.0
2014-01-14,0.5151695230990723,0.5209911040692026,0.5413682235416528,42.832618713378906,0.0491698595146871,0.016120829206702325
2014-01-15,0.5221858658004623,0.5254731665498251,0.5477280880204817,43.161659240722656,0.04405323993446599,0.007682008180390998
2014-01-16,0.5266508266177821,0.5268604973490141,0.5527490148712254,43.27610778808594,0.03279925693718797,0.0026516252937585083
2014-01-17,0.5329230091829522,0.5303821788460736,0.5559847312198892,43.42632293701172,0.029722512481133175,0.0034710873182346447
2014-01-21,0.5314346889105124,0.530915723836942,0.5507406679321478,43.526466369628906,0.059230555878065465,0.00230605369840875
2014-01-22,0.5328167086911488,0.5345441143321752,0.5602246210380918,43.58369064331055,0.05384141543145375,0.0013147006512241877
2014-01-23,0.5292022085018524,0.5269672063471877,0.5457196815783543,42.53934097290039,0.060470606447617946,-0.023961937481548512
2014-01-24,0.5158073827434886,0.5157619647784328,0.5267517158634164,41.39485168457031,0.051291974663622175,-0.026904255264771804
2014-01-27,0.5017746973407082,0.5041298303055177,0.5186066408825076,41.702430725097656,0.09666428009339886,0.007430369430263983
2014-01-28,0.508153180397682,0.5095723875926346,0.5289832587425415,41.55937194824219,0.04857966639575835,-0.003430466147129718
2014-01-29,0.49932961594844144,0.5025290815099812,0.5234044312962539,41.23748397827149,0.040170220725776286,-0.007745255880468371
2014-01-30,0.5073027197696585,0.5226985618629125,0.5346736544073277,42.56795501708984,0.07579305184669169,0.0322636327550776
2014-01-31,0.5093225991947115,0.5124537581891864,0.530545332807624,41.59513473510742,0.06888005211760001,-0.022853347819782655
2014-02-03,0.5044323797165822,0.5053037431083593,0.50856478718102,40.16452026367188,0.05744546357573178,-0.03439379342190385
2014-02-04,0.484977972376655,0.4989007479262137,0.5086763553995188,41.351932525634766,0.05705361404595121,0.029563710811625787
2014-02-05,0.49837285482861443,0.49697981522469065,0.5183835044455101,41.080116271972656,0.042895429389682264,-0.0065732418549872
2014-02-06,0.4976286946923945,0.5039164123091704,0.5239623318917976,41.69527816772461,0.027692312653998477,0.014974687308070056
2014-02-07,0.507727978430468,0.5158686737766065,0.531437938058664,42.50357818603516,0.03574699743282119,0.01938588861451085
2014-02-10,0.5163389418961015,0.5155485467820855,0.533223148560744,42.21030044555664,0.03109640465962305,-0.006900071782071304
2014-02-11,0.5134686018430252,0.5215246490600709,0.5398061494765704,42.72532272338867,0.03955745191377376,0.012201341198608828
2014-02-12,0.5240993880401161,0.5264336613563194,0.5486206932715216,42.83977127075195,0.0443144729543197,0.002678705275188653
2014-02-13,0.5182524641357555,0.5255799324594643,0.545273408704359,42.97568130493164,0.06112852664576803,0.003172520070677365
2014-02-14,0.4938015935194912,0.49772683512337196,0.49506408069387103,39.52074432373047,0.3936894487660771,-0.08039283790958085
2014-02-18,0.47498504582398066,0.47926486947561636,0.49606825416340977,39.449214935302734,0.1391436717107215,-0.0018099200724006614
2014-02-19,0.47105164415927375,0.48577457365593574,0.4953987853493674,40.014305114746094,0.1004924726189094,0.014324497467696595
2014-02-20,0.4830644501370012,0.4952723574309806,0.5082300825255237,40.97997283935547,0.0957644774694583,0.02413306245954283
2014-02-21,0.4948646551311216,0.49377831763361785,0.51124260293414,40.30043029785156,0.045675464736767424,-0.01658230824524365
2014-02-24,0.48635999215729137,0.48929619824152953,0.5121352676882299,40.59370422363281,0.04535134228620819,0.007277190928576482
2014-02-25,0.4900807928383913,0.4955924844255016,0.5160403933478863,40.69384765625,0.06749487209257324,0.0024669695592571816
2014-02-26,0.4919943150780452,0.49612608632783556,0.5160403933478863,40.84406280517578,0.04553356038030368,0.0036913478959934576
2014-02-27,0.49241957373885475,0.49249769583260256,0.5097921565906062,40.314735412597656,0.0618299856805604,-0.01295971449027955
2014-02-28,0.48635999215729137,0.4906835290407187,0.5121352676882299,40.72246170043945,0.055879678006114784,0.010113579654410731
2014-03-03,0.48285184915339424,0.4907902380388925,0.5053290708323562,40.56509399414063,0.047505708425248656,-0.003864395710073798
2014-03-04,0.49454575365571124,0.5001813128157635,0.5186066408825076,41.33047103881836,0.055474928080292064,0.01886787307304849
2014-03-05,0.4997548179156553,0.5001813128157635,0.5250780735798352,41.34477996826172,0.06159777855180155,0.000346207751417138
2014-03-06,0.5069838182942481,0.5142679249810702,0.5315495062771627,42.03862762451172,0.10815692041745681,0.016781989329309077
2014-03-07,0.5141064614874418,0.5129873600915205,0.5246318007058401,41.78826904296875,0.06461163357715081,-0.005955441356915059
2014-03-10,0.505920699989022,0.5038097033109967,0.52552440595688,41.59513473510742,0.04919727285627669,-0.00462173505350838
2014-03-11,0.5052828403446055,0.5033828104068363,0.5132510093762677,40.67238998413086,0.06854625437000915,-0.02218395869740364
2014-03-12,0.4871041522935115,0.4903634020461976,0.5077837501484788,40.81544876098633,0.028658229807655096,0.003517343753619784
2014-03-13,0.4939078940112947,0.49377831763361785,0.5051059343953587,39.949928283691406,0.043682353548253935,-0.021205707730016066
2014-03-14,0.4774301272162474,0.4786245585751087,0.49908083407507603,39.65665054321289,0.030751319065495317,-0.007341133090299934
2014-03-17,0.4781742873524674,0.4832133869653707,0.5018702180466948,39.914161682128906,0.023815743643329855,0.006493517112228453
2014-03-18,0.4812572283891508,0.4874820314496458,0.5058869714279,40.622318267822266,0.02059548228130604,0.01774198820290973
2014-03-19,0.4892303322103679,0.491110421944879,0.5096805883721074,40.50786972045898,0.03208651005585872,-0.0028173809926044235
2014-03-20,0.4873167532771184,0.4887626532506612,0.50945739243206,40.55794143676758,0.03217681282815383,0.0012360984829402621
2014-03-21,0.49412049499490157,0.4978335441215456,0.5072259090559849,40.12160110473633,0.053694673426474195,-0.010758443761538894
2014-03-24,0.4824265904925847,0.48129245426384765,0.4927209695962473,39.52789688110352,0.03617432305171769,-0.01479762041606858
2014-03-25,0.4762607084192179,0.4810790362675002,0.49629139060040733,39.45636749267578,0.030348181689177862,-0.0018095925680765568
2014-03-26,0.4751976468075875,0.4787312675732824,0.49829979704253474,39.46352005004883,0.04913599597507644,0.0001812776448408826
2014-03-27,0.477323826724444,0.47456933208718094,0.4878116109640022,39.12017059326172,0.05835816659571449,-0.008700426529403948
2014-03-28,0.46935066620963123,0.47083423259377405,0.4900431538431272,39.12017059326172,0.03665163770527755,0.0
2014-03-31,0.4706263854984643,0.47937157847379014,0.49171679612670843,40.0,0.04079750248332624,0.022490428681561703
2014-04-01,0.48370230978141765,0.48545444666141474,0.5058869714279,40.314735412597656,0.038539933175948504,0.007868385314941495
2014-04-02,0.486041090681881,0.48630817555826983,0.509903724809105,40.53647994995117,0.03468110220983785,0.0055003346812050324
2014-04-03,0.48976189136298093,0.49100371294670536,0.5106847618416462,40.48640823364258,0.027545570649018927,-0.001235226057378802
2014-04-04,0.49327003436687816,0.4920708598399078,0.5026512550792361,39.74964141845703,0.043432408374937115,-0.018197880408006295
2014-04-07,0.47689856806363445,0.47520958607622293,0.4846874628338372,38.87696838378906,0.04967297496033128,-0.021954236655396864
2014-04-08,0.46254698118544385,0.4681662799935696,0.4833485252057523,39.09871292114258,0.03294599894216753,0.005703750744257663
2014-04-09,0.4756228487748015,0.4746760410853545,0.48959682146608224,39.74964141845703,0.036890295032057485,0.016648335678652648
2014-04-10,0.47700486855543794,0.4749961680798756,0.48424118995984217,38.662376403808594,0.03573893468529484,-0.02735282573250042
2014-04-11,0.4570189587564935,0.45802824222948274,0.47029415109564826,37.74678039550781,0.049842292658384614,-0.02368183473095009
2014-04-14,0.45170353731115026,0.44949089634946665,0.4665005341514407,37.660945892333984,0.05544590218919721,-0.0022739556135505934
2014-04-15,0.44798273663005034,0.45066475224084274,0.4625953489887344,37.98998641967773,0.04038468980997717,0.008736916175297704
2014-04-16,0.45553063848405356,0.4550401626347573,0.47698872022997335,38.39771270751953,0.019442509385038123,0.010732467322773553
2014-04-17,0.45755046121551085,0.4669924241021935,0.48100547361117835,39.09156036376953,0.03789330082433531,0.0180700257209363
2014-04-21,0.4667992843255609,0.46603198620716485,0.4890389208705385,39.12017059326172,0.01814279448379065,0.0007318773982403215
2014-04-22,0.4677560454453879,0.47456933208718094,0.4912704637496635,39.320457458496094,0.024672007430628126,0.005119785067319471
2014-04-23,0.46935066620963123,0.47030063069143996,0.49171679612670843,39.34907150268555,0.011566817601300362,0.0007277139188845982
2014-04-24,0.4733904250597372,0.47371560319032585,0.49160522790820976,39.54220199584961,0.03213166144200627,0.004908133427008021
2014-04-25,0.4736030260433442,0.47083423259377405,0.486137968680421,38.90557861328125,0.02703923010436421,-0.01609984650412688
2014-04-28,0.46935066620963123,0.46741931700635403,0.4726372026902222,38.433475494384766,0.059241843724602346,-0.012134586753975718
2014-04-29,0.45276659892278065,0.45269239394053945,0.4627069172072333,38.12589263916016,0.0670159448895081,-0.008002993517188917
2014-04-30,0.4542549191952206,0.45824166022583007,0.47442247269535204,38.65522003173828,0.02925003547608912,0.013883672117211754
2014-05-01,0.45967664113236734,0.46677900610584616,0.48156331470367225,38.96280288696289,0.02460266780190152,0.007957084579315987
2014-05-02,0.465629922222127,0.4680595709953959,0.48636110511741854,39.01287460327149,0.03831901389372654,0.001285115869458009
2014-05-05,0.46361004279707413,0.47190137948697636,0.48412956223829345,39.57796859741211,0.03846414334920082,0.014484807897063634
2014-05-06,0.4717958042954938,0.47296858329164443,0.4904894267171222,39.34907150268555,0.04155056310228724,-0.005783447277320053
2014-05-07,0.4723273067545111,0.46955361079275865,0.48836951155954594,39.36337661743164,0.041437684636918354,0.000363543895695706
2014-05-08,0.47126424514288073,0.4803320163688188,0.4930556742517435,39.55651092529297,0.041210315156675316,0.004906446663312858
2014-05-09,0.4737093265351477,0.47488945908170194,0.4943946118798285,39.620887756347656,0.020442290078305406,0.0016274648483600718
2014-05-12,0.47711116904724143,0.48545444666141474,0.5017586498281962,40.35050201416016,0.0374450120618703,0.01841488919428902
2014-05-13,0.48827357109054087,0.48929619824152953,0.5121352676882299,40.65092849731445,0.024446250499890347,0.007445421200679592
2014-05-14,0.4898681918547844,0.48726861345329847,0.5043248973628175,39.949928283691406,0.0498164918663003,-0.01724438381940918
2014-05-15,0.4666929838337575,0.48043872536699256,0.4825675476762608,38.97711181640625,0.12081220893481429,-0.024350893958482667
2014-05-16,0.46446050342509754,0.46955361079275865,0.4844643263968396,39.36337661743164,0.04564482629616729,0.009910041637892775
2014-05-19,0.4698822253622443,0.4706208145974267,0.4931672424702423,39.320457458496094,0.05322542152044068,-0.0010903322484926425
2014-05-20,0.4695633238868339,0.4677394440008749,0.48770004274550355,38.84835433959961,0.032891172258988355,-0.01200655204469081
2014-05-21,0.46648038285015053,0.4696603197909323,0.49026629028012475,39.33476257324219,0.016259336661635516,0.012520690822333425
2014-05-22,0.47094528697387467,0.4757431879785569,0.4952872171308686,39.72818374633789,0.029419353174142446,0.010001869780277506
2014-05-23,0.47785532918346135,0.48118574526567387,0.4985229334795324,40.18598175048828,0.07055065340505953,0.011523255305941005
2014-05-27,0.48487167188485164,0.48417382486039945,0.5080068865854763,40.257511138916016,0.01824922275113846,0.0017799587147542262
2014-05-28,0.4859347901900776,0.4919641508417341,0.5111310347156414,40.85121536254883,0.03202523317465846,0.014747663400852762
2014-05-29,0.49412049499490157,0.4935648996372706,0.51481308344135,40.743919372558594,0.026547402505256917,-0.0026265066788833114
2014-05-30,0.49082495297461143,0.4906835290407187,0.5103499976831001,40.7296142578125,0.048831224118580444,-0.0003510981507519606
2014-06-02,0.4917817140944382,0.48940296415116896,0.5110194664971426,40.69384765625,0.020147193518841026,-0.000878147318953304
2014-06-03,0.48933663270217137,0.4947387555286465,0.5152593563153451,40.92990112304688,0.03294116129365172,0.0058007163340974
2014-06-04,0.49241957373885475,0.4946320465304728,0.5183835044455101,41.09442138671875,0.017173652231123493,0.00401956171790574
2014-06-05,0.496990835047978,0.5081850567934456,0.5234044312962539,41.917022705078125,0.03273314240747191,0.020017347625320925
2014-06-06,0.5090036410257053,0.5138410889883755,0.534115753811784,42.21030044555664,0.02039552614265258,0.006996626228488845
2014-06-09,0.5134686018430252,0.5170425865794483,0.5377978025374928,42.40343475341797,0.01820890901350672,0.004575525542880987
2014-06-10,0.5151695230990723,0.5135209050823888,0.5364588649094078,42.12446212768555,0.01998916366732459,-0.0065790101050702265
2014-06-11,0.5063459586498316,0.512240340192839,0.5334462849977415,42.138771057128906,0.023209425029348404,0.000339682187513457
2014-06-12,0.5124055402313947,0.5108530093936501,0.5322189750912052,41.773963928222656,0.02923713508004696,-0.008657279739166301
2014-06-13,0.5084720818730923,0.5094656785944609,0.5319958386542076,41.84549331665039,0.015190216339641628,0.001712295930322405
2014-06-16,0.5088973405339019,0.5093589695962872,0.5316610744956615,41.716739654541016,0.01788478656294748,-0.0030768824048763577
2014-06-17,0.5057080990054152,0.5129873600915205,0.5321074068727065,42.11015701293945,0.021358218197298655,0.009430683261835604
2014-06-18,0.5119802815705852,0.5142679249810702,0.535900964313864,42.39628219604492,0.01653830772604719,0.006794683359113263
2014-06-19,0.5155947817598816,0.5166156936752879,0.5316610744956615,41.93133163452149,0.06241050350245753,-0.010966776741730522
2014-06-20,0.5011368376962919,0.5114933202941576,0.5282022217100003,42.03862762451172,0.03715959079943754,0.0025588500485849153
2014-06-23,0.510385660806342,0.5093589695962872,0.5296527275565839,41.566524505615234,0.02377220480668757,-0.011230221954753206
2014-06-24,0.5031567171213449,0.505410452106533,0.5253012695198825,41.23748397827149,0.01678825289936401,-0.007915998059912166
2014-06-25,0.4986917563040249,0.5012485166204315,0.5234044312962539,41.46638107299805,0.015315995201052672,0.005550704665860939
2014-06-26,0.5027314584605351,0.5008216237162713,0.5232928630777551,41.35908508300781,0.016260949211140782,-0.002587541695556861
2014-06-27,0.497734995184198,0.5016753526131261,0.5208381837616326,41.130184173583984,0.02565243752983217,-0.005534477103746882
2014-06-30,0.4975223375069954,0.4976201261251983,0.5208381837616326,41.0872688293457,0.021040545944760507,-0.001043402676174865
2014-07-01,0.5000737760846614,0.5048768502041991,0.5230697266407577,41.66666793823242,0.036738715378562124,0.014101670064594174
2014-07-02,0.5042197787329752,0.5064775989997354,0.5275327528959577,41.52360534667969,0.023307790549169864,-0.003433502092483498
2014-07-03,0.5048576383773917,0.5059440540088669,0.5302106281521276,41.8168830871582,0.004950526981178323,0.007062916093868665
2014-07-07,0.5049639388691951,0.502849265415968,0.528313789928499,41.57367706298828,0.012806868170852847,-0.005815976854683602
2014-07-08,0.5011368376962919,0.49943429291708213,0.517937231571515,40.87982940673828,0.02783744210947276,-0.01668959075231069
2014-07-09,0.4927384752142651,0.4903634020461976,0.513474145813265,40.70100021362305,0.02023104609311506,-0.004374509280260286
2014-07-10,0.4859347901900776,0.4855611556595883,0.5077837501484788,40.4077262878418,0.018220196860043607,-0.007205570483329038
2014-07-11,0.4850843295620542,0.4867350115509645,0.5093458242135613,40.48640823364258,0.018084742701600938,0.0019472005239862256
2014-07-14,0.49135651212722437,0.49025669304802394,0.5145899470043525,40.643775939941406,0.024949365945534534,0.003886926827163295
2014-07-15,0.4890177312267609,0.4882290513483272,0.5093458242135613,40.529327392578125,0.038627010849233076,-0.00281589357082368
2014-07-16,0.4909312534664148,0.49057682004254505,0.5169329985989264,40.743919372558594,0.03353135441258047,0.005294733315010847
2014-07-17,0.48657259314089846,0.48417382486039945,0.49807660110248736,39.449214935302734,0.09069300927538475,-0.03177662967122041
2014-07-18,0.4754102477911945,0.48150587226019487,0.4997502433860686,40.16452026367188,0.029872479585123263,0.018132308324570134
2014-07-21,0.48008780959212133,0.48897607124700854,0.5053290708323562,40.56509399414063,0.036132396764580674,0.009973322918811478
2014-07-22,0.4922069727552478,0.5019955365191129,0.5182719362270113,41.28755187988281,0.04577705535559942,0.017809841284887273
2014-07-23,0.5040071777493682,0.50348951940501,0.5238507636732989,41.10872650146485,0.02417856728201556,-0.004331217770872309
2014-07-24,0.4985854558122213,0.49740670812885096,0.5155941204738914,40.658084869384766,0.04854257775713715,-0.010962189063775218
2014-07-25,0.4871041522935115,0.4867350115509645,0.5115773670926862,40.436336517333984,0.03017563889211399,-0.005453979270375275
2014-07-28,0.48678525081810103,0.48449395185492033,0.5064448720234437,40.26466369628906,0.02545409394068398,-0.004245508763419559
2014-07-29,0.48465907090124455,0.4826797850630366,0.5063332443018951,40.07868194580078,0.03656617258149825,-0.00461898184202203
2014-07-30,0.48391491076502463,0.4874820314496458,0.5078953183669774,40.61516571044922,0.022322522801450008,0.013385763667925321
2014-07-31,0.48391491076502463,0.4850275537572543,0.5057754032094012,40.12160110473633,0.05245946050543752,-0.012152224349681995
2014-08-01,0.4791310484722943,0.4831066779671969,0.5028743915162337,40.10729598999024,0.02751009455990299,-0.0003565439651509461
2014-08-04,0.48359600928961416,0.4831066779671969,0.5030975874562811,40.24320602416992,0.012997149012474682,0.003388661110776514
2014-08-05,0.4805130682529309,0.4800118893742978,0.49763032822849246,39.51359176635742,0.030473960550588902,-0.01813012256961577
2014-08-06,0.4733904250597372,0.4758498969767307,0.4953987853493674,39.76395034790039,0.026774771985499955,0.006336011745612158
2014-08-07,0.4813635288809543,0.47883797657145605,0.49629139060040733,39.37768173217773,0.028121250822400252,-0.009714040288833048
2014-08-08,0.4742408856877606,0.47158125249245536,0.49495251247537225,39.51359176635742,0.031220570971528826,0.003451448338276153
2014-08-11,0.4756228487748015,0.47510287707804927,0.4971839958514474,39.48497772216797,0.019648915721712658,-0.0007241570029534738
2014-08-12,0.4708389864820712,0.4689132998922509,0.4887042162150423,38.869815826416016,0.05097107731207348,-0.015579643987150726
2014-08-13,0.46541726454492444,0.4678461529990486,0.48747684680545617,39.18455123901367,0.030212727530735194,0.008097167581220255
2014-08-14,0.4686065627670069,0.47488945908170194,0.49037785849862353,39.78540802001953,0.06982661867719339,0.015334022261498381
2014-08-15,0.5129370426904121,0.5114933202941576,0.5227349624822114,41.18741226196289,0.1171742972509256,0.03523915706074665
2014-08-18,0.5001800765764648,0.5067977829057222,0.5227349624822114,41.85979843139648,0.05366564753537934,0.016325040406933944
2014-08-19,0.5083657813812887,0.5081850567934456,0.5317726427141602,41.88841247558594,0.018304049434317633,0.0006835686090642668
2014-08-20,0.5062396581580282,0.5045567232096779,0.5293179633980377,41.72389221191406,0.033037914263967905,-0.003927584120495431
2014-08-21,0.5066648601252419,0.5053037431083593,0.5296527275565839,41.48068618774414,0.019102261439426192,-0.005828939038924896
2014-08-22,0.5017746973407082,0.5006082057199239,0.5241854683287952,41.23032760620117,0.02386250757898268,-0.006035545805819886
2014-08-25,0.5015620963571013,0.5017820616112998,0.5253012695198825,41.30186080932617,0.01321161809667557,0.001734965674011324
2014-08-26,0.5001800765764648,0.49911416592256114,0.5248549371428376,41.38054275512695,0.011366861462646904,0.0019050460259895097
2014-08-27,0.5028377589523387,0.5001813128157635,0.5220655531712188,41.04434967041016,0.018304049434317633,-0.008124424242239692
2014-08-28,0.4936952930276877,0.4951656484328069,0.5186066408825076,40.87982940673828,0.022865951984725935,-0.004008353524735941
2014-08-29,0.495715115759145,0.49484546452682016,0.5197224420735951,40.88698196411133,0.036043706541790836,0.00017496544082606924
2014-09-02,0.4946520541475146,0.5012485166204315,0.5213960843571763,41.53791046142578,0.03684836874492047,0.015920189411040564
2014-09-03,0.5050702393609985,0.505090325112012,0.5286485540870451,41.530757904052734,0.024728446663312566,-0.00017219348045172111
2014-09-04,0.5041134782411716,0.505410452106533,0.52552440595688,41.26609420776367,0.009231845917669674,-0.0063727152993573455
2014-09-05,0.49837285482861443,0.5007149147180976,0.5221771213897177,41.43061447143555,0.011863526710270007,0.003986814522439541
2014-09-08,0.4998611184074588,0.4997544768230688,0.5244086047657927,41.23748397827149,0.021748455177573955,-0.0046615406415757565
2014-09-09,0.4995422169320483,0.4980470190293587,0.5238507636732989,41.09442138671875,0.020401976340673658,-0.003469236668952047
2014-09-10,0.4985854558122213,0.4983671460238797,0.5208381837616326,41.26609420776367,0.024726834113807293,0.004177521309508103
2014-09-11,0.497734995184198,0.497193233221038,0.5234044312962539,41.19456481933594,0.013859862997794034,-0.001733369484100078
2014-09-12,0.4986917563040249,0.5069044919038959,0.5256359741753789,41.917022705078125,0.04980520401976341,0.017537699182176514
2014-09-15,0.508153180397682,0.5055171611047067,0.5270864800219627,41.43061447143555,0.027953545673852193,-0.01160407400747121
2014-09-16,0.5009242367126847,0.5013552256186051,0.5229581584222588,41.4234619140625,0.022514416192577116,-0.00017263942290735024
2014-09-17,0.5028377589523387,0.5107463003954764,0.5290948269610403,42.12446212768555,0.052499774243069265,0.016922781950899024
2014-09-18,0.5155947817598816,0.5151216538779253,0.5334462849977415,41.773963928222656,0.056040932956641774,-0.008320538275372602
2014-09-19,0.5115550229097758,0.5106395913973028,0.5311032334031677,41.66666793823242,0.040418553349587834,-0.0025684895542734676
2014-09-22,0.5042197787329752,0.5022089545154604,0.5218423572311714,41.16595077514648,0.02943064102067934,-0.01201721154732649
2014-09-23,0.4948646551311216,0.4946320465304728,0.5178256038499663,40.75822448730469,0.02820671594617955,-0.00990445453498312
2014-09-24,0.4909312534664148,0.5006082057199239,0.5163751575064325,41.459228515625,0.028616303520518083,0.017199081587537357
2014-09-25,0.5013494386798987,0.5000746038175898,0.5176024674129689,40.69384765625,0.028145439064979294,-0.018461049247130767
2014-09-26,0.4899744923465879,0.48886936224883487,0.5084532189625214,40.41487884521485,0.04141994659236039,-0.006855306811773154
2014-09-29,0.4820013885253706,0.4914305489394,0.5067795766789399,40.87982940673828,0.028077711985757967,0.011504440315264652
2014-09-30,0.49443945316390764,0.49377831763361785,0.5168214303804276,40.75822448730469,0.03921397886915128,-0.002974692438749482
2014-10-01,0.49061235199100434,0.4887626532506612,0.5096805883721074,40.200286865234375,0.047346066024226946,-0.013688957973233107
2014-10-02,0.48295814964519773,0.4813991632620212,0.4997502433860686,39.93562316894531,0.02991601842176555,-0.006583627056600538
2014-10-03,0.48402121125682823,0.4896163821475162,0.50945739243206,40.708152770996094,0.026966665376627064,0.019344373287544236
2014-10-06,0.4928447757060686,0.4912171309430527,0.5124699723437263,40.46495056152344,0.01750099978069327,-0.005974287530087441
2014-10-07,0.4842338122404351,0.4823596580685157,0.4965145270374049,39.341915130615234,0.025550846911000173,-0.02775328810054334
2014-10-08,0.4715831466182912,0.48438724285674667,0.49428304366132975,40.38626480102539,0.03930750674045694,0.026545471081997674
2014-10-09,0.48455277040944106,0.4818260561661815,0.49684929119595106,39.36337661743164,0.048360359663041655,-0.02532762533582411
2014-10-10,0.46998852585404777,0.46837975490138256,0.47888549895055216,38.36909866333008,0.1071377891301263,-0.025258959965880012
2014-10-13,0.45744416072370736,0.45994911801954014,0.4711867563466882,37.76108551025391,0.04838293535611544,-0.01584642783535728
2014-10-14,0.4501089165469068,0.4509849361468294,0.46047543383115813,37.045780181884766,0.08097256085761832,-0.018942922818649066
2014-10-15,0.4270400090176833,0.43487068228182596,0.43849488820455423,37.045780181884766,0.09790271811344607,0.0
2014-10-16,0.4260832478978564,0.437431868972391,0.44686309962246057,36.988555908203125,0.11228988479946334,-0.0015446907421219347
2014-10-17,0.4408600934368568,0.4511983541431767,0.463264817802777,37.38912582397461,0.07731691112917166,0.010829563521365992
2014-10-20,0.4397970318252263,0.44020653057076914,0.45032195240812195,37.44635009765625,0.10282260665402428,0.0015305057933434618
2014-10-21,0.4481953376136573,0.45781476732166976,0.4726372026902222,38.626609802246094,0.04172310589935111,0.031518684771996375
2014-10-22,0.4578694193845169,0.4560006005297859,0.4740877085368059,37.94706726074219,0.040128294438639266,-0.017592601188220036
2014-10-23,0.4559558404512674,0.4597357000231929,0.48078227767113096,38.41917037963867,0.0309657881496962,0.012441096321161416
2014-10-24,0.457125259248297,0.45866849621852485,0.4798896724200909,38.662376403808594,0.025408942554536428,0.006330329930778866
2014-10-27,0.45967664113236734,0.45866849621852485,0.48089384588962986,38.61945724487305,0.016327063740856844,-0.0011101014197182346
2014-10-28,0.46159022006561673,0.46464465540797567,0.4840179940197948,39.09871292114258,0.030025671788123896,0.012409694761651657
2014-10-29,0.466586683341954,0.46475136440614934,0.4868074374944636,38.9842643737793,0.02485745062373415,-0.0029271691780267117
2014-10-30,0.45935773965695686,0.46154986681507654,0.4825675476762608,38.855506896972656,0.03791103886889328,-0.0033028063726461276
2014-10-31,0.47317776738253464,0.4725416903874841,0.49484088475382365,39.54220199584961,0.038475431195737715,0.017673044407778837
2014-11-03,0.4792395033207317,0.49648383180117944,0.4988244354332034,40.84000015258789,0.06493898112672059,0.03282058386314701
2014-11-04,0.4845897346337909,0.49036704438000195,0.5042838402584099,40.18000030517578,0.0843766528632429,-0.01616062303981869
2014-11-05,0.4897914287263034,0.4879799498629906,0.5064676021884925,40.130001068115234,0.029166182901815087,-0.001244381201612521
2014-11-06,0.48652179567921533,0.4990200343583055,0.5108351260486577,41.369998931884766,0.03927525575035154,0.03089952232158688
2014-11-07,0.5013836816116584,0.5000643597537651,0.5201941822529328,40.93000030517578,0.031057703471496577,-0.010635693451030437
2014-11-10,0.49529031064710055,0.5011086851492248,0.5205061567433803,41.52999877929688,0.03307661545209438,0.014659136810346585
2014-11-11,0.5033157426570827,0.5094633452243675,0.527681391514523,41.65999984741211,0.0263022949804559,0.003130293087801217
2014-11-12,0.5000461096099946,0.5009595201976444,0.5226899186734628,41.45000076293945,0.03179302604589961,-0.005040784571335055
2014-11-13,0.5037615810931053,0.5039433314324429,0.5264334935527331,41.45000076293945,0.020524530103074166,0.0
2014-11-14,0.5009378431756357,0.5026006192223569,0.5269014850399292,41.56999969482422,0.01287782034908472,0.002895028460218052
2014-11-17,0.5040588256149858,0.5033465578031902,0.5256535870781393,41.2400016784668,0.03490363404156508,-0.007938369467885953
2014-11-18,0.48444114071964856,0.4952902845426737,0.5075594831535337,40.79999923706055,0.0864116903388934,-0.01066931191799625
2014-11-19,0.4929124111656535,0.4978265440112655,0.5176984458324028,40.79999923706055,0.05610704748635783,0.0
2014-11-20,0.48904834576840034,0.49931842117293196,0.5155146839023201,41.2599983215332,0.028559864287833636,0.01127448757535321
2014-11-21,0.5067339696183131,0.5134914818546257,0.5332968133364782,42.25,0.07697505063405446,0.023994224884641424
2014-11-24,0.5169886505020043,0.5152817458309185,0.5378203541933919,42.25,0.0256346994852742,0.0
2014-11-25,0.5153538906720561,0.5208017596228431,0.5428118270344521,42.709999084472656,0.03517292980894514,0.010887552295210767
2014-11-26,0.5205555280709728,0.5208017596228431,0.5462434274232749,42.7400016784668,0.019673103964291706,0.0007024723633171082
2014-11-28,0.5214472616366139,0.5225920805106017,0.5471793508946172,42.7400016784668,0.00901576428396352,0.0
2014-12-01,0.5207041219851152,0.5187131088319239,0.531425025896843,41.59000015258789,0.06254273256188965,-0.02690691344680729
2014-12-02,0.5045046640510082,0.5093141233613214,0.5309570344096469,41.97999954223633,0.023893146019582805,0.009377239437787566
2014-12-03,0.5101521965795437,0.5133422599915796,0.5351686007761132,42.22999954223633,0.027697150302514288,0.0059552168348280254
2014-12-04,0.5126787466687286,0.5179671702510906,0.5382882861775382,42.27000045776367,0.01309873963130668,0.000947215627775222
2014-12-05,0.5138676680626544,0.5151325808793381,0.5392242096488807,42.29999923706055,0.007849890991653443,0.0007096943215521012
2014-12-08,0.5138676680626544,0.5154309107824988,0.5289292299732631,41.5099983215332,0.014401679631564688,-0.018676144911964787
2014-12-09,0.4954389612548385,0.49931842117293196,0.5220659696925679,41.400001525878906,0.020405201439684197,-0.0026498867767295042
2014-12-10,0.5009378431756357,0.4982740957774722,0.5116150920263013,40.34000015258789,0.03414251067507773,-0.0256038969618978
2014-12-11,0.48815661220275935,0.49558867135730017,0.5144228029372788,40.619998931884766,0.017870273617400054,0.006940971200738
2014-12-12,0.4836980577617455,0.48723401128215743,0.5022560358220262,39.720001220703125,0.0290371789413935,-0.022156517352224347
2014-12-15,0.4817659967163212,0.4805204502317271,0.4857218043496581,38.68000030517578,0.0640940051859592,-0.02618330522571255
2014-12-16,0.4554604518126654,0.47022636122871114,0.47714265461997657,38.470001220703125,0.0533737760749255,-0.005429138645703602
2014-12-17,0.4560549408564261,0.4778350827230207,0.4769866971262779,39.7599983215332,0.04789272030651341,0.03353254639710923
2014-12-18,0.48785936768087895,0.4899194357023295,0.5084954066248762,40.70000076293945,0.04146509797850794,0.02364191350825995
2014-12-19,0.49410138925317476,0.49931842117293196,0.5201941822529328,41.380001068115234,0.05165963595082369,0.016707623892601386
2014-12-22,0.501235087697516,0.5060319822233621,0.528305340495418,41.880001068115234,0.016983371389501657,0.012083131635906685
2014-12-23,0.5101521965795437,0.5079714111512355,0.5279933660049705,41.369998931884766,0.021519473147825638,-0.012177701127585538
2014-12-24,0.501829520047681,0.5008102983345983,0.5217539952021204,41.130001068115234,0.014419417676122656,-0.005801253806283269
2014-12-26,0.5006405986537554,0.5014070719638513,0.5269014850399292,41.380001068115234,0.0008917398764142059,0.006078288196150972
2014-12-29,0.5009378431756357,0.5014070719638513,0.5272134595303767,41.33000183105469,0.007146819407355806,-0.0012082947261949917
2014-12-30,0.49870853760833095,0.5017054587784775,0.5245617061130979,41.369998931884766,0.012752041487673673,0.0009677497957434333
2014-12-31,0.5013836816116584,0.5046892700132761,0.5208181312338278,40.93999862670898,0.014325889804817008,-0.010394012962963273
2015-01-02,0.4982626991723083,0.49752815719663906,0.5125509559945939,40.560001373291016,0.016069055820013674,-0.00928180913934018
2015-01-05,0.4854814681994319,0.4848469736766117,0.5021000783283274,39.79999923706055,0.024334984584026734,-0.018737724617803764
2015-01-06,0.47790193131906805,0.4782826344892274,0.491493183665312,39.18000030517578,0.02496065379207142,-0.015577862908787266
2015-01-07,0.47359197079219656,0.47514965830284855,0.49570475003177833,39.70000076293945,0.04558677451397758,0.013272089170835999
2015-01-08,0.4842925468055062,0.49260486012250165,0.5095872875899176,40.88999938964844,0.02553633396545274,0.029974775915366347
2015-01-09,0.49558755516898084,0.492903246937128,0.5113031175358538,40.59000015258789,0.01793477559761085,-0.0073367386045130045
2015-01-12,0.4897914287263034,0.4887259453552895,0.5059996702043462,40.11000061035156,0.03609047047744366,-0.011825561478982283
2015-01-13,0.4877107737667366,0.48842755854066305,0.49632869901267335,39.54999923706055,0.023872182876014295,-0.013961639610309273
2015-01-14,0.46630962174011753,0.46455712557374035,0.478858484565913,39.060001373291016,0.07419824038597984,-0.01238932675655724
2015-01-15,0.47076823287472686,0.4691820358332515,0.4754268841770903,38.0099983215332,0.0338022627294658,-0.026881797614984215
2015-01-16,0.44847540397606217,0.45500897515155775,0.4718392072884691,38.25,0.03985093592373286,0.006314172298472087
2015-01-20,0.45739251285808985,0.45799278638635627,0.4718392072884691,37.93000030517578,0.07257924068268895,-0.008366005093443651
2015-01-21,0.4472864258885409,0.4542630365707245,0.470591368829729,38.15999984741211,0.03529709612085091,0.006063789622615445
2015-01-22,0.45858143425201553,0.4758955968836818,0.4774546291104242,39.650001525878906,0.0697250280583614,0.03904616573440167
2015-01-23,0.47478089218612224,0.4720166252050038,0.4874375747925445,38.810001373291016,0.015909413418991963,-0.0211853750381229
2015-01-26,0.46274280086474456,0.4656014509692001,0.48291409343868047,39.150001525878906,0.0157739592605493,0.00876063232561175
2015-01-27,0.46140522886308094,0.4667949982277058,0.4846299233846168,38.75,0.01887972960769896,-0.010217152242369631
2015-01-28,0.466012377218237,0.4638111869929073,0.47495889268989416,38.0,0.024201142975089338,-0.01935483870967747
2015-01-29,0.4510018973716516,0.45515819701460375,0.4707473263234277,38.459999084472656,0.028982352258214328,0.012105239065069995
2015-01-30,0.45115049128579393,0.4529203243606384,0.4710593008138753,37.77000045776367,0.04066204832488358,-0.017940682348782322
2015-02-02,0.4495157314558456,0.4594846635480227,0.4710593008138753,38.68999862670898,0.03186075312512095,0.024357907275486923
2015-02-03,0.46645827234785536,0.4724642338826765,0.48993331121307454,39.619998931884766,0.038986609388908244,0.024037227660529847
2015-02-04,0.47076823287472686,0.4699279744140847,0.48837349826388693,39.11000061035156,0.03281054478372486,-0.012872244706770397
2015-02-05,0.46913341635118283,0.4752988232544289,0.494612869066737,39.52999877929688,0.020859940400170286,0.010738894461539639
2015-02-06,0.47388921531407696,0.47514965830284855,0.4947688265604359,39.34000015258789,0.03490363404156508,-0.004806441502054892
2015-02-09,0.4692820102653252,0.46948042264787787,0.49040130270027077,39.040000915527344,0.049237586593908436,-0.007625806708107308
2015-02-10,0.47047098835284645,0.47440366281054963,0.487749549282992,39.66999816894531,0.01412432111665828,0.016137224350509793
2015-02-11,0.47537538122988293,0.47514965830284855,0.4947688265604359,39.33000183105469,0.045217500677270796,-0.008570616425104371
2015-02-12,0.47448370435783754,0.47887940811848034,0.4994483249110487,40.02000045776367,0.012658513616368024,0.01754382391521192
2015-02-13,0.4802798308005151,0.482609157934112,0.5053757212234512,40.150001525878906,0.027077931292490684,0.0032484024644736653
2015-02-17,0.4808742631506801,0.48589129907207146,0.50303594229662,40.52000045776367,0.037783647457976965,0.009215415138808414
2015-02-18,0.4973709656066672,0.5108060574344535,0.5209740887275266,41.540000915527344,0.1366555078240902,0.02517276520830447
2015-02-19,0.5015323322193963,0.5014070719638513,0.5230018931639103,41.150001525878906,0.05167576144587639,-0.009388526265117547
2015-02-20,0.4969251271706446,0.5094633452243675,0.5205061567433803,41.95000076293945,0.03933330753254125,0.019441049997469317
2015-02-23,0.50881462457788,0.5072254725704022,0.5300211704413542,41.72999954223633,0.023143310499632343,-0.005244367501835323
2015-02-24,0.5048019085728888,0.5094633452243675,0.5317369408842405,42.060001373291016,0.02240476282621877,0.007908023835961897
2015-02-25,0.5155024845861984,0.5151325808793381,0.5393801671425795,42.20000076293945,0.029200046441425757,0.0033285636014586117
2015-02-26,0.5138676680626544,0.5134914818546257,0.5379763116870908,42.36000061035156,0.01568365648825419,0.0037914655099395844
2015-02-27,0.5149079955424378,0.5131930950399992,0.5387562181616846,42.209999084472656,0.01844272869177084,-0.003541112457922213
2015-03-02,0.5155024845861984,0.51886233069497,0.5432797590185984,42.70000076293945,0.021195350697266406,0.011608663565383592
2015-03-03,0.5171373011097424,0.5163260712263782,0.5401600736171733,42.2599983215332,0.017781583394610216,-0.01030450664038729
2015-03-04,0.5097063581435208,0.5102092838052008,0.5337647453206245,42.0,0.012469845324251454,-0.006152350493604297
2015-03-05,0.5103008471872816,0.5114028310637064,0.5354805752665607,42.220001220703125,0.013606692725466671,0.005238124302455294
2015-03-06,0.5097063581435208,0.5085681847804882,0.5300211704413542,41.52999877929688,0.01605938052298206,-0.01634302277253108
2015-03-09,0.503612987178963,0.5061811471749427,0.5292412044637105,41.7400016784668,0.015475637602074386,0.005056655558453915
2015-03-10,0.4988571882160689,0.49693138356738625,0.5166065648673615,40.630001068115234,0.023036882232284533,-0.026593209528407824
2015-03-11,0.49246657272963074,0.4948427327764669,0.5172304543452065,40.84999847412109,0.024699420772217706,0.005414654201879809
2015-03-12,0.4954389612548385,0.49648383180117944,0.521910012198869,41.09999847412109,0.035269682779261326,0.006119951268991564
2015-03-13,0.49499306612522015,0.49976597293913866,0.5148907349214251,40.869998931884766,0.06727395281035127,-0.005596096125919381
2015-03-16,0.4979654546504279,0.505286043642529,0.5240937741289516,41.810001373291016,0.03255253686288169,0.022999815658740097
2015-03-17,0.5033157426570827,0.5031973359401438,0.5233138676543578,41.58000183105469,0.015677206290233114,-0.005501065168183827
2015-03-18,0.5022754151772995,0.5134914818546257,0.5250296380972442,42.119998931884766,0.012302140175703394,0.01298694269000178
2015-03-19,0.5111925240593269,0.5115519960152868,0.5351686007761132,42.209999084472656,0.00891739876414206,0.002136755813632263
2015-03-20,0.5162455675441013,0.5157292975971255,0.5410959970885159,42.209999084472656,0.028748532579950206,0.0
2015-03-23,0.5122328515391104,0.5143865853870391,0.5379763116870908,42.20000076293945,0.021006682405149836,-0.00023687092513779984
2015-03-24,0.5123815021468483,0.509761732038994,0.5225339016767142,41.09000015258789,0.04988099384651109,-0.02630333152331077
2015-03-25,0.49811404856457026,0.5033465578031902,0.5191023012878915,40.810001373291016,0.03617754815072823,-0.0068142803177683176
2015-03-26,0.4908317562060867,0.4924556951709213,0.5125509559945939,40.70000076293945,0.016781802701342934,-0.002695432654985286
2015-03-27,0.4896427781185653,0.49558867135730017,0.5158266583927676,41.11000061035156,0.022575693073777367,0.010073706135785843
2015-03-30,0.5033157426570827,0.5057335954087359,0.5273694170240755,41.720001220703125,0.024696195673207168,0.014838253497811094
2015-03-31,0.4997488650881144,0.5045400481502302,0.5239377571322028,41.54999923706055,0.018165370176864433,-0.004074831703461568
2015-04-01,0.5024240090914418,0.500661133383018,0.5180104203228502,41.38999938964844,0.026407110698298437,-0.0038507785884481782
2015-04-02,0.5025726596991797,0.509761732038994,0.5275254340208242,42.04999923706055,0.025852393668485622,0.01594587719605456
2015-04-06,0.5056936421385299,0.5108060574344535,0.5303330854287519,41.93000030517578,0.029785401911838698,-0.0028537201917236965
2015-04-07,0.5095577075357829,0.5155801326455449,0.535948507250707,42.43999862670898,0.04095391978533741,0.012163088905826847
2015-04-08,0.5168400565878621,0.5166244580410047,0.5384442436712372,42.2599983215332,0.03080130810015868,-0.0042412891376130135
2015-04-09,0.5128273405828709,0.5166244580410047,0.539068192652132,42.4900016784668,0.012893945844137415,0.005442578468262793
2015-04-10,0.5223389385086592,0.5310959055373248,0.5468673764041697,43.54999923706055,0.04576254241005199,0.02494698792000616
2015-04-13,0.5340798420017523,0.5315434573035316,0.5534187216974673,43.040000915527344,0.05121295973786395,-0.011710639046330962
2015-04-14,0.5247168379901064,0.5257250566969807,0.5470233934009184,43.06999969482422,0.02007624134060916,0.0006969976454171967
2015-04-15,0.5294726369530005,0.5310959055373248,0.5563823901021437,43.380001068115234,0.014720964433608113,0.007197617262306721
2015-04-16,0.5273919819934338,0.5281120943025264,0.5545106026625086,43.130001068115234,0.00866745359082524,-0.005763024293324759
2015-04-17,0.5214472616366139,0.5234871840430153,0.547335308388316,42.97999954223633,0.029022665995846075,-0.003477892932161275
2015-04-20,0.530215776604499,0.5293055846495662,0.5559144581179974,43.18999862670898,0.014156572106763679,0.004885972236139402
2015-04-21,0.5315532919125672,0.5302007450934456,0.5515468747547824,42.88999938964844,0.019140962627552667,-0.006946034883062446
2015-04-22,0.5211500171147336,0.5203542078566363,0.5437476910027447,42.709999084472656,0.03536966084858805,-0.004196789641811582
2015-04-23,0.5166914059801242,0.5206525946712628,0.5417199460694108,42.619998931884766,0.05547331553078679,-0.0021072384574367664
2015-04-24,0.5210013665069955,0.5199066560904295,0.5445275974773385,42.4900016784668,0.026889263000374114,-0.0030501468014049182
2015-04-27,0.5214472616366139,0.5193098824611768,0.5375083797029445,41.97999954223633,0.02846311131751745,-0.012002873995858865
2015-04-28,0.5085173800559997,0.5124471564591662,0.5312690089000943,42.18000030517578,0.02049227911296877,0.004764191641742022
2015-04-29,0.5110439301451846,0.5108060574344535,0.5292412044637105,41.959999084472656,0.02625714359430835,-0.005215770960440902
2015-04-30,0.5079229477058345,0.5069270857557757,0.5240937741289516,41.369998931884766,0.019247390894900476,-0.014061014429483598
2015-05-01,0.5016809261335387,0.5067779208041954,0.5261215785653354,41.83000183105469,0.021729104583510718,0.011119238845698654
2015-05-04,0.5086660306637376,0.5090157934581607,0.5332968133364782,41.93999862670898,0.008725505373014952,0.0026296148897757554
2015-05-05,0.5062881311822904,0.5055843735456895,0.5295531789541581,41.59000015258789,0.011644219977553312,-0.008345219017203198
2015-05-06,0.5083687861418571,0.5057335954087359,0.5279933660049705,41.59000015258789,0.006480836461679374,0.0
2015-05-07,0.5043560701368661,0.5055843735456895,0.5272134595303767,41.79999923706055,0.007530606189610023,0.005049268663193107
2015-05-08,0.5138676680626544,0.5157292975971255,0.5412519545822146,42.5,0.008080485570907027,0.016746430041051807
2015-05-11,0.5162455675441013,0.520205042905056,0.5440596654931922,42.619998931884766,0.007140369209334729,0.00282350427964162
2015-05-12,0.5157997291080787,0.5152817458309185,0.5301771279350531,41.90999984741211,0.033623269734380845,-0.016658824548714257
2015-05-13,0.5111925240593269,0.513640646806206,0.533452770830177,41.810001373291016,0.023544835326444524,-0.002386028978410226
2015-05-14,0.5131245851047512,0.5112536092006603,0.535948507250707,42.04999923706055,0.03791103886889328,0.005740202245552828
2015-05-15,0.5125300960609906,0.5117011609668671,0.5378203541933919,42.040000915527344,0.026037836861591654,-0.0002377722167564711
2015-05-18,0.5111925240593269,0.5182655570657171,0.5376643371966433,42.630001068115234,0.023114284608537483,0.01403425641624989
2015-05-19,0.5040588256149858,0.520205042905056,0.5301771279350531,42.369998931884766,0.07650902382703148,-0.006099041278817441
2015-05-20,0.5178803840676456,0.5203542078566363,0.5446836144740872,42.61000061035156,0.03417959931369893,0.005664424935498014
2015-05-21,0.5189207115474288,0.5187131088319239,0.5410959970885159,42.31999969482422,0.025697588915979723,-0.006805935493389592
2015-05-22,0.514462157106415,0.5178179483880445,0.539068192652132,42.5,0.015353083839673877,0.004253315370363664
2015-05-26,0.5175831395457651,0.5172212316702574,0.5378203541933919,42.060001373291016,0.02236444908858702,-0.01035290886374085
2015-05-27,0.514462157106415,0.5216969200667223,0.5395361246362782,42.61000061035156,0.03182527703600501,0.013076538732825771
2015-05-28,0.5171373011097424,0.5184147220172974,0.5278373490082217,41.75,0.045388430924829394,-0.020183069655780206
2015-05-29,0.5073284586620739,0.505286043642529,0.5195702332720378,41.18999862670898,0.07240186023710928,-0.01341320654589273
2015-06-01,0.5019781706554189,0.49931842117293196,0.520038165256184,40.91999816894531,0.03075615671401112,-0.006555000407030498
2015-06-02,0.49469582160333975,0.49499189772804736,0.5172304543452065,41.11000061035156,0.03893984545325542,0.0046432661267918895
2015-06-03,0.5001947602177326,0.4982740957774722,0.5214420207116728,41.09999847412109,0.03530515886837726,-0.00024330177771769712
2015-06-04,0.4939527386454368,0.49409679419563374,0.5069355341726388,40.540000915527344,0.05739386199156315,-0.013625245240491912
2015-06-05,0.48875110124652005,0.4879799498629906,0.5098992620803651,40.310001373291016,0.019795657726692208,-0.0056733975590078645
2015-06-08,0.4845897346337909,0.48320587465189907,0.5053757212234512,39.95000076293945,0.013227743591728265,-0.00893080124254464
2015-06-09,0.4796853417567544,0.4829075447487385,0.5041278827647111,40.119998931884766,0.014614536166260303,0.004255273234012424
2015-06-10,0.4866704462869533,0.4867864595159506,0.5109911430454063,40.52000045776367,0.020263297083220458,0.009970128029116454
2015-06-11,0.4891969396825427,0.48693562446753086,0.5113031175358538,40.52999877929688,0.016839854483532646,0.00024675028184240055
2015-06-12,0.48563011880716994,0.4852945823542842,0.5027240273092223,39.84000015258789,0.03607111988338042,-0.017024392980279357
2015-06-15,0.4752267873157406,0.4724642338826765,0.4950808010508833,39.52000045776367,0.029496755550395402,-0.008032120823258437
2015-06-16,0.47463229827198,0.47514965830284855,0.49710860548726715,39.790000915527344,0.014350078047396056,0.006831995309621197
2015-06-17,0.4771587916675694,0.47500043643980255,0.4961726820159246,39.59999847412109,0.015911025968497236,-0.0047751303602536765
2015-06-18,0.47775328071133,0.47887940811848034,0.5024120528187748,39.900001525878906,0.0214839970587097,0.007575834932263215
2015-06-19,0.47775328071133,0.4770890872307217,0.4988244354332034,39.4900016784668,0.03428441503154147,-0.010275685005831092
2015-06-22,0.47790193131906805,0.4781334126261814,0.5025680103124737,39.810001373291016,0.05444934659494046,0.008103309223172594
2015-06-23,0.47909085271299373,0.4772383090937678,0.49773249496511224,39.59999847412109,0.02452526542564857,-0.0052751291616589535
2015-06-24,0.4728488878342935,0.4846978087250314,0.491649141159011,40.18999862670898,0.09022214481984596,0.01489899432631181
2015-06-25,0.47775328071133,0.485742134120491,0.49710860548726715,40.04999923706055,0.07632358063392546,-0.0034834385277980884
2015-06-26,0.48072566923653776,0.4805204502317271,0.5033479167870676,40.02000045776367,0.04543841995949276,-0.0007490332052020321
2015-06-29,0.47478089218612224,0.47500043643980255,0.4871256598051468,38.7400016784668,0.03198814453603726,-0.03198397712783041
2015-06-30,0.46705276139161606,0.46589983778382643,0.48307005093237937,38.58000183105469,0.04038952745849298,-0.004130093972118831
2015-07-01,0.46422896678055064,0.467540936808539,0.4872816172988456,39.2599983215332,0.06375536978985255,0.017625621000649128
2015-07-02,0.4712140713107495,0.47261339883425685,0.4935209881016958,39.58000183105469,0.02625391849529781,0.008150879347999629
2015-07-06,0.4674985998276387,0.4729117856488832,0.4924291071366545,39.36000061035156,0.03187526607066837,-0.005558393393769623
2015-07-07,0.473740564706339,0.4748512714882221,0.4933649711049471,39.790000915527344,0.038622173200717265,0.010924804332007376
2015-07-08,0.47299748174843587,0.47022636122871114,0.4866576683179507,38.75,0.04609150250912703,-0.026137242814726847
2015-07-09,0.46987649930908576,0.46798854548621144,0.48977735371937575,38.91999816894531,0.02749719416386083,0.004387049521169306
2015-07-10,0.47017374383096616,0.4696295875994582,0.4936769455953946,39.400001525878906,0.025387979410967917,0.012333077582634466
2015-07-13,0.4765643593174043,0.47798424767460107,0.4996043419077972,39.959999084472656,0.01688339332017493,0.01421313545447278
2015-07-14,0.4814687521944408,0.48783078491141024,0.5050637467330037,40.4900016784668,0.036575847878529875,0.013263328481909031
2015-07-15,0.48696763411523797,0.485742134120491,0.5070915511693874,40.130001068115234,0.027655224015377275,-0.008891098923886065
2015-07-16,0.4860759572431926,0.48454858686198515,0.508651364118575,40.34000015258789,0.020859940400170286,0.005232969820165412
2015-07-17,0.4836980577617455,0.4829075447487385,0.5042838402584099,39.95000076293945,0.030311093050556653,-0.009667808333496453
2015-07-20,0.48161740280217874,0.47992373351393997,0.5059996702043462,40.060001373291016,0.010038120670304579,0.0027534570275555836
2015-07-21,0.4802798308005151,0.4781334126261814,0.4996043419077972,39.56999969482422,0.010130035992104958,-0.01223169400072699
2015-07-22,0.47017374383096616,0.4842502000473588,0.49570475003177833,40.33000183105469,0.038970483893855545,0.019206523681876142
2015-07-23,0.4862245511573349,0.48350426146652564,0.5069355341726388,40.25,0.018965194731478258,-0.0019836803228976407
2015-07-24,0.4823604857600818,0.4805204502317271,0.494612869066737,39.310001373291016,0.02115987460815047,-0.02335400314804925
2015-07-27,0.46645827234785536,0.47276262069730285,0.4850978553687631,39.61000061035156,0.07625101590618831,0.007631626216741294
2015-07-28,0.48072566923653776,0.4849961955396577,0.49898039292690216,40.45000076293945,0.03604854419030665,0.02120676949367084
2015-07-29,0.48815661220275935,0.48887511030686986,0.51052321106126,40.400001525878906,0.023888308371066994,-0.0012360750585289626
2015-07-30,0.4845897346337909,0.4936491855179613,0.5078714576439812,40.970001220703125,0.030762606912032205,0.014108902804349954
2015-07-31,0.4963306381268839,0.49499189772804736,0.518946284291143,40.95000076293945,0.027655224015377275,-0.0004881732284051088
2015-08-03,0.49439857708145957,0.4948427327764669,0.5158266583927676,41.0,0.025341215475315093,0.001220982567253115
2015-08-04,0.49469582160333975,0.4981248739144261,0.5153586669055714,40.619998931884766,0.014761278171239857,-0.009268318734517944
2015-08-05,0.49469582160333975,0.4957378363088804,0.5175424288356539,40.720001220703125,0.006721106337964576,0.002461897869225682
2015-08-06,0.4948444722110778,0.4923064733078752,0.5053757212234512,40.119998931884766,0.02256440522724048,-0.014734829833779606
2015-08-07,0.48280632419610453,0.48111722386097994,0.5010081973632861,39.9900016784668,0.015809435349665238,-0.0032402107896033483
2015-08-10,0.4842925468055062,0.4875323980967838,0.50927531309947,40.470001220703125,0.01647703084484694,0.012002988799442615
2015-08-11,0.48354940715400746,0.48081883704635336,0.4958607075254771,39.41999816894531,0.016818891339964136,-0.025945219176832235
2015-08-12,0.4666068662619977,0.46470634743678657,0.4797944080372554,38.88999938964844,0.04673652231123496,-0.013444921459037529
2015-08-13,0.4649720497384536,0.46217008796819464,0.48275807644193186,38.560001373291016,0.037349871641059386,-0.008485420970339774
2015-08-14,0.46021625077555955,0.4590371117818159,0.48057431451184923,38.650001525878906,0.03386353961066605,0.0023340287702953155
2015-08-17,0.4563521853783064,0.4633636352267005,0.4774546291104242,38.81999969482422,0.04465794599894217,0.004398400057797902
2015-08-18,0.4674985998276387,0.48320587465189907,0.49118120917486446,39.02000045776367,0.09488563798908627,0.005152003207411715
2015-08-19,0.4612565782553428,0.4602306590403215,0.4802623400214017,38.400001525878906,0.03543900047731466,-0.015889259984911308
2015-08-20,0.45115049128579393,0.45277115940905804,0.46778365791875137,37.5099983215332,0.025992685475444095,-0.023177165858858206
2015-08-21,0.4380720724846329,0.44053758456670317,0.4470378005768672,36.22999954223633,0.053130281099629764,-0.03412420252128012
2015-08-24,0.3896222925964549,0.41845741557607347,0.4064820688674911,34.68000030517578,0.05776636092728047,-0.042782204158009596
2015-08-25,0.4165223265438714,0.42084445318161906,0.41786887000510015,34.36000061035156,0.05273036882232285,-0.009227211418924353
2015-08-26,0.41176652758097726,0.41383256222802806,0.4205206234223789,35.619998931884766,0.04355657468684289,0.03667049764701136
2015-08-27,0.42380461890235493,0.42830395281288264,0.44267027671670206,36.63999938964844,0.030212727530735194,0.028635611688652585
2015-08-28,0.42796598551508397,0.4281547878613023,0.4467258855894695,36.5099983215332,0.020171381761420075,-0.0035480641452183548
2015-08-31,0.4278173349073459,0.42651368883658974,0.4436062001880445,36.310001373291016,0.0326057509965556,-0.005477867911164225
2015-09-01,0.41087479401533616,0.4120422982517353,0.4220804363715665,34.75,0.039043048621592684,-0.042963407168541856
2015-09-02,0.4113206891449545,0.41129630275943635,0.42691595171892777,35.529998779296875,0.025568584955558138,0.02244600803732011
2015-09-03,0.41548199906408795,0.4200985146007859,0.4370548548947469,35.75,0.025924958396222768,0.006191985034103675
2015-09-04,0.40701072861808313,0.4109979159448099,0.4272279262093753,35.060001373291016,0.03686771933898371,-0.019300660886964582
2015-09-08,0.41860298150343805,0.4220380004401248,0.43674288040429937,36.209999084472656,0.020232658642620333,0.032800846153352436
2015-09-09,0.428709068472987,0.43024343865222153,0.43565099943925817,35.540000915527344,0.021811344608279472,-0.018503125818432165
2015-09-10,0.41548199906408795,0.41890502425374593,0.43565099943925817,35.86000061035156,0.01767354257775714,0.009003930404639204
2015-09-11,0.416225082021991,0.4177114769952402,0.43565099943925817,35.959999084472656,0.014683875794986907,0.0027885798220601554
2015-09-14,0.42008914741924414,0.4196509628345791,0.43377921199962305,35.54999923706055,0.027261761936091443,-0.01140155333288495
2015-09-15,0.4175626540236547,0.42278393902095796,0.43674288040429937,36.150001525878906,0.019673103964291706,0.01687770187609061
2015-09-16,0.42350743107407024,0.43128776404768115,0.4453220301339808,36.52000045776367,0.025758865797179974,0.010235101418180959
2015-09-17,0.43064112951841144,0.4330780849354397,0.44890964751955215,36.400001525878906,0.020743836835790862,-0.00328584146715849
2015-09-18,0.41919747054719875,0.421590448673918,0.4379907783660894,35.7400016784668,0.045467445850587616,-0.01813186317980997
2015-09-21,0.42068363646300483,0.4193525760199526,0.43518306745511187,35.689998626708984,0.033984480823561286,-0.0013990780472721287
2015-09-22,0.40923997749179214,0.4083125484361035,0.42785181568722047,35.04999923706055,0.028229291639253327,-0.01793217748037368
2015-09-23,0.4079024054901284,0.4069698362260174,0.42582407075388656,34.95000076293945,0.023057845375853044,-0.0028530235748296384
2015-09-24,0.39987703017374193,0.39801840252162185,0.41552915058131873,34.54999923706055,0.024126965697846926,-0.011444964725238704
2015-09-25,0.4019576851333086,0.4036876381765924,0.4147491846036751,34.45000076293945,0.03544383812583046,-0.002894311905333624
2015-09-28,0.39348641468730366,0.39249838872969717,0.40258247699147226,33.369998931884766,0.03358456854625437,-0.03134983474997566
2015-09-29,0.3820427557160911,0.3893654125433183,0.40133463853273216,33.7400016784668,0.02773101384212496,0.011087886078069209
2015-09-30,0.3927433317294006,0.3948854263352429,0.4080418818166787,34.33000183105469,0.032460621541081314,0.01748666636743046
2015-10-01,0.3963101526047735,0.39563136491607614,0.4050782134120023,33.7400016784668,0.03997026458712283,-0.017186138104256732
2015-10-02,0.3793676117127637,0.39861517615087466,0.3994627915900472,34.66999816894531,0.04816201607389347,0.027563617196618262
2015-10-05,0.40701072861808313,0.4092076519685171,0.42629200273803286,35.34000015258789,0.01842660319671814,0.019325123133196787
2015-10-06,0.40834830061974675,0.40652222754834494,0.4214564873906715,34.900001525878906,0.02097926906356025,-0.01245044212816071
2015-10-07,0.4093886280995302,0.41502605257506814,0.4303475521077505,35.540000915527344,0.041163551221022485,0.018338090592169953
2015-10-08,0.4122123660169999,0.4193525760199526,0.43409118649007056,36.0099983215332,0.03330237238283216,0.013224462405697857
2015-10-09,0.4203863919411244,0.4233807126502109,0.44251431922300327,36.22999954223633,0.04354206174129546,0.006109448235424253
2015-10-12,0.4224671035942868,0.42099367504466517,0.44220234473255576,35.9900016784668,0.013177754557064903,-0.006624285586582679
2015-10-13,0.41771124793779707,0.42188883548854444,0.4370548548947469,35.630001068115234,0.02984022859501787,-0.010002795042017287
2015-10-14,0.4159278375001107,0.4148768876234877,0.4283198071744166,35.04999923706055,0.01797508933524259,-0.01627846796708976
2015-10-15,0.4081996500120088,0.4135341754134017,0.42551209626343905,35.58000183105469,0.014517783195944116,0.015121329687041385
2015-10-16,0.41667092045801374,0.41860663743911947,0.43455911847421685,35.779998779296875,0.01969890475637602,0.005621049408368162
2015-10-19,0.41667092045801374,0.42173961362549833,0.4379907783660894,36.22999954223633,0.050845298450662435,0.012576880332366924
2015-10-20,0.42291294203030955,0.42606613707038293,0.4448540386467847,36.31999969482422,0.03391352864532941,0.0024841334177487795
2015-10-21,0.4293035575167477,0.4272596274174229,0.44126642126121324,35.900001525878906,0.037954577705535564,-0.011563826334645144
2015-10-22,0.42172396394278827,0.4324813113061869,0.4443861066626383,36.09000015258789,0.051013003599210495,0.0052924406304557525
2015-10-23,0.428709068472987,0.4372553865172782,0.4471938175736158,37.11000061035156,0.035474476566430595,0.02826268920618258
2015-10-26,0.4358427669173282,0.4348683489117325,0.4551489588193523,36.83000183105469,0.022828863346104726,-0.007545103063640757
2015-10-27,0.4312355618685764,0.4341224103308993,0.4517173584305297,37.04999923706055,0.032646064734187345,0.0059733205286012225
2015-10-28,0.4370317450048496,0.44232784854299606,0.45639685678114233,37.52000045776367,0.020114942528735635,0.012685593262657724
2015-10-29,0.44312511596940746,0.44471488614854177,0.46435199802687893,37.70000076293945,0.013216455745191378,0.004797449439756907
2015-10-30,0.44684058745251815,0.4496381263112134,0.470591368829729,37.7599983215332,0.026798960228079004,0.0015914471453466472
2015-11-02,0.44906983632622727,0.45739601275710334,0.472463156269364,38.59000015258789,0.020609995226853466,0.021980981672379052
2015-11-03,0.45560910242040337,0.455904135595437,0.4780785780913192,38.27000045776367,0.015369209334726576,-0.008292295764677715
2015-11-04,0.45590634694228377,0.4553073619661841,0.47558284167078907,38.34000015258789,0.016720525820142676,0.0018291009664730407
2015-11-05,0.4550146133766428,0.45560574878081056,0.47449096070574787,38.29999923706055,0.014304926661248501,-0.0010433206929615357
2015-11-06,0.45248806328745755,0.4547105883369312,0.47527086718034167,38.13999938964844,0.023082033618432085,-0.004177541791104966
2015-11-09,0.4515963864154123,0.4493397964080527,0.46747168342830386,37.91999816894531,0.041553788201297785,-0.005768254436911091
2015-11-10,0.44936708084810756,0.45068245170667315,0.4707473263234277,37.97999954223633,0.061373634170569034,0.0015823147728988296
2015-11-11,0.45337979685309865,0.45142844719897196,0.4701234368455827,37.65999984741211,0.023143310499632343,-0.008425479164852478
2015-11-12,0.4414902994458633,0.44471488614854177,0.46372810854903374,37.4900016784668,0.041339319117096894,-0.004514024684920237
2015-11-13,0.44193613788188607,0.44173107491374314,0.4542130948510598,36.77000045776367,0.04519008733568121,-0.019205153066628733
2015-11-16,0.4324245399560978,0.44053758456670317,0.4537451033638635,37.33000183105469,0.03156565656565657,0.015229844066340759
2015-11-17,0.428709068472987,0.45560574878081056,0.452185290414676,38.380001068115234,0.1152456880426229,0.028127489567574937
2015-11-18,0.45739251285808985,0.46843609725241825,0.48119826349274425,39.34000015258789,0.09767051098468722,0.025013003068157458
2015-11-19,0.46824168278554174,0.4735085592781361,0.48041835701815044,38.5,0.10871486254628017,-0.021352316963136442
2015-11-20,0.46259415025700673,0.46828687538937214,0.4836939999132743,39.27999877929688,0.07926003328302178,0.020259708553165723
2015-11-23,0.47017374383096616,0.4790285730700607,0.4933649711049471,40.02999877929688,0.0957967284595637,0.019093686947752708
2015-11-24,0.47790193131906805,0.4887259453552895,0.5025680103124737,40.66999816894531,0.08282699278867861,0.01598799423345043
2015-11-25,0.489494184204423,0.5003627465683915,0.5141108284468313,41.34000015258789,0.052638453500522465,0.016474109019119165
2015-11-27,0.5003433541318749,0.5108060574344535,0.5248736806035454,41.970001220703125,0.022624069558935457,0.015239503284709022
2015-11-30,0.5100036026654013,0.5085681847804882,0.5318929578809893,41.81999969482422,0.04314214946398855,-0.003574017667764884
2015-12-01,0.5128273405828709,0.5124471564591662,0.5230018931639103,41.060001373291016,0.1202349162119277,-0.01817308290481079
2015-12-02,0.4966278826487642,0.49976597293913866,0.5125509559945939,40.41999816894531,0.06741263206780447,-0.015587023452025894
2015-12-03,0.490237267162326,0.489024332169916,0.5059996702043462,40.150001525878906,0.04485790213759563,-0.006679778706022876
2015-12-04,0.48414389619776826,0.496036223123507,0.5088073811153238,41.09999847412109,0.032031683372679545,0.02366119332846983
2015-12-07,0.49439857708145957,0.4943951240987943,0.5152027094118726,40.70000076293945,0.023733503618561094,-0.009732304769633826
2015-12-08,0.4897914287263034,0.4970805485189667,0.5133308624691877,41.16999816894531,0.06126236825470543,0.011547847596942384
2015-12-09,0.49930302665209164,0.5048384349648565,0.5209740887275266,40.97999954223633,0.05806145748674484,-0.004614977778947371
2015-12-10,0.49499306612522015,0.5027497841739372,0.516918539357809,41.25,0.051222635034895575,0.006588591039035752
2015-12-11,0.49187208368587004,0.4891734971214963,0.5077155001502824,40.18999862670898,0.03389095295225564,-0.02569700298887323
2015-12-14,0.4839953022836259,0.48604052093511735,0.5052197637297524,40.25,0.028667905104686718,0.001492942904734118
2015-12-15,0.49187208368587004,0.4943951240987943,0.5155146839023201,40.810001373291016,0.026811860624121164,0.013913077597292212
2015-12-16,0.4957361490831232,0.5014070719638513,0.5172304543452065,41.43000030517578,0.033055652308525876,0.015192328130881672
2015-12-17,0.5037615810931053,0.5023022324077304,0.518790326797444,40.77999877929688,0.027189197208354297,-0.015689150883199332
2015-12-18,0.48904834576840034,0.4885767234922434,0.50802747464073,40.09999847412109,0.04566901453874634,-0.01667484859075119
2015-12-21,0.4883052061169017,0.4946935109134209,0.5136428369596351,40.83000183105469,0.0193796199543326,0.018204573184827266
2015-12-22,0.4957361490831232,0.4978265440112655,0.5180104203228502,41.220001220703125,0.017907362256021263,0.009551784769987748
2015-12-23,0.5048019085728888,0.5057335954087359,0.5284612979891168,41.77000045776367,0.015770734161538763,0.01334301845639696
2015-12-24,0.5073284586620739,0.5117011609668671,0.5328288218492819,42.13999938964844,0.005511694209012218,0.008858006412015618
2015-12-28,0.5107466856233043,0.5090157934581607,0.5304891024255005,41.77999877929688,0.014924145671272109,-0.008542966672182462
2015-12-29,0.5116384191889454,0.5149833590162922,0.5367284137253008,42.36000061035156,0.019742443593018306,0.013882284538076384
2015-12-30,0.5157997291080787,0.5134914818546257,0.5381322691807896,42.16999816894531,0.004863449307893753,-0.004485421120598798
2015-12-31,0.5089632751856179,0.5130438731769531,0.5336087878269257,41.810001373291016,0.014808042106892681,-0.008536798939664303
2016-01-04,0.4964792887346218,0.4957378363088804,0.5120830240104476,40.68999862670898,0.04441928867216224,-0.026787914608812136
2016-01-05,0.49157483916398975,0.49215730835629484,0.5120830240104476,40.54999923706055,0.03312982958576829,-0.0034406339241440653
2016-01-06,0.4842925468055062,0.49275408198554765,0.5075594831535337,40.72999954223633,0.025331540178283478,0.00443897185110842
2016-01-07,0.48280632419610453,0.4802221203285663,0.48821754077018814,39.0,0.04791852109859773,-0.0424748235128839
2016-01-08,0.46913341635118283,0.47365772422971647,0.48291409343868047,38.59000015258789,0.05166608614884477,-0.010512816600310448
2016-01-11,0.4615538227772233,0.4615733712504076,0.46637980246326266,37.93999862670898,0.03685804404195209,-0.016843781376231104
2016-01-12,0.45739251285808985,0.4567992960393162,0.4701234368455827,38.18999862670898,0.02349000864326535,0.006589351846312486
2016-01-13,0.45620353477056835,0.45515819701460375,0.45561695030654853,36.86000061035156,0.05924345627410762,-0.034825819957669535
2016-01-14,0.4352482778735674,0.4463559851732542,0.4529651968892698,37.61000061035156,0.03806584362139918,0.02034725956541017
2016-01-15,0.4312355618685764,0.4415819099621628,0.4529651968892698,37.11000061035156,0.03969613117122696,-0.013294336396856732
2016-01-19,0.44565160936499687,0.44695270189104136,0.45670883127158984,37.20000076293945,0.03182850213501555,0.002425226383930168
2016-01-20,0.4313842124763145,0.44232784854299606,0.4464139110990221,37.2599983215332,0.031225408620044637,0.0016128375635282577
2016-01-21,0.44134164883812527,0.44561004659242104,0.45702080576203735,37.22999954223633,0.02847278661454907,-0.0008051202535760416
2016-01-22,0.44966432536998796,0.45083167356971915,0.4690315558805414,37.97999954223633,0.02099216945960241,0.020145044566792114
2016-01-25,0.442084788489624,0.4485938009157539,0.46622384496956387,37.61000061035156,0.02093895532592851,-0.009741941451929192
2016-01-26,0.44936708084810756,0.44754947552029417,0.46559989598866885,37.5099983215332,0.019708580053407643,-0.0026589281360137607
2016-01-27,0.44193613788188607,0.44695270189104136,0.45702080576203735,37.04999923706055,0.015266006166389309,-0.012263372568816822
2016-01-28,0.4401527274441997,0.4372553865172782,0.44454206415633707,36.11000061035156,0.047516996271785544,-0.025371083564523222
2016-01-29,0.4278173349073459,0.4435213388900359,0.44922162200999965,37.650001525878906,0.03913980159190887,0.042647490708872304
2016-02-01,0.44163889336000567,0.4474003105687138,0.4599844741667137,37.68999862670898,0.03440374369493144,0.0010623399524321009
2016-02-02,0.43881515544253596,0.4414326880991168,0.45920456769211987,37.06999969482422,0.019505398815743646,-0.016449958993773883
2016-02-03,0.4401527274441997,0.43859809872736427,0.44890964751955215,37.18999862670898,0.025726614807074583,0.0032370901773035587
2016-02-04,0.4383693170065132,0.4450132729631681,0.4595165421825674,37.41999816894531,0.03710153901724783,0.006184446107270203
2016-02-05,0.44000407683646164,0.4378521601465311,0.44173441274840947,36.040000915527344,0.0627588141955958,-0.03687860291140321
2016-02-08,0.41548199906408795,0.41502605257506814,0.41927272546058897,34.79999923706055,0.054115548847349614,-0.03440626101462052
2016-02-09,0.39467533608122946,0.4148768876234877,0.41552915058131873,35.369998931884766,0.047276726395500346,0.01637930193450088
2016-02-10,0.41577924358596835,0.4291991132567619,0.4370548548947469,35.849998474121094,0.04252776810248075,0.0135708101987988
2016-02-11,0.4081996500120088,0.4124898500179421,0.42785181568722047,35.33000183105469,0.043398544835326444,-0.014504788429538507
2016-02-12,0.41890022602531846,0.42173961362549833,0.4368988974010481,36.220001220703125,0.05467994117419405,0.02519103717866611
2016-02-16,0.43197870152007506,0.4357634524441461,0.45062547746548837,37.08000183105469,0.03823193622044197,0.023743804013457437
2016-02-17,0.4096858726214105,0.450085734988886,0.42488814728254404,37.869998931884766,0.07820220080756479,0.021305206629425033
2016-02-18,0.4469891813666605,0.44754947552029417,0.4613883296222025,37.18999862670898,0.027393990995523566,-0.017956174395433067
2016-02-19,0.4358427669173282,0.44217862667994984,0.4576446952398823,37.43999862670898,0.02913393191170969,0.006722237408754772
2016-02-22,0.4492184869339652,0.4509808385212994,0.47215118177891663,38.02999877929688,0.020314898667389086,0.01575855166209883
2016-02-23,0.44565160936499687,0.44754947552029417,0.45920456769211987,37.16999816894531,0.01208767109150251,-0.022613742780863366
2016-02-24,0.4309383740402917,0.4406867495182835,0.4517173584305297,37.47999954223633,0.014870931537598204,0.008340096544584119
2016-02-25,0.44535436484311647,0.4438197257046625,0.45936052518581877,37.630001068115234,0.014848355844524428,0.004002175232416194
2016-02-26,0.4472864258885409,0.44695270189104136,0.46684773444740885,37.59000015258789,0.006635641214185277,-0.0010630059631127065
2016-02-29,0.44490852640709383,0.44367056075308203,0.46513196400452256,37.34999847412109,0.026684469213204845,-0.006384721401771043
2016-03-01,0.4455030154508545,0.45799278638635627,0.4694994878646877,38.59000015258789,0.035908252383348174,0.03319951081995276
2016-03-02,0.45828424642373083,0.46709338504233217,0.48197816996733805,39.040000915527344,0.04966007456428913,0.011661071810316503
2016-03-03,0.4646748052165734,0.46649661141307935,0.4871256598051468,39.20000076293945,0.0066775675013222915,0.004098356651125901
2016-03-04,0.46794443826366144,0.4717182953018432,0.491649141159011,39.34000015258789,0.009551130719713094,0.0035714129317261367
2016-03-07,0.46645827234785536,0.47321017246350966,0.49055726019396956,39.43000030517578,0.011108853541803734,0.002287751709171504
2016-03-08,0.46541794486807203,0.4650047342514129,0.47573879916448797,38.09000015258789,0.02046002812286337,-0.03398427953884631
2016-03-09,0.45560910242040337,0.4541138716191441,0.47495889268989416,38.130001068115234,0.017446173097514096,0.0010501684265451505
2016-03-10,0.4535283907672411,0.4557549137323909,0.4696554453583865,37.97999954223633,0.017452623295535173,-0.003933950214450421
2016-03-11,0.45739251285808985,0.46709338504233217,0.48057431451184923,39.22999954223633,0.015877162428886565,0.032912059375090674
2016-03-14,0.4655665387822144,0.4656014509692001,0.48197816996733805,39.02000045776367,0.006400208986415884,-0.005353022863193391
2016-03-15,0.4597704123395369,0.4587387249671894,0.4768307396325791,38.290000915527344,0.0084932982442561,-0.018708342738911532
2016-03-16,0.4523394693733153,0.46455712557374035,0.4758948161612366,38.97999954223633,0.0229530296580105,0.018020334557609763
2016-03-17,0.46675551686973576,0.4696295875994582,0.4847858808783156,39.290000915527344,0.02197904975682754,0.007952831629849388
2016-03-18,0.47076823287472686,0.4851453604912381,0.4953927755413308,40.18999862670898,0.03179463859540488,0.022906533219905212
2016-03-21,0.4817659967163212,0.4800728984655203,0.5011641548569848,39.650001525878906,0.026444199336919647,-0.013436106476281573
2016-03-22,0.47418645983595725,0.4785810213038539,0.49820048645230847,39.880001068115234,0.016441554755731003,0.005800744852083151
2016-03-23,0.4792395033207317,0.4778350827230207,0.49695258849051843,39.470001220703125,0.01648186849336275,-0.010280838426052874
2016-03-24,0.46824168278554174,0.46977880946250433,0.48946537922892824,39.43000030517578,0.007430628120283294,-0.0010134510841200983
2016-03-28,0.47388921531407696,0.4742544978589693,0.4933649711049471,39.52000045776367,0.011932866338996607,0.0022825298476114586
2016-03-29,0.47106542070301144,0.48126644572402605,0.4928970391208008,40.15999984741211,0.009006088986931898,0.016194316352106997
2016-03-30,0.4860759572431926,0.48663729456437027,0.5050637467330037,40.119998931884766,0.00404266160971142,-0.000996038737035021
2016-03-31,0.4808742631506801,0.4794761248362674,0.5014761293474324,39.84999847412109,0.04210044248358425,-0.006729822157325649
2016-04-01,0.47418645983595725,0.48365348332957164,0.49898039292690216,40.310001373291016,0.0374933885470284,0.011543360521548252
2016-04-04,0.4854814681994319,0.485742134120491,0.5036598912775149,40.0099983215332,0.03911077570081402,-0.0074423974581303565
2016-04-05,0.47671295323154667,0.4763431486498885,0.4941448775795408,39.2599983215332,0.022059677232091027,-0.01874531445797023
2016-04-06,0.47017374383096616,0.48171399749023275,0.4938329030890934,40.2400016784668,0.016672149334984586,0.02496187974608466
2016-04-07,0.47909085271299373,0.4794761248362674,0.4950808010508833,39.470001220703125,0.013563153888824389,-0.019135199444479944
2016-04-08,0.47611846418778586,0.47753669590839426,0.49742057997771466,39.540000915527344,0.009249583962227642,0.001773491073202793
2016-04-11,0.4786450142769711,0.47798424767460107,0.4966406140000708,39.40999984741211,0.008330430744223847,-0.0032878367502562345
2016-04-12,0.4728488878342935,0.475448045117475,0.49648465650637214,39.75,0.007414502625230595,0.008627255871715533
2016-04-13,0.47359197079219656,0.492903246937128,0.49898039292690216,40.68999862670898,0.03163660874388844,0.02364776419393655
2016-04-14,0.4935069002094142,0.49409679419563374,0.5150466924151241,40.77999877929688,0.013143891017454236,0.0022118494869849403
2016-04-15,0.49216932820775044,0.49215730835629484,0.5166065648673615,40.90999984741211,0.014667750299934208,0.003187863462644991
2016-04-18,0.4914262452498474,0.4996168079875583,0.5162945903769139,41.310001373291016,0.016180321735877294,0.009777597833557694
2016-04-19,0.4982626991723083,0.5039433314324429,0.5244057486193991,41.400001525878906,0.017865435968884243,0.002178652858774388
2016-04-20,0.501829520047681,0.5030481709885637,0.527057442533628,41.52000045776367,0.011468452081478902,0.002898524817921855
2016-04-21,0.5030184981352024,0.5078222461996551,0.5289292299732631,41.93000030517578,0.018345975721454647,0.009874755368299848
2016-04-22,0.5101521965795437,0.5075238593850286,0.5309570344096469,41.79999923706055,0.013925977527510095,-0.0031004308888399335
2016-04-25,0.5061394805745525,0.5057335954087359,0.5306450599191995,41.630001068115234,0.01560464156249597,-0.004066941915027322
2016-04-26,0.5077742970980965,0.5060319822233621,0.5264334935527331,41.31999969482422,0.021548499038920498,-0.007446585763564828
2016-04-27,0.5007891925678976,0.5040924963840232,0.5230018931639103,41.58000183105469,0.010588000051601586,0.0062924041178789025
2016-04-28,0.49930302665209164,0.5045400481502302,0.5233138676543578,41.18000030517578,0.016401241018099255,-0.009620045893796947
2016-04-29,0.49439857708145957,0.4935000205663809,0.5108351260486577,40.91999816894531,0.024110840202794227,-0.006313796364828872
2016-05-02,0.4985599436941886,0.5040924963840232,0.5244057486193991,41.709999084472656,0.012136047576660603,0.01930598609182943
2016-05-03,0.5003433541318749,0.5002135816168112,0.5209740887275266,41.2400016784668,0.012921359185727002,-0.011268219043927608
2016-05-04,0.49276381725151114,0.49588705817192663,0.5128629304850414,40.52000045776367,0.0172591173549028,-0.017458806774953817
2016-05-05,0.490237267162326,0.4933507987033349,0.5147347179246765,40.959999084472656,0.008889985422552473,0.010858801128781348
2016-05-06,0.4935069002094142,0.5021530105446843,0.5180104203228502,41.43000030517578,0.014042081091889523,0.01147463943380056
2016-05-09,0.5031670920493447,0.5045400481502302,0.5269014850399292,41.33000183105469,0.019492498419701486,-0.0024136730240043036
2016-05-10,0.5030184981352024,0.5078222461996551,0.5278373490082217,42.0,0.025181573074293383,0.016210939735354257
2016-05-11,0.5132731790188936,0.5257250566969807,0.5398480991267258,42.459999084472656,0.04509172181585975,0.010952359154110969
2016-05-12,0.5192179560693091,0.5218460850183027,0.5445275974773385,42.72999954223633,0.03180270134293123,0.006358936966214035
2016-05-13,0.5186234670255485,0.5216969200667223,0.5440596654931922,42.619998931884766,0.03060457706051576,-0.0025743180793351694
2016-05-16,0.5195152005911896,0.5237855708576418,0.5457754954391285,42.93999862670898,0.055578131248629335,0.007508205134768575
2016-05-17,0.5544406098549925,0.5576517060129538,0.5634016673795876,44.40999984741211,0.10639117870918637,0.03423384414802433
2016-05-18,0.5468610729746286,0.5487003292200239,0.5690170892015428,44.31999969482422,0.04747023233613272,-0.002026574035062456
2016-05-19,0.5412135404460934,0.549893819567064,0.5688610722047941,44.560001373291016,0.05042119793077648,0.005415200363704464
2016-05-20,0.5529544439391865,0.555861442036661,0.5799358988519555,44.88999938964844,0.03281054478372486,0.007405700318385167
2016-05-23,0.5534002823752091,0.5519824703579832,0.5774401624314257,44.56999969482422,0.018657197775971725,-0.007128529720987431
2016-05-24,0.5514682213297848,0.5569057674321207,0.5800919158487043,45.02999877929688,0.043596888424474636,0.01032082314611471
2016-05-25,0.5568185093364395,0.5616798426432119,0.5866432016389521,45.41999816894531,0.02934356334739477,0.008660879418627365
2016-05-26,0.5636550199524961,0.5615306207801658,0.587891099600742,45.5099983215332,0.032846020872840796,0.001981509383886859
2016-05-27,0.5632091248228777,0.5652603705957977,0.590542793514971,45.81999969482422,0.020801888617980574,0.006811720165332158
2016-05-31,0.5667760023918462,0.5674982432497631,0.5938184959131446,45.88999938964844,0.027795515822335748,0.0015277105039379624
2016-06-01,0.5661815133480854,0.5689901204114294,0.5917906914767609,45.95000076293945,0.019365107008785173,0.001307504338397214
2016-06-02,0.5685594128295326,0.5697361159037284,0.5975620707924149,45.900001525878906,0.027037617554858936,-0.0010881226600734095
2016-06-03,0.5658842688262051,0.5652603705957977,0.5877350826039932,45.720001220703125,0.03003212198614498,-0.003921575145793721
2016-06-06,0.5657356749120628,0.5676474082013434,0.5960022578432272,45.86000061035156,0.029449991614742578,0.0030621038038169957
2016-06-07,0.5670732469137265,0.5667523046689298,0.5942864278972909,45.75,0.01560464156249597,-0.0023986177254157193
2016-06-08,0.5661815133480854,0.5701836676699352,0.5958462408464785,46.150001525878906,0.016438329656720464,0.008743202751451573
2016-06-09,0.5695997403093158,0.5701836676699352,0.5984979942637573,46.09000015258789,0.010823432279370977,-0.0013001380564932052
2016-06-10,0.5658842688262051,0.5642160452003382,0.5877350826039932,45.36000061035156,0.011755485893416929,-0.015838566713377134
2016-06-13,0.5597908978616473,0.5603371304331259,0.5833675587438282,44.91999816894531,0.011934478888501876,-0.009700230059208503
2016-06-14,0.5505765444577393,0.5518333054064029,0.5779081539186217,44.90999984741211,0.01759936530051473,-0.00022258063091629143
2016-06-15,0.5566699154222972,0.5582484796422067,0.5832116012501294,44.93999862670898,0.024131803346362737,0.0006679754931817605
2016-06-16,0.5508737889796198,0.55899441822304,0.578376085902768,45.369998931884766,0.020189119805978047,0.009568320389761409
2016-06-17,0.5612770637774533,0.5588451963599939,0.5827436097629332,45.36000061035156,0.04679779919243521,-0.00022037297263799438
2016-06-20,0.5635063693447582,0.5727198702270611,0.593662478916396,46.13999938964844,0.042387476295522274,0.017195740052941444
2016-06-21,0.5730179672705464,0.5724215403239006,0.5966261473210723,46.15999984741211,0.025481507282273566,0.0004334732992683499
2016-06-22,0.5721262903985009,0.5745101911148198,0.5995898752287986,46.02999877929688,0.030303030303030304,-0.0028163143098995924
2016-06-23,0.5773279277974177,0.5776431673011986,0.6064531355094938,46.68000030517578,0.015403072874337244,0.014121258812008763
2016-06-24,0.5484958894981726,0.5536235693826956,0.5679251487334516,44.119998931884766,0.07628810454480953,-0.05484150292533674
2016-06-27,0.5346743310455129,0.5333337212798244,0.5376643371966433,42.2599983215332,0.061202703923010436,-0.042157766441090594
2016-06-28,0.5204068774632349,0.5243823444868945,0.5404720481076208,43.11000061035156,0.06076247790807179,0.020113637543266227
2016-06-29,0.5334853529579915,0.5373618579100825,0.5565383475958424,43.7599983215332,0.030153063199040216,0.015077654882369895
2016-06-30,0.535417414003416,0.5436278671943062,0.5627777183986926,44.36000061035156,0.02658126604486758,0.013711204566548396
2016-07-01,0.5455235009729649,0.5495954327524375,0.5740085620426029,44.59999847412109,0.017073674161796767,0.005410231299985968
2016-07-05,0.5447804180150619,0.5428818717020072,0.5634016673795876,43.75,0.02065353406349575,-0.019058262403625292
2016-07-06,0.5349715755673932,0.5458656829368058,0.5591901010131213,44.470001220703125,0.028693705896771032,0.016457170758928497
2016-07-07,0.5471583174965089,0.5487003292200239,0.5719807576062191,44.41999816894531,0.0214146574299831,-0.0011244220909653047
2016-07-08,0.5529544439391865,0.5607846821993328,0.5825876522692344,45.47999954223633,0.021050221241792122,0.023863156618319614
2016-07-11,0.5641008583885188,0.5640668802487576,0.5902308190245233,45.400001525878906,0.009062528219616344,-0.001758971353619465
2016-07-12,0.5664787578699657,0.5773447804865721,0.5947543598814372,46.52999877929688,0.027493969064850292,0.02488980650747008
2016-07-13,0.5794085827569846,0.5797318180921178,0.6055172715412012,46.40999984741211,0.021280815821045705,-0.0025789584146338473
2016-07-14,0.5826782158040726,0.5821188556976635,0.6111326338601063,46.79999923706055,0.010639601635770218,0.008403348220872298
2016-07-15,0.5841643817198787,0.5818204688830373,0.6089488719300239,46.66999816894531,0.01079440638827612,-0.002777800646036943
2016-07-18,0.5788140937132238,0.5806269785359972,0.6056732290349001,46.79999923706055,0.01338738599274998,0.002785538316171232
2016-07-19,0.5798544211930072,0.58241724251229,0.6080130079617313,46.97999954223633,0.03307661545209438,0.003846160429704426
2016-07-20,0.5841643817198787,0.5851026669324622,0.6131604382964903,47.0099983215332,0.025670175574390136,0.0006385436268450118
2016-07-21,0.584461626241759,0.5845058933032092,0.6077010334712838,46.66999816894531,0.011057251957635099,-0.007232507226705209
2016-07-22,0.5805975608445058,0.5792842663259112,0.6069210674936402,46.58000183105469,0.01579814750312835,-0.001928355290798156
2016-07-25,0.5771793338832754,0.5752561296956529,0.5991218837416024,46.13999938964844,0.01914257517705794,-0.009446166253967436
2016-07-26,0.5730179672705464,0.5816713039314567,0.5970941388082686,46.95000076293945,0.02031812376639963,0.01755529657576771
2016-07-27,0.5847588707636393,0.5892799685143006,0.6117565828410014,47.2599983215332,0.016768902305300773,0.0066027167956608235
2016-07-28,0.5875826086811089,0.5936064919591852,0.6162801236979153,47.5099983215332,0.022770811563915014,0.005289885926341498
2016-07-29,0.5920412198157186,0.6000216661949891,0.6215835710294229,48.11000061035156,0.021748455177573955,0.012628968848993116
2016-08-01,0.6012555732196265,0.5989773407995296,0.6256391203991406,47.869998931884766,0.017284918146987113,-0.004988602690126687
2016-08-02,0.595310796169211,0.5936064919591852,0.6155002172233215,47.18000030517578,0.01714462634002864,-0.014414009653327953
2016-08-03,0.5862450366794452,0.5851026669324622,0.6144083362582802,47.09000015258789,0.015741708270443903,-0.0019075911828262404
2016-08-04,0.5871367702450865,0.5873405395864275,0.6119125998377501,46.83000183105469,0.01882651547402505,-0.005521306449155161
2016-08-05,0.5862450366794452,0.5904735157728065,0.6175279621566553,47.4900016784668,0.01157810544783725,0.014093525979203436
2016-08-08,0.5932301412096441,0.5924129447006796,0.6181519111375503,47.22999954223633,0.012561760646051833,-0.0054748815969901665
2016-08-09,0.5863936872871833,0.5918162279828925,0.617683979153404,47.45000076293945,0.007635421907452559,0.004658082211209447
2016-08-10,0.5923384076440033,0.5910702894020592,0.6192437921025916,47.5099983215332,0.0035701846046673636,0.001264437463204704
2016-08-11,0.5939732241675473,0.6001708311465694,0.6232994009753592,48.130001068115234,0.01361475547299302,0.013049942506544454
2016-08-12,0.5991749182600596,0.6003200530096156,0.6268870183609305,48.13999938964844,0.016220635473509035,0.00020773574301502507
2016-08-15,0.6021472500916718,0.6065860053823733,0.6334383041511783,48.43999862670898,0.02887753654037179,0.006231808077775902
2016-08-16,0.6036334727010735,0.6053925150353334,0.6334383041511783,48.27999877929688,0.04262452107279694,-0.0033030522697801157
2016-08-17,0.6089837607077282,0.6067352272454194,0.6328144146733331,48.43000030517578,0.04228427312718501,0.0031069082367753964
2016-08-18,0.5829754603259529,0.5874897045380079,0.6017736371588811,46.720001220703125,0.06655475573100093,-0.03530867383227965
2016-08-19,0.5785169058849391,0.5942032655884382,0.6092608464204714,47.619998931884766,0.04527555245946051,0.019263649136696204
2016-08-22,0.5941218747752852,0.5950983691208516,0.6218955455198704,47.58000183105469,0.01764290413715701,-0.0008399223378247056
2016-08-23,0.5956080406910913,0.5986789539849031,0.626575043870483,47.81999969482422,0.017938000696621388,0.00504409109990589
2016-08-24,0.5957566912988292,0.594650817354645,0.6101967698918138,46.70000076293945,0.03389579060077145,-0.02342114050674049
2016-08-25,0.5798544211930072,0.588683194885048,0.6098847954013663,47.2599983215332,0.026242630648760923,0.011991382215097435
2016-08-26,0.5908522417281972,0.5942032655884382,0.6170600301725091,47.31999969482422,0.01690758156275398,0.001269601680533139
2016-08-29,0.5914467307719578,0.5956951427501045,0.6208036645548292,47.619998931884766,0.012905233690674303,0.0063397979500274815
2016-08-30,0.5945677132113079,0.5945016524030646,0.6172160471692577,47.13999938964844,0.027389153347007755,-0.010079789017276464
2016-08-31,0.5865422812013257,0.5852518318840425,0.6130044808027914,46.97999954223633,0.01844595379078138,-0.0033941419067401446
2016-09-01,0.5852047091996622,0.5856994405617151,0.6130044808027914,46.9900016784668,0.011694209012216674,0.00021290200783163904
2016-09-02,0.5881770977248697,0.5882356431188411,0.6142523192615315,47.0,0.014380716487996182,0.00021277550917364607
2016-09-06,0.5832727048478332,0.5840583415370024,0.6116006253473026,46.95000076293945,0.014967684507914395,-0.001063813554479709
2016-09-07,0.5857991982434227,0.584953445069416,0.6137843872773852,47.11000061035156,0.016281912354709292,0.00340787741878823
2016-09-08,0.5857991982434227,0.5848042801178357,0.6150322257361251,47.02000045776367,0.005676174258549738,-0.0019104256298420053
2016-09-09,0.57747652171156,0.5754052946472334,0.5827436097629332,44.880001068115234,0.0318365648825419,-0.04551253442821035
2016-09-12,0.5489417279341953,0.5646636538780105,0.576504298463133,45.75,0.021006682405149836,0.019385002477258162
2016-09-13,0.5603853869054081,0.5588451963599939,0.5786880603932155,44.900001525878906,0.04723318755885806,-0.018579201620133157
2016-09-14,0.5551836928128955,0.5540711211489024,0.5785320433964668,44.86000061035156,0.01728814324599765,-0.0008908889569700928
2016-09-15,0.5529544439391865,0.5627241680386716,0.5818077457946406,45.43999862670898,0.01937155720680625,0.012929068400939325
2016-09-16,0.5608312253414307,0.558397644593787,0.5807158648295994,44.790000915527344,0.033221744907568664,-0.01430452752697875
2016-09-19,0.553548932982947,0.559740356803873,0.5825876522692344,44.95000076293945,0.022498290697524417,0.003572222463533059
2016-09-20,0.5599395484693852,0.5667523046689298,0.5871111931261482,45.709999084472656,0.029030728743372425,0.016907637566934364
2016-09-21,0.5695997403093158,0.5712279930653947,0.5911667424958659,46.040000915527344,0.0174139221074087,0.007219467023940274
2016-09-22,0.5755445173597313,0.577941554115825,0.6048933225603063,46.66999816894531,0.012476295522272534,0.013683693329499924
2016-09-23,0.5762876003176345,0.5804777566729511,0.6052052970507537,46.61000061035156,0.022967542603557933,-0.0012855701938654374
2016-09-26,0.5767334387536571,0.5789858795112848,0.6028655181239224,46.56999969482422,0.03396674277900332,-0.0008582045699107033
2016-09-27,0.5777737662334406,0.5780907190674054,0.6039573990889637,46.70000076293945,0.017002721983564895,0.0027915196256633745
2016-09-28,0.5832727048478332,0.5862961572795022,0.6084809399458776,47.18000030517578,0.015638505102106633,0.010278362620868453
2016-09-29,0.5855019537215422,0.5864453791425481,0.6025535436334749,46.40999984741211,0.022664383296567205,-0.016320484374375943
2016-09-30,0.5773279277974177,0.5871913177233814,0.605049280054005,47.09000015258789,0.01969890475637602,0.014652021275834981
2016-10-03,0.5820837267603118,0.5858486055132954,0.6131604382964903,47.13999938964844,0.01622386057251958,0.00106178035460891
2016-10-04,0.5857991982434227,0.5868929309087549,0.610820659369659,46.83000183105469,0.019855322058387193,-0.006576104425275453
2016-10-05,0.5853533598073999,0.587042152771801,0.6148762682424265,47.150001525878906,0.014500045151386148,0.00683321978031648
2016-10-06,0.5849074646777817,0.5888324167480938,0.6140963617678327,47.29999923706055,0.019997226414850938,0.003181287514896658
2016-10-07,0.5896633203342714,0.5897275771919732,0.615812191713769,47.380001068115234,0.018228259607569956,0.0016913706626870972
2016-10-10,0.5933787918173823,0.5995741144287823,0.6245472394340993,47.68999862670898,0.016322226092341033,0.006542793406612235
2016-10-11,0.5875826086811089,0.5852518318840425,0.5913226999895647,45.68999862670898,0.03837545312641098,-0.0419375143131141
2016-10-12,0.5666273517841083,0.5648128188295909,0.5913226999895647,45.470001220703125,0.019405420746416914,-0.004815001370502281
2016-10-13,0.5526571994173062,0.5573533191983273,0.5810277798169969,45.15999984741211,0.0129536101758324,-0.006817712007227028
2016-10-14,0.5606826314272884,0.5618290075947925,0.5860193121611069,45.08000183105469,0.007488679902473006,-0.0017714352663357191
2016-10-17,0.5562240769862745,0.5595911918522927,0.584771414199317,45.150001525878906,0.01012036069507334,0.0015527881983357084
2016-10-18,0.5654384303901825,0.564962040692637,0.5889829805657834,45.43999862670898,0.022840151192641614,0.006422969900983233
2016-10-19,0.561128469863311,0.5697361159037284,0.5900748615308246,46.02000045776367,0.01993594953365068,0.012764125188898579
2016-10-20,0.5698969848311963,0.5707804412991879,0.5949103768781859,46.04999923706055,0.015494988196137623,0.0006518639504231594
2016-10-21,0.564992535260564,0.5625749461756255,0.5892949550562309,45.56999969482422,0.00771766193222132,-0.010423443000842192
2016-10-24,0.56811357439351,0.5667523046689298,0.5947543598814372,45.84999847412109,0.018281473741243857,0.006144366494886588
2016-10-25,0.5588991642960064,0.5613814558285857,0.556226373105395,43.5099983215332,0.05509759149605894,-0.051035991940297176
2016-10-26,0.5315532919125672,0.534974820304537,0.5573183135734862,43.369998931884766,0.026018486267528416,-0.003217637210966129
2016-10-27,0.5397273745302873,0.5404948340964615,0.5590340840163726,43.380001068115234,0.02999503334752377,0.00023062339121060482
2016-10-28,0.5309588595624022,0.5357207588853701,0.5552905091371024,43.220001220703125,0.015122489260420294,-0.00368833203025698
2016-10-31,0.530215776604499,0.533184556328244,0.5563823901021437,43.56999969482422,0.01651411948346814,0.008098067196570025
2016-11-01,0.536160496961319,0.5393013437494216,0.5557584411212487,43.4900016784668,0.02580724228233807,-0.00183608025976012
2016-11-02,0.5322964315640659,0.5336321080944508,0.5573183135734862,43.2599983215332,0.027535895351987305,-0.005288649070056883
2016-11-03,0.530215776604499,0.537660244724709,0.5563823901021437,43.65999984741211,0.03188655391720526,0.0092464526444469
2016-11-04,0.5355660079175582,0.5513856967287303,0.5643375313478801,44.31999969482422,0.027223060747964968,0.015116808284900474
2016-11-07,0.5548865049846108,0.5639176583857117,0.5839915077247232,45.709999084472656,0.019210302256279267,0.03136280232896227
2016-11-08,0.5621687973430944,0.5669014696205101,0.5897628870403772,45.619998931884766,0.025865294064527783,-0.0019689379652265693
2016-11-09,0.561128469863311,0.568840955459849,0.5768162729535805,45.93999862670898,0.04786853206393436,0.007014460813600687
2016-11-10,0.5788140937132238,0.5880864781672608,0.6056732290349001,47.02999877929688,0.03267025297676639,0.023726603943653446
2016-11-11,0.5813406438024089,0.5804777566729511,0.6036454245985162,46.369998931884766,0.027197259955880647,-0.014033592697064945
2016-11-14,0.5797058272788649,0.5783891058820319,0.5875791251102945,45.33000183105469,0.04693325335087788,-0.02242823214979539
2016-11-15,0.5599395484693852,0.5674982432497631,0.5839915077247232,45.400001525878906,0.06736425558264639,0.0015442243987791038
2016-11-16,0.57435553927221,0.5943524305400185,0.6027095606302236,46.18000030517578,0.056344092263632496,0.017180589274920166
2016-11-17,0.5722748843126433,0.5698852808553088,0.5933505044259485,45.93999862670898,0.02479939884154444,-0.005197091314005586
2016-11-18,0.5685594128295326,0.5704820544845617,0.5849273716930158,45.040000915527344,0.04218106995884774,-0.01959072133403128
2016-11-21,0.5583047319458412,0.5561598288512875,0.5793120093741105,44.970001220703125,0.0323703187687862,-0.0015541672602428225
2016-11-22,0.554143365333112,0.5549662815927818,0.5655854293096703,44.459999084472656,0.03706445037862663,-0.011340941124895365
2016-11-23,0.5428483569696374,0.5492970459378113,0.5687051147110953,44.650001525878906,0.022472489905440096,0.004273559273927363
2016-11-25,0.5511710335015001,0.5527284089388165,0.5788440178869143,44.88999938964844,0.005553620496149233,0.005375091950006627
2016-11-28,0.547901400454412,0.5479543337277248,0.5626217609049938,43.59999847412109,0.027560083594566354,-0.028736933238293183
2016-11-29,0.5342284359158944,0.5470592301953114,0.5616858374336514,44.47999954223633,0.022885302578789173,0.020183511442954938
2016-11-30,0.551914116459403,0.5510873668255696,0.568237123223899,43.97999954223633,0.027508482010397725,-0.011241007309930828
2016-12-01,0.5413621910538315,0.5391521218863753,0.5523267812293762,43.209999084472656,0.03693383386869977,-0.01750796875348304
2016-12-02,0.5293240430388582,0.5390029569347952,0.5577862455576326,44.02999877929688,0.026131364732897303,0.01897708197635417
2016-12-05,0.5432941954056603,0.5479543337277248,0.5724486895903654,44.52999877929688,0.03164305894190952,0.011355894023669766
2016-12-06,0.5487931340200529,0.5510873668255696,0.5722927320966666,44.84000015258789,0.009739799011829664,0.00696162995259586
2016-12-07,0.5484958894981726,0.5524300790356558,0.5708888766411778,44.9900016784668,0.02068094740508534,0.0033452614934981195
2016-12-08,0.5548865049846108,0.564962040692637,0.5811837968137457,45.79999923706055,0.021216313840834916,0.018003945951872158
2016-12-09,0.5685594128295326,0.5722723184608545,0.598030002776561,46.29999923706055,0.022653095450030317,0.010917030749542311
2016-12-12,0.5725721288345236,0.5786874926966583,0.6020856116493286,46.13999938964844,0.02126630287549828,-0.00345572030342578
2016-12-13,0.5745041898799481,0.5765988419057391,0.6028655181239224,46.38999938964844,0.019382845053343138,0.005418292225987553
2016-12-14,0.5762876003176345,0.5792842663259112,0.6003697817033924,46.13999938964844,0.024372073222647936,-0.005389092547731011
2016-12-15,0.5710859629187175,0.5789858795112848,0.5991218837416024,46.560001373291016,0.013000374111485224,0.009102773931479735
2016-12-16,0.5789627443209617,0.5812236952537844,0.597406113298716,45.90999984741211,0.025325089980262394,-0.013960513460203106
2016-12-19,0.5682621683076523,0.5707804412991879,0.5903868360212721,45.43000030517578,0.008893210521563012,-0.010455228573985398
2016-12-20,0.5661815133480854,0.5721231535092741,0.5931945469322497,46.209999084472656,0.01644316730523627,0.017169244421246788
2016-12-21,0.5730179672705464,0.5728690920901072,0.5981860197733098,46.040000915527344,0.018054104261000813,-0.0036788178384196124
2016-12-22,0.5688566573514129,0.569437729089102,0.5972500963019673,45.970001220703125,0.007024265644955301,-0.001520410369944436
2016-12-23,0.5710859629187175,0.5709296062507683,0.5992779007383511,46.20000076293945,0.0031444715352761336,0.005003252906870648
2016-12-27,0.5753958667519934,0.5773447804865721,0.6053612545444526,46.5099983215332,0.016170646438845672,0.006709903754859248
2016-12-28,0.57747652171156,0.577941554115825,0.5953783088623322,45.720001220703125,0.010394494110969208,-0.016985532774451362
2016-12-29,0.5651411858683022,0.5674982432497631,0.593662478916396,45.63999938964844,0.005777764877381736,-0.001749821279936059
2016-12-30,0.5663301072622278,0.5648128188295909,0.5906988105117196,45.560001373291016,0.011020163319013893,-0.0017528049392473433
2017-01-03,0.5688566573514129,0.5786874926966583,0.5963142323336748,46.4900016784668,0.01946185997910136,0.02041264875204729
2017-01-04,0.5837185432838559,0.5880864781672608,0.6131604382964903,47.09999847412109,0.020779312924906798,0.013121031912907588
2017-01-05,0.5855019537215422,0.5834615679077497,0.6059852035253475,46.540000915527344,0.01565785569616987,-0.01188954515362528
2017-01-06,0.5792599888428422,0.5983805671702767,0.6091048889267725,47.9900016784668,0.03790620122037747,0.031156010623448083
2017-01-09,0.5997693506102248,0.6056909018499599,0.6301626612560544,48.13999938964844,0.03293793619464118,0.003125603374357633
2017-01-10,0.6046738001808569,0.6053925150353334,0.6287588058005656,48.09999847412109,0.016573783815163126,-0.0008309288748340471
2017-01-11,0.6000665951321051,0.6194163538539812,0.6307866102369494,49.25,0.08210457061031773,0.023908556390030755
2017-01-12,0.6129964767127194,0.6107633638756775,0.6312545422210957,48.52000045776367,0.04425158352361418,-0.01482232573068687
2017-01-13,0.60853786557811,0.6100173683833785,0.637961845008092,48.68999862670898,0.01670278777558471,0.0035036720391889986
2017-01-17,0.6051196386168796,0.6080779394555056,0.6343742276225207,48.31999969482422,0.022674058593598827,-0.007599074600954991
2017-01-18,0.6095781930578934,0.6082271044070859,0.6315665167115432,48.25,0.015977140498213298,-0.0014486691901142157
2017-01-19,0.6002152457398431,0.5986789539849031,0.6239232904532043,47.63999938964844,0.013116477675864649,-0.012642499696405407
2017-01-20,0.597094263300493,0.5962919163793574,0.6223634775040167,47.619998931884766,0.0188507037166041,-0.00041982489546421586
2017-01-23,0.5936759796456668,0.5948000392176909,0.6195557665930391,47.38999938964844,0.023885083272056455,-0.0048298938974215
2017-01-24,0.5962025297348519,0.6004692179611959,0.6167480556820616,47.34999847412109,0.03562444367042068,-0.0008440792581247969
2017-01-25,0.5936759796456668,0.6036021941475749,0.6223634775040167,48.40999984741211,0.04096682018137957,0.022386513356919435
2017-01-26,0.6058627215747825,0.603751416010621,0.6303186187497533,48.16999816894531,0.021974212108311728,-0.0049576880649303545
2017-01-27,0.6043765556589766,0.609719038480218,0.6362460150621558,48.650001525878906,0.016046480126939898,0.009964778392768325
2017-01-30,0.6067544551404236,0.6055416799869138,0.6220515030135692,47.66999816894531,0.027958383322367997,-0.020143953262001246
2017-01-31,0.6002152457398431,0.6144931136913094,0.631722474205242,48.970001220703125,0.032571887456944934,0.0272708852882797
2017-02-01,0.613442315148742,0.6243396509281185,0.6421734113745584,49.2599983215332,0.027605234980713912,0.005921933706374505
2017-02-02,0.6126992321908391,0.6122552410373441,0.6388977684794346,48.900001525878906,0.013214843195686108,-0.007308095978901585
2017-02-03,0.6158202146301892,0.6192671889024008,0.6481008076869611,49.380001068115234,0.01062831378923333,0.009815941252727889
2017-02-06,0.6164147036739498,0.6179244766923147,0.6465409352347236,49.27000045776367,0.006763032625101591,-0.0022276348313525762
2017-02-07,0.6207246075072257,0.6238920422504461,0.6512204335853362,49.63999938964844,0.02641356089631952,0.007509619006436763
2017-02-08,0.6199815245493225,0.6276217920660778,0.6507525016011899,49.93000030517578,0.025387979410967917,0.005842081367708918
2017-02-09,0.6283042010811852,0.6391094283275995,0.6616713707546527,50.470001220703125,0.03265412748171369,0.010815159467791213
2017-02-10,0.6369240654413324,0.6359764521412206,0.6630752262101415,50.36000061035156,0.02515254718319853,-0.0021795246223699216
2017-02-13,0.6387075325726144,0.6404521405376855,0.6693145375099417,50.52000045776367,0.016699562676574173,0.0031771216336964336
2017-02-14,0.632911406129937,0.6373191643513068,0.6641671071751828,50.38999938964844,0.04860546718784267,-0.0025732594405639686
2017-02-15,0.6462870694529783,0.6546252012193794,0.6724342229113668,51.619998931884766,0.08372034521459808,0.02440959629162065
2017-02-16,0.6543125014629605,0.6522381636138337,0.6714983589430742,50.84000015258789,0.032536411367829,-0.015110398981722617
2017-02-17,0.6390047770944949,0.6516413899845808,0.6718103334335217,51.630001068115234,0.02681347317362643,0.015538963673412454
2017-02-21,0.6540152569410802,0.6540284275901265,0.6810133131379983,51.34999847412109,0.024257582207773784,-0.005423253693617847
2017-02-22,0.6488136195421634,0.6528349372430864,0.6813252876284457,51.34000015258789,0.01773320690945212,-0.0001947092858870514
2017-02-23,0.6507456238939919,0.6510446163553278,0.6814813046251944,51.470001220703125,0.007646709753989447,0.002532159480499674
2017-02-24,0.6498539470219467,0.654476036267799,0.6835091090615782,51.7400016784668,0.01741553465691397,0.005245783006802673
2017-02-27,0.6552042350286016,0.6561170783810457,0.6855368539949122,51.65999984741211,0.010681527922907235,-0.0015462278403439722
2017-02-28,0.6519346019815135,0.6517906118476269,0.6819492366093407,51.29999923706055,0.014272675671143103,-0.006968652950346432
2017-03-01,0.6534207678973196,0.6608911535921371,0.6880325904154422,52.040000915527344,0.024089877059225724,0.014424984200237523
2017-03-02,0.6596627894696154,0.6582057860834307,0.6835091090615782,51.380001068115234,0.018926493543351783,-0.012682548727918741
2017-03-03,0.6498539470219467,0.6576090124541778,0.6807013981506006,51.97999954223633,0.02082930195957016,0.011677665660724035
2017-03-06,0.6537180124191999,0.6543268144047529,0.6811693301347469,51.25,0.021785543816195158,-0.01404385434138311
2017-03-07,0.6450981480590525,0.6488068006128282,0.6761778572936868,51.209999084472656,0.02742785453513423,-0.000780505668826259
2017-03-08,0.6480704798906647,0.6505970645891213,0.6775817127491756,51.40999984741211,0.015882000077402376,0.003905502177602882
2017-03-09,0.6504483793721119,0.6507462864521671,0.6803894236601532,51.43000030517578,0.011718397254795723,0.00038903827704794836
2017-03-10,0.6544610953771028,0.6623830876652692,0.6858488284853596,52.150001525878906,0.021411432330972563,0.013999634774076952
2017-03-13,0.6611489553854215,0.6638749648269358,0.693804029234146,52.45000076293945,0.013601855076950864,0.005752621827090021
2017-03-14,0.6623379334729427,0.6608911535921371,0.6933360377469499,52.209999084472656,0.010815369531844627,-0.0045758183980119105
2017-03-15,0.6785373914070496,0.699083812192334,0.7098703287223677,54.09999847412109,0.05781473741243857,0.03619995063762649
2017-03-16,0.680320801844736,0.6875961759308122,0.7069066603176913,53.04999923706055,0.0345762864919953,-0.019408489217662583
2017-03-17,0.6748219199239387,0.6798382894849224,0.7083104562701302,53.310001373291016,0.022643420152998694,0.0049010770965070005
2017-03-20,0.6785373914070496,0.6813302235580545,0.7095583542319202,53.150001525878906,0.011105628442793196,-0.0030013101348796978
2017-03-21,0.6780914962774314,0.6828221007197208,0.701447195989435,52.65999984741211,0.015480475250590193,-0.00921922228408989
2017-03-22,0.6708092039189477,0.6789431859525088,0.7040989494067137,53.130001068115234,0.011681308616174517,0.008925203609285948
2017-03-23,0.6745246754020584,0.6835680393005541,0.705190830371755,53.18000030517578,0.019111936736457807,0.0009410735188286612
2017-03-24,0.689535155248644,0.6875961759308122,0.7070626178113901,53.08000183105469,0.02390765896513023,-0.0018803774642205395
2017-03-27,0.6679854093078821,0.6770037001131699,0.7005112725180925,53.2400016784668,0.014735477379155542,0.0030143150318902023
2017-03-28,0.6782401468851693,0.681031836743428,0.7111181671811077,53.43999862670898,0.012577886141104532,0.0037565165653079546
2017-03-29,0.6777942517555509,0.6781971904602098,0.7061266943400477,53.119998931884766,0.015112813963388675,-0.005988018395350014
2017-03-30,0.6758622474037221,0.6783464123232559,0.7079985412827325,53.31999969482422,0.01765257943418863,0.0037650746792354806
2017-03-31,0.674970513838081,0.6753626010884572,0.7065946858272438,52.869998931884766,0.018913593147309622,-0.008439624259471534
2017-04-03,0.6724440204424917,0.675064214273831,0.7053467878654538,53.20000076293945,0.01640769121612034,0.006241759745065467
2017-04-04,0.6769025748835056,0.6755118229515034,0.701447195989435,52.619998931884766,0.02393668485622509,-0.010902289901069562
2017-04-05,0.6697688764391643,0.6752134361368769,0.7048788558813075,52.709999084472656,0.020085916637640776,0.0017103792173085441
2017-04-06,0.669471631917284,0.6753626010884572,0.6980155360975624,53.150001525878906,0.01637544022601494,0.00834760859511885
2017-04-07,0.674970513838081,0.6729755634829118,0.7048788558813075,52.84000015258789,0.011463614432963091,-0.005832575059100842
2017-04-10,0.6724440204424917,0.6758101528546641,0.7045668813908601,52.720001220703125,0.007941806313453823,-0.002270986592320945
2017-04-11,0.669471631917284,0.6704393609257857,0.6997313660434987,52.83000183105469,0.01593198911206574,0.002086506217840567
2017-04-12,0.671700880790993,0.6723787898536588,0.7012912384957362,52.54999923706055,0.011699046660732485,-0.005300067845720791
2017-04-13,0.6654589159122928,0.66805232332024,0.6987955020752061,52.33000183105469,0.005342376510958887,-0.004186439756419746
2017-04-17,0.6684313044375005,0.6825237139050944,0.7006672895148413,53.459999084472656,0.0167140756221216,0.021593678843469633
2017-04-18,0.6742274308801781,0.6808826148803819,0.7045668813908601,53.02999877929688,0.011421688145826078,-0.008043402778520892
2017-04-19,0.6791318237572146,0.6781971904602098,0.7087784477573263,53.06999969482422,0.02520414876736716,0.0007543073062064032
2017-04-20,0.6788346359289299,0.6778988605570491,0.7062827113367963,53.130001068115234,0.01672697601816376,0.00113060813333421
2017-04-21,0.6777942517555509,0.677749638694003,0.7070626178113901,53.27000045776367,0.026715107653804977,0.0026350345724432955
2017-04-24,0.6877517448109576,0.6947572887474494,0.7237528662805068,54.43999862670898,0.027816478965904258,0.021963547191499844
2017-04-25,0.6999384867400731,0.7046038259842584,0.7331118629817321,54.810001373291016,0.02659416644090974,0.006796523804475374
2017-04-26,0.703653958223184,0.7066925336866434,0.7377914208353946,54.83000183105469,0.02100023220712876,0.00036490525930577
2017-04-27,0.7026136307434006,0.7093779011953498,0.7381033953258421,55.43000030517578,0.016065830721003135,0.010942886268175744
2017-04-28,0.7082611632719358,0.7069908635898041,0.7382593528195409,55.04999923706055,0.04104744765664306,-0.006855512646998019
2017-05-01,0.7110849011894054,0.7165390709234527,0.7463705110620261,55.79999923706055,0.022000012900396042,0.013623978390449931
2017-05-02,0.7162865385883221,0.7162406841088262,0.7487102304858075,55.93000030517578,0.0187120244591509,0.002329768277647082
2017-05-03,0.7137600451927328,0.7205671506422451,0.750270102938045,56.15999984741211,0.018865216662151532,0.0041122750041366896
2017-05-04,0.7214882326808347,0.7278774853219283,0.7588491931646765,56.70000076293945,0.033587793645264916,0.009615400943634889
2017-05-05,0.7311484245207653,0.7310104615083073,0.7655564959516729,56.63999938964844,0.016751164260742808,-0.001058225264262025
2017-05-08,0.7281760926891532,0.7289218107173878,0.7552615757791051,56.31999969482422,0.026724782950836592,-0.0056497121870150435
2017-05-09,0.7247578090343272,0.7299661361128476,0.7608769976010602,56.869998931884766,0.016552820671594616,0.009765611506405758
2017-05-10,0.7311484245207653,0.7307120746936806,0.7576013547059364,56.27000045776367,0.016667311686468775,-0.010550351422368265
2017-05-11,0.7204479052010513,0.7223574715300036,0.7532337713427213,56.22999954223633,0.013140665918443697,-0.0007108746259451015
2017-05-12,0.7208937436370741,0.7226558583446301,0.7557295077632514,56.15999984741211,0.016860817627101156,-0.0012448816538160878
2017-05-15,0.7195561716354104,0.7280266502735087,0.7565094142378452,56.70000076293945,0.015149902602009881,0.009615400943634889
2017-05-16,0.7538871485490484,0.7521954700550577,0.7633727340215903,56.83000183105469,0.00806113497684379,0.002292787766595694
2017-05-17,0.7308512366924806,0.7290710325804339,0.7512059669063376,55.77000045776367,0.021076022033876443,-0.018652143922891384
2017-05-18,0.7170296782398209,0.7207163725052912,0.7501140859412961,55.84999847412109,0.02261278171239857,0.0014344273928776907
2017-05-19,0.7198534161572907,0.7214623110861245,0.7541696948140638,56.130001068115234,0.018087967800611476,0.005013475409921364
2017-05-22,0.7262440316437289,0.7244461223209229,0.754013677817315,56.08000183105469,0.06018196008617465,-0.0008907756299499914
2017-05-23,0.7749909993601916,0.7760658461105145,0.7875501917522972,58.65999984741211,0.1125220919282222,0.04600566926031613
2017-05-24,0.7556705589867347,0.7665176956883317,0.7886420727173384,59.22999954223633,0.05688107124888734,0.009717008119790593
2017-05-25,0.7709782833552006,0.7718885445286761,0.8019006612945826,59.29999923706055,0.036113046170517436,0.0011818283870541624
2017-05-26,0.7665197289141867,0.7721869313433025,0.8037725082372675,59.5099983215332,0.016152908394287707,0.0035412999523516397
2017-05-30,0.7711269339629385,0.7835253457417781,0.8095438875529215,60.369998931884766,0.032955674239199144,0.014451363377713022
2017-05-31,0.7697893619612748,0.7884486428159156,0.8101678365338165,60.34000015258789,0.03256866235793439,-0.0004969153524538861
2017-06-01,0.7781119817995417,0.7878518691866627,0.8157832583557716,60.72999954223633,0.025279938594114842,0.006463364081243039
2017-06-02,0.7898528852926345,0.7935211048416333,0.8306016598822034,60.810001373291016,0.01826696079569643,0.00131733626968078
2017-06-05,0.7898528852926345,0.7888961945821222,0.8238944165982568,60.400001525878906,0.01516764064656785,-0.006742309458196982
2017-06-06,0.780044042844966,0.7845696711372376,0.8203067397096355,60.09999847412109,0.02314492304913761,-0.004966937817530992
2017-06-07,0.7818274532826524,0.7878518691866627,0.8184349522700005,60.630001068115234,0.01749293703316692,0.008818678992518869
2017-06-08,0.7873263918970452,0.7872550955574098,0.8142233859035342,60.150001525878906,0.047633099836164976,-0.007916865145640828
2017-06-09,0.7825705929341511,0.7830777939755713,0.8051763636927564,59.209999084472656,0.029341950797889496,-0.0156276378646778
2017-06-12,0.765182156912523,0.7675620210837915,0.7894219791919322,58.9900016784668,0.03300727582336778,-0.003715544830392492
2017-06-13,0.7641418294327396,0.7709933840847969,0.8020566782913313,59.27999877929688,0.016033579730897737,0.004916038185771798
2017-06-14,0.7711269339629385,0.7730820348757161,0.8039284657309664,59.380001068115234,0.010805694234813009,0.0016869482266803626
2017-06-15,0.7663711350000444,0.7657717571074987,0.800340848345395,59.209999084472656,0.00901576428396352,-0.0028629501614115815
2017-06-16,0.7686003838737534,0.773231256738762,0.8068921936386926,59.5099983215332,0.026200704361623903,0.005066698897133071
2017-06-19,0.7717214230066991,0.7863599351135306,0.8121956409702002,60.54999923706055,0.02984829134254422,0.017476070321968518
2017-06-20,0.7861374138095238,0.7900896849291623,0.8234264251110607,60.33000183105469,0.020785763122927875,-0.003633318064043989
2017-06-21,0.7825705929341511,0.7842712843226114,0.8135994369226391,59.790000915527344,0.027658449114387813,-0.008950785664478156
2017-06-22,0.7770716543197582,0.7882994209528695,0.8126635729543465,60.61000061035156,0.04741701820245882,0.013714662690551327
2017-06-23,0.7867319028532846,0.7851664447664906,0.8109477430084103,59.77000045776367,0.037848149438187755,-0.013859101536528029
2017-06-26,0.7748424054460492,0.7756182943443077,0.8054883381832039,59.2400016784668,0.016170646438845672,-0.008867304253601271
2017-06-27,0.7650335629983807,0.7699490586893372,0.8006528228358425,58.880001068115234,0.00850781118980353,-0.006076985147730363
2017-06-28,0.7671142179579473,0.7718885445286761,0.8062682446577977,59.400001525878906,0.010623476140717522,0.00883152935344067
2017-06-29,0.7683031393518729,0.7708442191332163,0.795193418010636,58.79999923706055,0.01328902047292852,-0.01010104837382797
2017-06-30,0.7631015019529561,0.7699490586893372,0.8006528228358425,59.310001373291016,0.017110762800417977,0.008673505830745443
2017-07-03,0.7718700169208415,0.7760658461105145,0.8051763636927564,59.130001068115234,0.01543048621592683,-0.003034906440869567
2017-07-05,0.7659252398704259,0.7771101715059743,0.8061122276610488,59.77000045776367,0.01783963517679993,0.010823598479411167
2017-07-06,0.7699379558754171,0.7729328699241358,0.8042404402214138,59.220001220703125,0.027684249906472135,-0.009201927937899201
2017-07-07,0.7709782833552006,0.7774085583206007,0.8082960490941814,59.630001068115234,0.006977501709302477,0.006923333991232239
2017-07-10,0.7702352003972974,0.7771101715059743,0.8090759555687752,59.86000061035156,0.009889766115819756,0.0038571111540581793
2017-07-11,0.777814793971257,0.7787512705306867,0.8103237940275153,59.79999923706055,0.039399422062257314,-0.001002361722005074
2017-07-12,0.7828678374560314,0.7911340672360876,0.821242663180978,60.72999954223633,0.014620986364281384,0.015551844766570122
2017-07-13,0.7965407453009532,0.795908142447179,0.8291978044267145,61.18999862670898,0.024622018395964756,0.007574495108512824
2017-07-14,0.7969865837369758,0.8011297694244772,0.8330973963027334,61.52000045776367,0.012139272675671145,0.005393068123238143
2017-07-17,0.80174238269987,0.8038151938446494,0.8405846650673735,61.54999923706055,0.012900396042158495,0.00048762644788125087
2017-07-18,0.7992158893042804,0.7993395054481844,0.8335653877899296,61.209999084472656,0.015922313815034124,-0.005523966804262259
2017-07-19,0.7975810727807364,0.8008313826098508,0.8369969881787522,61.380001068115234,0.015794922404117805,0.0027773564153785735
2017-07-20,0.799513133826161,0.7994886703997648,0.831381625859847,60.97999954223633,0.023812518544319317,-0.006516805456471264
2017-07-21,0.790298780422253,0.8002346089805978,0.8306016598822034,61.369998931884766,0.01210218403704994,0.006395529560119462
2017-07-24,0.7984728063463775,0.7999362790774371,0.8382448861405423,61.5,0.007112955867745142,0.00211831628446868
2017-07-25,0.8012965442638473,0.8011297694244772,0.8246743230728506,60.540000915527344,0.018694286414592927,-0.0156097412109375
2017-07-26,0.7865833089391421,0.7884486428159156,0.809231913062474,59.720001220703125,0.03205748416476386,-0.013544758546805813
2017-07-27,0.7752882438820718,0.7799448177891923,0.8125075559575978,59.90999984741211,0.022774036662925552,0.003181490670216558
2017-07-28,0.7766258158837356,0.7797955959261464,0.8126635729543465,60.08000183105469,0.011347510868583667,0.0028376228355126987
2017-07-31,0.7827191868482934,0.7856139965326974,0.815003292378128,59.790000915527344,0.008159500496665249,-0.004826912561401553
2017-08-01,0.7785578769291599,0.7806907563700256,0.8157832583557716,59.93999862670898,0.012753654037178942,0.002508742413193099
2017-08-02,0.7779633878853993,0.7812875299992785,0.8112597174988578,60.20000076293945,0.009494691487028651,0.004337706743199998
2017-08-03,0.7801926934527039,0.7829285721125252,0.8182789947763017,60.369998931884766,0.007259697872724692,0.00282388981380155
2017-08-04,0.7856915753735012,0.7874043174204559,0.8189028842541468,60.130001068115234,0.003968484332469007,-0.003975449196882086
2017-08-07,0.7803412873668463,0.7896421331629555,0.8189028842541468,60.869998931884766,0.007143594308345267,0.012306633138610135
2017-08-08,0.7879208242472102,0.7909848453730417,0.819994824722238,60.13999938964844,0.010152611685178737,-0.011992764170297043
2017-08-09,0.7790037153651828,0.7797955959261464,0.8090759555687752,59.68000030517578,0.02309654656397952,-0.007648804275708576
2017-08-10,0.7683031393518729,0.7689047332938774,0.7909818516441698,58.56999969482422,0.03126410980817111,-0.018599205842418476
2017-08-11,0.7586429475119425,0.7718885445286761,0.7983130439090111,59.33000183105469,0.01578524710708619,0.012975962782831196
2017-08-14,0.7749909993601916,0.7769610065543939,0.8117276494830041,59.619998931884766,0.03026916676341964,0.004887866035397481
2017-08-15,0.7735048334443855,0.7745739689488482,0.8048643892023088,59.380001068115234,0.0387108634235071,-0.0040254590417508895
2017-08-16,0.8099164653175901,0.8124681838229528,0.8306016598822034,62.13999938964844,0.10254686068862313,0.046480267293481425
2017-08-17,0.8076871597502855,0.8072465568456546,0.830913634372651,60.86000061035156,0.04787498226195545,-0.0205986287716331
2017-08-18,0.789258396248874,0.8020249298683564,0.8231144506206133,61.25,0.029432253570184606,0.006408139759073617
2017-08-21,0.794162845819506,0.8062022314501951,0.8337213452836284,61.7400016784668,0.015374046983242387,0.008000027403539445
2017-08-22,0.8057550987048612,0.8214196175273485,0.8476038828417675,62.959999084472656,0.018281473741243857,0.01976024251439834
2017-08-23,0.8183877357635951,0.8266412445046467,0.859302658469824,62.77000045776367,0.014722576983113382,-0.003017767304190455
2017-08-24,0.8206169846373041,0.8233591033666874,0.8554030665938052,62.68000030517578,0.01696079569642788,-0.0014338083787086564
2017-08-25,0.8234407792483696,0.8232098815036413,0.8603945394348654,62.900001525878906,0.013224518492717727,0.003509910970516783
2017-08-28,0.8240352115985345,0.8297742776024912,0.8650740972885279,63.459999084472656,0.012218287601429364,0.008902981637661123
2017-08-29,0.8231435347264893,0.8305202161833245,0.8658540037631217,63.4900016784668,0.010866971116013263,0.00047277961593095164
2017-08-30,0.828493822733144,0.8349959045797894,0.8716253830787756,63.900001525878906,0.008704542229446445,0.0064577073015130715
2017-08-31,0.8374109316151717,0.8484230266806501,0.879580583827562,64.72000122070312,0.022533766786640354,0.012832545778455495
2017-09-01,0.8507866516318086,0.8536446536579481,0.8844160396718735,64.37999725341797,0.011157230026961827,-0.005253460458470971
2017-09-05,0.8377081194434564,0.8432013997033518,0.8781767283720733,64.29000091552734,0.00608737438239354,-0.0013978928507308863
2017-09-06,0.8457335514534385,0.8481245829545578,0.8819203627543932,64.70999908447266,0.00712424371428203,0.006532869232606764
2017-09-07,0.85004351198031,0.8546889790534078,0.8887835635320386,65.13999938964844,0.00875775636312035,0.0066450364898700265
2017-09-08,0.8545021231149195,0.8611041532892116,0.8940870703665961,65.0199966430664,0.017012397280596517,-0.0018422282423462555
2017-09-11,0.8597037605138362,0.8699063082190954,0.9026661010901776,66.11000061035156,0.01995207502870338,0.016764134474949843
2017-09-12,0.8711473627914532,0.8721441808730608,0.9106213018389641,66.13999938964844,0.008856121882941806,0.0004537706703966471
2017-09-13,0.8657971881719897,0.8691604265497279,0.9031341520804238,65.44000244140625,0.024347884980068887,-0.010583564479919594
2017-09-14,0.8568799659027708,0.8639387995724297,0.8992345602044048,65.68000030517578,0.015291806958473627,0.0036674488816594852
2017-09-15,0.8623789045171637,0.8678176574281762,0.9064097949755477,65.95999908447266,0.028434085426422596,0.0042630751826413515
2017-09-18,0.8684722187881257,0.8703539738082338,0.9076575739312379,66.08000183105469,0.016597972057742175,0.0018193260801648847
2017-09-19,0.8708501749631685,0.8725917326392676,0.9123371317849004,66.16999816894531,0.011373311660667984,0.0013619300150855551
2017-09-20,0.8717418518352138,0.8712490773406472,0.9087494548962792,66.08999633789062,0.010534785917927681,-0.0012090348083496627
2017-09-21,0.8653512363487756,0.8679668792912223,0.9065656929661966,65.91999816894531,0.005516531857528028,-0.0025722223992293847
2017-09-22,0.864905397912753,0.8699063082190954,0.9078135909279866,65.77999877929688,0.012311815472735013,-0.002123777207785005
2017-09-25,0.8641623716484457,0.8643863513386365,0.8880037165604947,64.7300033569336,0.021109885573487107,-0.015962229277111994
2017-09-26,0.8470711801486979,0.8494673520761096,0.8797365413212608,64.11000061035156,0.01745584839454571,-0.009578290042149717
2017-09-27,0.841423590926567,0.845886824123524,0.8819203627543932,64.38999938964844,0.011929641239986069,0.004367474288428985
2017-09-28,0.8411264030982823,0.8452900504942711,0.8806724647926033,63.97999954223633,0.009570481313776335,-0.006367446052158554
2017-09-29,0.8374109316151717,0.8402175315570874,0.8767728729165845,64.19999694824219,0.01838467690958113,0.003438534035321794
2017-10-02,0.8417208921420432,0.8520035546332356,0.8844160396718735,64.87000274658203,0.018724924855193052,0.01043622788455889
2017-10-03,0.8531644944196601,0.862596030450878,0.8976746282491176,65.1500015258789,0.011025000967529704,0.004316305957172695
2017-10-04,0.8545021231149195,0.8639387995724297,0.8990785432076563,65.83000183105469,0.0034331178967194308,0.010437456473514795
2017-10-05,0.864905397912753,0.8657290066372569,0.9048498630202603,65.69999694824219,0.023243288568959068,-0.001974857651472428
2017-10-06,0.8623789045171637,0.8715474072438081,0.9070337439564425,66.36000061035156,0.014067881883973838,0.010045718306947782
2017-10-09,0.8744169958385413,0.877365807850359,0.912649046772298,66.55999755859375,0.01628029980520402,0.003013817757726134
2017-10-10,0.8772407904496067,0.8787085769719107,0.915768791676773,66.5999984741211,0.009843002180166932,0.0006009753154232467
2017-10-11,0.8772407904496067,0.8803496759966232,0.9176405196133582,66.62000274658203,0.020351987306010295,0.00030036445824710434
2017-10-12,0.876794952013584,0.8897486045557599,0.9207602645178331,67.54000091552734,0.014872544087103473,0.013809638712338757
2017-10-13,0.8913595367305511,0.8930308026051847,0.9262196693430395,66.98999786376953,0.006617903169627308,-0.00814336754963485
2017-10-16,0.884968921244113,0.8863172984662202,0.9243478224003546,66.91000366210938,0.015169253196073122,-0.0011941215735344901
2017-10-17,0.8772407904496067,0.8760231525517386,0.9121811147881517,66.12000274658203,0.019013571216636355,-0.011806917834241815
2017-10-18,0.8727821793149972,0.8745312753900722,0.9134290127499417,66.44000244140625,0.009962330843556898,0.00483968060392681
2017-10-19,0.8736739695742339,0.8803496759966232,0.913272995753193,66.87999725341797,0.013326109111549725,0.0066224382276287574
2017-10-20,0.8848203840235662,0.8887042791603001,0.9290273802540171,67.25,0.015696556884296352,0.005532337945231003
2017-10-23,0.8886843927272237,0.8909421518142655,0.9268436183239345,67.0199966430664,0.011850626314227846,-0.003420124266670488
2017-10-24,0.886603737767657,0.8890027228863924,0.926063652346291,67.31999969482422,0.02326908936104339,0.004476321497829394
2017-10-25,0.8953723094291379,0.9034740565597812,0.9284034312731221,67.38999938964844,0.020355212405020834,0.0010398053348417147
2017-10-26,0.889873370814745,0.8931800244682309,0.931055125187351,67.70999908447266,0.014274288220648376,0.004748474517323853
2017-10-27,0.8940346807338786,0.895865448888403,0.9343308870885746,67.97000122070312,0.014646787156365701,0.0038399370808748223
2017-10-30,0.8938861435133318,0.8946719016298974,0.9294953122381634,67.48999786376953,0.00506179289704194,-0.007061988352405457
2017-10-31,0.8929943532540952,0.898252429582483,0.9363586320219085,68.02999877929688,0.017442947998503558,0.008001199179430207
2017-11-01,0.8998308071765562,0.9022806231242069,0.9410380708694713,68.0199966430664,0.013297083220454869,-0.00014702537718569442
2017-11-02,0.8980474534324654,0.901385405768862,0.940570138885325,68.12999725341797,0.02135338054878285,0.0016171804731011097
2017-11-03,0.8981959906530121,0.9057119292137465,0.9436898837897999,68.37000274658203,0.008701317130435903,0.003522758004397497
2017-11-06,0.9008711346563394,0.9024297311643215,0.9415061218597173,68.22000122070312,0.00746610420939923,-0.002193966942416248
2017-11-07,0.9016142743078381,0.9052643774475397,0.9441578157739462,68.25,0.0068339848033334635,0.0004397358364129911
2017-11-08,0.8983446412607501,0.9006395240994944,0.93994618990443,68.11000061035156,0.007174232748945393,-0.0020512731084020297
2017-11-09,0.8956694972574226,0.8954178971221962,0.9265317033365369,67.47000122070312,0.01825889804817008,-0.009396555335681067
2017-11-10,0.8871982268114178,0.8894502746525992,0.9232559414353133,66.80999755859375,0.01889263000374112,-0.00978217948967297
2017-11-13,0.8738225067947807,0.8866156283693809,0.9162367236609193,67.12999725341797,0.016185159384393098,0.004789697747609845
2017-11-14,0.8816994015842161,0.892732472702024,0.9262196693430395,67.45999908447266,0.030533624882283887,0.004915862424497375
2017-11-15,0.8863065499393723,0.889151830926507,0.9265317033365369,67.30999755859375,0.024343047331553083,-0.002223562524675926
2017-11-16,0.8894275323787224,0.909889230795585,0.9349547170633697,68.73999786376953,0.028505037604654462,0.02124499119066159
2017-11-17,0.9047352567471882,0.9119778815865043,0.9480574076499649,68.79000091552734,0.02080833881600165,0.0007274229460541015
2017-11-20,0.9158816711965205,0.928985645462882,0.9583522683194828,69.95999908447266,0.058225937536282364,0.01700825924369509
2017-11-21,0.9273253868613287,0.9376385785297199,0.9388543089393887,69.91000366210938,0.07735883741630868,-0.0007146286880723718
2017-11-22,0.9138010162369539,0.9161552969912743,0.9482134246467137,68.69000244140625,0.04045725453771431,-0.017451024986347652
2017-11-24,0.9093424051023444,0.916453626894435,0.9557005744052541,69.36000061035156,0.007783776461937382,0.009753940095093672
2017-11-27,0.914989994324475,0.9179455040561013,0.9617839282113555,69.30999755859375,0.014619373814776114,-0.0007209205783995642
2017-11-28,0.9200429811156539,0.9394288994174784,0.9656835200873742,70.58999633789062,0.03129474824877124,0.018467736609206753
2017-11-29,0.9340131901760516,0.9380861302959265,0.9505530845674451,68.69000244140625,0.022112891365764928,-0.02691590869887206
2017-11-30,0.9112745228413643,0.9194373812177679,0.9468095096881751,69.23999786376953,0.022411213024239846,0.008006920990175193
2017-12-01,0.9145441558884524,0.925554225550411,0.931523176177597,68.69000244140625,0.03198975708554253,-0.007943319458868281
2017-12-04,0.9108286844053417,0.9131714288450099,0.915144842695878,66.23999786376953,0.03816420914122064,-0.03566755700331525
2017-12-05,0.8701070353116698,0.88079722776283,0.9081256249214839,65.83000183105469,0.029853128991060025,-0.006189553833592321
2017-12-06,0.8653512363487756,0.8696079783159347,0.9060977609820503,65.88999938964844,0.0186636479739928,0.0009114014419706606
2017-12-07,0.8657971881719897,0.8790069068750714,0.9087494548962792,66.70999908447266,0.028409897183843548,0.012444979548035029
2017-12-08,0.8811049125404555,0.8890027228863924,0.9224760944637694,67.37999725341797,0.026815085723131703,0.010043444433223803
2017-12-11,0.888387204898939,0.8919864772097252,0.9198244005495405,67.0,0.030733581020937345,-0.005639615151493582
2017-12-12,0.8819965894125008,0.8831843222798414,0.9201363155369381,67.05999755859375,0.02657965349536231,0.0008954859491605571
2017-12-13,0.8854148730673268,0.8906438219111048,0.9223200774670207,66.68000030517578,0.018574957751202964,-0.005666526502419611
2017-12-14,0.8772407904496067,0.8821398830614504,0.9181085706036042,66.51000213623047,0.02002625230594579,-0.0025494626299831236
2017-12-15,0.8819965894125008,0.8936275762344377,0.9231000434446645,67.61000061035156,0.03772075802727144,0.01653884286258167
2017-12-18,0.8952236588214,0.9033249485196666,0.9354227680536159,67.66000366210938,0.028600178025465384,0.0007395807026535639
2017-12-19,0.8959667984728985,0.896462222517656,0.9355786660442648,67.75,0.01510475121586233,0.0013301261161624556
2017-12-20,0.8940346807338786,0.8978048778162762,0.9304312952125556,67.4000015258789,0.013388998542255249,-0.005166029138318762
2017-12-21,0.8895761829864604,0.8937767980974838,0.9321470061523923,67.5199966430664,0.01563366745359083,0.0017803429446723307
2017-12-22,0.8880900170706543,0.8888535010233463,0.9257517373588932,67.3499984741211,0.011104015893287926,-0.002517745518323733
2017-12-26,0.886603737767657,0.8875107319017945,0.9287154652666195,67.25,0.0,-0.0014847583724818536
2017-12-27,0.8851175718518509,0.8876599537648406,0.9302752782158071,67.30000305175781,0.00815788794715998,0.0007435398030901652
2017-12-28,0.8885358555066771,0.8879583974909326,0.9282474142763734,67.44999694824219,0.0011981242824154713,0.0022287353593286596
2017-12-29,0.8894275323787224,0.8894502746525992,0.9268436183239345,66.97000122070312,0.00858198846704594,-0.00711631948489766
2018-01-02,0.888238554291201,0.8940751280006445,0.9332388871174336,67.5999984741211,0.008306242501644802,0.009407156068905742
2018-01-03,0.8912109995100044,0.9179455040561013,0.9372944959902011,69.31999969482422,0.018805552330456547,0.025443805614309145
2018-01-04,0.9197457932873692,0.9228688011302388,0.9557005744052541,68.80000305175781,0.027381090599481406,-0.007501394191512523
2018-01-05,0.9077077019659916,0.9270461027120773,0.95492072743371,69.9000015258789,0.017734819458957392,0.015988349205356522
2018-01-08,0.9225695878984346,0.9304775226245483,0.967711384026808,70.05000305175781,0.01742682250345086,0.0021459445293914303
2018-01-09,0.936688334179379,0.9603155211496024,0.9773822957154309,71.7699966430664,0.03440213114542617,0.024553797521432497
2018-01-10,0.948131936456996,0.9471867289519025,0.9764464317471383,70.79000091552734,0.03909626275526659,-0.013654671497518311
2018-01-11,0.9402551550547518,0.9431586492331101,0.9794101596548644,70.80000305175781,0.01577718435955984,0.0001412930654203226
2018-01-12,0.9374314738308778,0.9533035732845456,0.9825297855532397,71.7300033569336,0.014761278171239857,0.0131355969645357
2018-01-16,0.956603206903001,0.9624041719405216,0.99126483327357,71.2300033569336,0.018866829211656798,-0.006970583808730169
2018-01-17,0.9521447091555828,0.9600170774235102,0.999531949009754,72.05999755859375,0.020830914509075427,0.011652311702149643
2018-02-02,0.9610618180376105,0.9667306953854062,0.99376062919715,71.25,0.022946579459989423,-0.011240599306642007
2018-02-05,0.9393634781827065,0.9476343945410408,0.9463415777040288,68.22000122070312,0.03754015248268122,-0.042526298656798245
2018-02-06,0.8814021003687402,0.9080990237307578,0.9143648767182343,68.44999694824219,0.057866338996607196,0.003371382635936726
2018-02-07,0.8996822699560094,0.9118287735463897,0.9421300708406123,68.05999755859375,0.02346904549969684,-0.005697580818642467
2018-02-08,0.8981959906530121,0.8981033215423684,0.8972066962649713,65.05000305175781,0.05854683488783106,-0.044225604096511995
2018-02-09,0.8730794805304731,0.8887042791603001,0.9012623051377388,66.9800033569336,0.0642488099384651,0.029669488311017567
2018-02-12,0.8888330433349618,0.9113812217801829,0.9337069381076796,68.43000030517578,0.059582091670214284,0.021648206562714156
2018-02-13,0.8964126369089214,0.9030265047935744,0.9382304789645936,68.33999633789062,0.020847040004128126,-0.001315270595992457
2018-02-14,0.8938861435133318,0.9239131265256986,0.9376065299836985,69.69999694824219,0.05007127468813293,0.019900507509941434
2018-02-15,1.0000000000000002,1.0,0.99376062919715,72.0199966430664,0.07041036159810106,0.03328550640464156
2018-02-16,0.9558601806386935,0.9658354780300613,1.0,71.97000122070312,0.03796586555207245,-0.0006941880685035207
2018-02-20,0.9488750761084948,0.9531543514214997,0.9856494114516149,71.08000183105469,0.03302017621940994,-0.01236625503060873
2018-02-21,0.9432276002735551,0.9658354780300613,0.9898610373211311,71.25,0.023589986712592076,0.0023916455341317366
2018-02-22,0.9521447091555828,0.9518116961228793,0.9826858025499884,70.68000030517578,0.03016596359508237,-0.007999995716831187
2018-02-23,0.943673438709578,0.9459932955163282,0.9756664657694946,70.69999694824219,0.05957241637318266,0.00028291798217416897
2018-02-26,0.9414441331422732,0.9436062009993169,0.9748866187979507,70.58000183105469,0.08731471806184449,-0.0016972435978369615
2018-02-27,0.9377286616591625,0.9392796775544323,0.9591322342971266,69.0,0.04576092986054672,-0.022385970389129373
2018-02-28,0.9179623261560872,0.925554225550411,0.9524249315101302,68.58999633789062,0.04444992711276236,-0.005942082059556153
2018-03-01,0.9038435798751427,0.9076514719645512,0.9246598563938518,67.37999725341797,0.030140162802998055,-0.017641043141508717
2018-03-02,0.8793214454091733,0.8909421518142655,0.9224760944637694,67.51000213623047,0.024584929757343554,0.0019294284373974069
2018-03-05,0.8857120608956115,0.8934783543713916,0.9202923325336868,67.55000305175781,0.021901647380574582,0.00059251835671148
2018-03-06,0.893588842297856,0.9019821793981149,0.9349547170633697,68.11000061035156,0.038893081517602596,0.008290118923675927
2018-03-07,0.8873468774191557,0.9234655747594918,0.9326150571426383,69.69999694824219,0.041815021221151494,0.023344535657645826
2018-03-08,0.9224209372906966,0.9295823052692034,0.9620959622048529,69.8499984741211,0.030972238347717278,0.0021521023306543263
2018-03-09,0.9305949065212256,0.9479327244442015,0.974730601801202,71.12999725341797,0.024647819188049078,0.018324965028755136
2018-03-12,0.9444164649738853,0.9483802762104083,0.9851814794674686,70.70999908447266,0.024457538346427235,-0.00590465605458923
2018-03-13,0.9414441331422732,0.9482310543473622,0.9812818875914499,70.68000030517578,0.01927641678599533,-0.00042425087944120143
2018-03-14,0.9424844606220566,0.9428603193299494,0.9698951459568906,69.91999816894531,0.02150496020227821,-0.010752718349589685
2018-03-15,0.9279197625178981,0.9354008196986858,0.9727028568678681,70.18000030517578,0.03221390146677503,0.0037185661189840236
2018-03-16,0.9253932691223088,0.9306266306646631,0.9599122002747703,69.9000015258789,0.045883483622947224,-0.003989723255618527
2018-03-19,0.9234612647704801,0.9301790788984563,0.9600680982654192,69.33999633789062,0.033971580427519125,-0.008011518966576148
2018-03-20,0.923163963555004,0.9265985509458705,0.9661514520715208,69.8499984741211,0.02977411406530181,0.007355093209772567
2018-03-21,0.924798780078548,0.9268968808490312,0.9647476561190816,69.4000015258789,0.01693983255285937,-0.006442332971688058
2018-03-22,0.9072617501427775,0.9136189806112167,0.9330829891267846,67.47000122070312,0.018662035424487536,-0.0278098020567924
2018-03-23,0.8906165104662438,0.8916881473065645,0.9114012678166078,66.05999755859375,0.0332410955016319,-0.020898230867034795
2018-03-26,0.884968921244113,0.9000427504702415,0.9226321114605179,68.19999694824219,0.027914844485725718,0.032394784570652035
2018-03-27,0.9039922304828807,0.9051151555844936,0.9207602645178331,67.0,0.025346053123830904,-0.017595263958045004
2018-03-28,0.8852662224595889,0.886466406506335,0.9093734038771742,66.4000015258789,0.027979346465936507,-0.008955201106285005
2018-03-29,0.8782811179293901,0.8894502746525992,0.9140529617308367,66.9000015258789,0.035131003521808125,0.007530120308884669
2018-04-02,0.876794952013584,0.8803496759966232,0.8769288304102832,64.43000030517578,0.04117000141904357,-0.03692079468410259
2018-04-03,0.8513811406755694,0.8640879076125445,0.8908114274714724,65.41999816894531,0.02827444302540088,0.015365479731186626
2018-04-04,0.8396402371824763,0.8606566015230048,0.8756809919515431,65.44999694824219,0.07339357818285021,0.0004585567125727774
2018-04-05,0.8644595594767304,0.8705030818483483,0.9045379480328627,65.68000030517578,0.025599223396158263,0.003514184379801888
2018-04-06,0.8524214681553526,0.8593138324014531,0.8714694255850768,63.650001525878906,0.0491166453810132,-0.030907411234236903
2018-04-09,0.8510838394600932,0.8696079783159347,0.8823882947385395,65.19000244140625,0.03397803062554021,0.024194829200455015
2018-04-10,0.8692153584396245,0.877664251576451,0.9107773188357128,66.63999938964844,0.021609775920120748,0.022242627610659538
2018-04-11,0.8668375156517731,0.874829605293233,0.9095294208739227,66.08000183105469,0.013846962601751873,-0.00840332478575534
2018-04-12,0.8754573233183247,0.8903453781850128,0.9193563495592944,67.19999694824219,0.026578040945857043,0.016949078180278576
2018-04-13,0.8894275323787224,0.8907929299512196,0.926063652346291,67.20999908447266,0.024368848123637397,0.00014884131971282244
2018-04-16,0.8943319819493545,0.9012362977287471,0.9355786660442648,68.16999816894531,0.03797715339860934,0.014283575324351538
2018-04-17,0.9057755842269715,0.9083973536339187,0.9446257477580925,68.44000244140625,0.034668201813795686,0.003960749299006583
2018-04-18,0.9135038284086692,0.9298807489952956,0.9536728294719202,69.55000305175781,0.034598862185069086,0.01621859396194303
2018-04-19,0.9188541164153239,0.9194373812177679,0.9335509211109309,67.97000122070312,0.0306771417882529,-0.022717494776799407
2018-04-20,0.8974529643887046,0.8995951987040347,0.9329269721300358,67.55000305175781,0.022325747900460546,-0.006179169654294214
2018-04-23,0.8925485148180725,0.9057119292137465,0.9362026150251598,68.06999969482422,0.027863242901557082,0.007697951437070749
2018-04-24,0.8729308299227352,0.8943735717267365,0.9129610807657954,66.63999938964844,0.05110008127249507,-0.021007790679989036
2018-04-25,0.8773894410573446,0.8819907750213356,0.8953349683283861,65.80000305175781,0.06319420256201864,-0.012604987178632898
2018-04-26,0.8704043365271459,0.8772166998102444,0.9107773188357128,66.37000274658203,0.023315853296696214,0.008662608942067385
2018-04-27,0.8721876902712367,0.87423283166398,0.9117131828040054,66.27999877929688,0.010586387502096317,-0.0013560940720285242
2018-04-30,0.8744169958385413,0.8757248226485779,0.9081256249214839,65.73999786376953,0.028138988866958217,-0.008147268036703958
2018-05-01,0.861635764865665,0.8710998554776013,0.904381931036114,66.23999786376953,0.04196498832514158,0.0076057197482137795
2018-05-02,0.8671347034800578,0.8787085769719107,0.9087494548962792,65.91000366210938,0.02753912045099785,-0.004981796683309558
2018-05-03,0.8637164198252316,0.8727409545023137,0.8945550023507424,66.33999633789062,0.02956125753060619,0.006523936457136781
2018-05-04,0.8675805419160805,0.8845269775784617,0.9051618970137577,67.0,0.01286975760155837,0.009948804620786733
2018-05-07,0.8843745455875436,0.8954178971221962,0.9290273802540171,67.38999938964844,0.015093463369325438,0.0058208864126632065
2018-05-08,0.8831855675000222,0.8873616238616799,0.9254397033653959,67.37000274658203,0.022308009855902575,-0.00029673012683650857
2018-05-09,0.8876440652474404,0.9018330713580001,0.9302752782158071,68.12999725341797,0.025410555104041693,0.011280903604750092
2018-05-10,0.898641942476226,0.9088449054001255,0.9454057137357362,68.86000061035156,0.02115987460815047,0.010714859626637763
2018-05-11,0.9145441558884524,0.919586603080814,0.9577284383446877,69.44999694824219,0.015988428344750186,0.00856805594918808
2018-05-14,0.9225695878984346,0.9322677296893755,0.9591322342971266,69.20999908447266,0.04498851864752248,-0.0034556929347079324
2018-05-15,0.8053092602688383,0.8375321071369155,0.8296657959139108,62.5,0.22444270289097876,-0.09695129566875049
2018-05-16,0.8152666966306494,0.8209720657611417,0.8444842569433924,61.93999862670898,0.0861069184823974,-0.008960021972656329
2018-05-17,0.8073899152284052,0.834697517765163,0.8462000273862788,63.59000015258789,0.07544474115355342,0.026638707821466046
2018-05-18,0.8319120496943744,0.8449916067681789,0.8734971705184107,64.31999969482422,0.05854844743733633,0.011479785193971637
2018-05-21,0.848557346064504,0.8657290066372569,0.8917472914397649,65.55000305175781,0.0644149025375079,0.01912318661022283
2018-05-22,0.8614872276451182,0.8642371294755906,0.8919033084365134,64.83999633789062,0.046486577137918136,-0.010831528311395666
2018-05-23,0.8405319140545218,0.8509592292377761,0.8844160396718735,64.52999877929688,0.04337274404324213,-0.004780962000341726
2018-05-24,0.8466253417126752,0.8509592292377761,0.8822322777417909,64.12000274658203,0.0160142291368345,-0.006353572609184455
2018-05-25,0.8365191980495306,0.8376813289999614,0.8630462928521442,63.150001525878906,0.019500561167227835,-0.015127903605007709
2018-05-29,0.8170501637619314,0.8161979336385845,0.8390247926151361,61.84999847412109,0.04880381077699086,-0.020585954399780615
2018-05-30,0.8112540373192538,0.8220163911566012,0.8499436617685988,62.68999862670898,0.019331243469174503,0.013581247749575365
2018-05-31,0.8173474082838117,0.818585028155596,0.8476038828417675,61.91999816894531,0.03189139156572107,-0.012282668282522669
2018-06-01,0.8146722642804842,0.8245525937137272,0.8568069220492939,62.77999877929688,0.028142213965968756,0.013888899156700552
2018-06-04,0.825075539078318,0.828729895295566,0.8617983948903541,63.380001068115234,0.022983668098610632,0.009557220460096882
2018-06-05,0.8293854996051895,0.8341007441359101,0.866945884728163,63.52000045776367,0.021879071687500806,0.002208889038956885
2018-06-06,0.8336954601320608,0.8537938755209942,0.8664779527440166,65.19000244140625,0.042650321864881255,0.026290963029085734
2018-06-07,0.8583662452057681,0.8672208837989235,0.8936191383824498,65.2300033569336,0.03941877265632055,0.0006136050625753509
2018-06-08,0.8574744549465314,0.8713982992036933,0.8990785432076563,65.7300033569336,0.05355438161951572,0.007665184336478337
2018-06-11,0.8623789045171637,0.8770674779471983,0.9059417439853016,66.12999725341797,0.044893378226711564,0.006085408124997249
2018-06-12,0.866688865044035,0.8740837236238654,0.9065656929661966,66.31999969482422,0.023773817356192835,0.0028731657235390173
2018-06-13,0.8760518123620853,0.8760231525517386,0.9118691998007541,66.26000213623047,0.0616800185765703,-0.0009046676548527532
2018-06-14,0.8738225067947807,0.8725917326392676,0.9078135909279866,66.30999755859375,0.04765406297973348,0.0007545339684791319
2018-06-15,0.8687695200036019,0.8694587564528886,0.8997024921885511,66.12999725341797,0.05773733503618562,-0.002714527398628319
2018-06-18,0.8594065726855515,0.8590155024982924,0.8894075125129336,64.97000122070312,0.03274120515499826,-0.017541147450371164
2018-06-19,0.8406805646622597,0.8427537341142135,0.8686617146740993,63.52000045776367,0.06593231162196679,-0.022318004243432332
2018-06-20,0.8305744776927106,0.8296250557394451,0.8597706499570202,62.790000915527344,0.07110375788536707,-0.011492436035508646
2018-06-21,0.8197253077652589,0.8244034287621469,0.8541552281350652,63.040000915527344,0.06106241211605196,0.003981525662602348
2018-06-22,0.8311689667364714,0.8314153197157379,0.8613304629062078,62.790000915527344,0.03807390636892553,-0.003965735983014862
2018-06-25,0.8145236136727463,0.816496320453211,0.8312256088630984,61.20000076293945,0.03054330017931551,-0.025322505644281623
2018-06-26,0.7962435007790729,0.8109763066612865,0.8346572687549709,61.97999954223633,0.050358308500070954,0.012745077934201765
2018-06-27,0.8115512251475385,0.821121230712722,0.8359051072137109,61.13999938964844,0.024076976663183564,-0.013552761516486767
2018-06-28,0.7947573348632668,0.8008313826098508,0.8252982125506957,61.290000915527344,0.01663183559735284,0.0024534106538494083
2018-06-29,0.8029313607873914,0.8132141793152516,0.8432363589816024,61.84000015258789,0.022270921217281373,0.00897371885862075
2018-07-02,0.7981755618244972,0.7984443450043051,0.8310696513693995,61.470001220703125,0.016025516983371388,-0.005983165119207712
2018-07-03,0.806646832270502,0.8075449436602811,0.8352812177358658,61.25,0.005348826708979966,-0.0035790014044936314
2018-07-05,0.7999589722621836,0.8045611324254824,0.8329414388090346,61.79999923706055,0.027651998916366737,0.00897957938058025
2018-07-06,0.8064981816627641,0.8121698539197921,0.8444842569433924,62.290000915527344,0.028009984906536632,0.007928829846537422
2018-07-09,0.8140777752367236,0.8258953059238134,0.8566509645555952,63.119998931884766,0.015736870621928092,0.013324739190211154
2018-07-10,0.8280479276035257,0.8321613152080369,0.8666339102377155,63.66999816894531,0.02244185146483997,0.008713549530539044
2018-07-11,0.8164556747181706,0.8252985322945607,0.8591467009761253,62.86000061035156,0.020121392726756712,-0.012721809044888954
2018-07-12,0.8274534952533605,0.8327580319258241,0.8700655701295881,63.45000076293945,0.019598926687049295,0.009385939339153104
2018-07-13,0.8302772331708304,0.8335040274181229,0.868817672167798,63.380001068115234,0.00695008836771289,-0.0011032260674944672
2018-07-16,0.8259672726439589,0.8245525937137272,0.8597706499570202,62.720001220703125,0.006395371337900075,-0.010413377032019944
2018-07-17,0.8154153472383874,0.825000145479934,0.85228344069543,63.040000915527344,0.015111201413883406,0.005102035851341613
2018-07-18,0.8229948841187513,0.8245525937137272,0.8616424373966554,62.9900016784668,0.01079763148728666,-0.0007931350941372539
2018-07-19,0.8316148051724941,0.8457376022604779,0.8717814000755243,64.1500015258789,0.019253841092921553,0.018415618614099127
2018-07-20,0.8348844382195821,0.8409635270493865,0.8761489239356894,63.84999847412109,0.017531638221293395,-0.004676586821853679
2018-07-23,0.8329523771741578,0.836040229975249,0.8713134085883282,63.720001220703125,0.014267838022627296,-0.0020359789588820787
2018-07-24,0.8365191980495306,0.8561808562150741,0.8763048814293881,64.79000091552734,0.030988363842769977,0.01679221083373994
2018-07-25,0.8543534725071815,0.866475002129556,0.8942429683572451,65.95999908447266,0.03858992221061187,0.018058313820225935
2018-07-26,0.8671347034800578,0.8782610252057039,0.9095294208739227,66.75,0.0330701652540733,0.011976969777025337
2018-07-27,0.876794952013584,0.877365807850359,0.9023541861027801,65.75,0.033963517679992776,-0.014981273408239737
2018-07-30,0.8652026991282291,0.8669225538957626,0.889095597525536,64.62999725341797,0.01723009146380794,-0.017034262305430148
2018-07-31,0.8512324900678314,0.8761723744147847,0.8895635295096823,66.04000091552734,0.03235580582323878,0.021816551478111235
2018-08-01,0.8647567473050151,0.8684144310574291,0.8909673254621212,64.9800033569336,0.03461337513061651,-0.01605084106448773
2018-08-02,0.848557346064504,0.856777629844327,0.8889395805287873,65.29000091552734,0.027905169188694096,0.004770660858401943
2018-08-03,0.8597037605138362,0.8627452523139241,0.89611481529993,65.7300033569336,0.021359830746803928,0.006739201029810404
2018-08-06,0.8626760923454484,0.8757248226485779,0.9018862541186338,66.51000213623047,0.03774010862133468,0.011866708344152155
2018-08-07,0.8794700960169115,0.8948211234929433,0.922164060470272,67.66000366210938,0.03702897428951069,0.017290655374260666
2018-08-08,0.8929943532540952,0.8979540996793223,0.9332388871174336,67.37999725341797,0.018531418914560678,-0.004138433247650175
2018-08-09,0.8891303445504377,0.8900470482818521,0.9218521454828744,66.69000244140625,0.019271579137479525,-0.010240350847991686
2018-08-10,0.8793214454091733,0.8788577988349568,0.9112452508198591,66.26000213623047,0.02633615852006657,-0.006447747629842682
2018-08-13,0.8736739695742339,0.8806480058997839,0.9071896419470916,65.94000244140625,0.03951391307713147,-0.004829454942761657
2018-08-14,0.8678778431315564,0.8846761994415078,0.9131170977625441,66.75,0.041561850948824135,0.012283856970031204
2018-08-15,0.8662430266080123,0.871696629106854,0.884572056668622,64.7300033569336,0.08931589199788433,-0.0302621219935042
2018-08-16,0.8528673065913754,0.8609549314261655,0.8937750363730989,65.5,0.04219719545390044,0.011895513720592499
2018-08-17,0.8594065726855515,0.8581203989658788,0.8855079206369149,64.66000366210938,0.030904511268495943,-0.012824371570849258
2018-08-20,0.8458822020611765,0.8526003282624885,0.8883156315478923,64.47000122070312,0.017531638221293395,-0.0029384848537766795
2018-08-21,0.848408695456766,0.8569268517073731,0.8908114274714724,64.93000030517578,0.03950907542861566,0.007135087261715967
2018-08-22,0.848408695456766,0.8639387995724297,0.889719546506431,65.6500015258789,0.03278151889263001,0.01108888367964056
2018-08-23,0.8625275551249016,0.8657290066372569,0.905005880017009,65.69000244140625,0.0283002438174852,0.0006093056298190902
2018-08-24,0.863270581389209,0.8697572001789808,0.9059417439853016,65.9800033569336,0.022116116464775466,0.004414688761596786
2018-08-27,0.8720391530506899,0.8710998554776013,0.9101533698548178,66.08000183105469,0.01009617245249429,0.0015155875876533553
2018-08-28,0.8732281311382113,0.8852729730707607,0.9177965366101067,66.69000244140625,0.028245417134306026,0.009231243847588555
2018-08-29,0.8773894410573446,0.8849745293446685,0.9185765025877505,67.01000213623047,0.021275978172529894,0.00479831583610113
2018-08-30,0.8819965894125008,0.8904946000480587,0.9257517373588932,67.26000213623047,0.0276326483223035,0.0037307863308488898
2018-08-31,0.8840772443720675,0.8890027228863924,0.9287154652666195,67.54000091552734,0.016926932156817218,0.004162931466010988
2018-09-04,0.8870495762036796,0.889151830926507,0.9255957203621447,67.2699966430664,0.019274804236490063,-0.003997694237502847
2018-09-05,0.8861578993316344,0.886764850232427,0.9241919244097055,66.95999908447266,0.021396919385425137,-0.004608258868193382
2018-09-06,0.8819965894125008,0.8890027228863924,0.9252838053747469,67.36000061035156,0.008043396932285821,0.005973738520729244
2018-09-07,0.8842258949798056,0.8931800244682309,0.9284034312731221,67.4000015258789,0.01697692119148058,0.0005938378142056333
2018-09-10,0.8941833313416165,0.9018330713580001,0.9391663429328861,67.93000030517578,0.024720383915786216,0.007863483194334497
2018-09-11,0.8923998642103346,0.8966113305577705,0.9355786660442648,67.62000274658203,0.018447566340286645,-0.004563485311365856
2018-09-12,0.8909136982945285,0.895865448888403,0.9318350911649947,67.91000366210938,0.009557580917734175,0.0042886853556360904
2018-09-13,0.8983446412607501,0.9204818204361589,0.9433778497963025,69.33000183105469,0.03164305894190952,0.020909999887654296
2018-09-14,0.9158816711965205,0.916752070620527,0.9522689145133815,68.8499984741211,0.014970909606924933,-0.006923458016102169
2018-09-17,0.9212319592031752,0.9204818204361589,0.9591322342971266,69.08000183105469,0.020703523098159114,0.003340644328700293
2018-09-18,0.9132065271931931,0.9146633060066764,0.94992925459265,68.93000030517578,0.02011978017725144,-0.0021714175145182146
2018-09-19,0.9123148503211478,0.9201833767100667,0.9572603873544417,69.55999755859375,0.010492859630790665,0.009139667062654233
2018-09-20,0.9225695878984346,0.9428603193299494,0.9700510439475395,71.12999725341797,0.037619167408439444,0.022570439188151603
2018-09-21,0.9478347486287113,0.9473359508149486,0.9834656495215323,70.72000122070312,0.041716655701330034,-0.005764038359992285
2018-09-24,0.936688334179379,0.9356991496018465,0.9700510439475395,69.94999694824219,0.02904040404040404,-0.010888069275591605
2018-09-25,0.9291087406054195,0.9379370222558119,0.9733268058487631,70.37999725341797,0.02511545854457732,0.006147252665271052
2018-09-26,0.935053517655835,0.9403240029498918,0.9755105677788457,70.33000183105469,0.020924442380381075,-0.0007103640851712223
2018-09-27,0.9352021682635729,0.9382353521589726,0.9762904147503896,70.80000305175781,0.01691564431028033,0.006682798357266595
2018-09-28,0.936836984787117,0.9404732248129379,0.9819058365723446,70.54000091552734,0.027661674213398352,-0.003672346398635007
2018-10-01,0.936688334179379,0.9491262717027071,0.984869564480071,71.26000213623047,0.03716604099745863,0.010206991938734644
2018-10-02,0.9450109540176459,0.9513641443566725,0.9900170543178798,71.68000030517578,0.03361843208586504,0.005893883754625628
2018-10-04,0.955117040987195,0.9573316530033382,0.9822178705658421,70.66000366210938,0.039170440032509,-0.014229863821481503
2018-10-05,0.9365396835716411,0.9431586492331101,0.9661514520715208,70.30000305175781,0.0297370254266806,-0.0050948286398775355
2018-10-08,0.9259877581660694,0.9263002210427098,0.9586643023129803,69.5,0.026553852703277994,-0.011379843769975584
2018-10-09,0.9167733480685658,0.9200341548470206,0.9546086934402128,69.41000366210938,0.026550627604267456,-0.001294911336555793
2018-10-10,0.9178137889355404,0.916752070620527,0.9218521454828744,66.66999816894531,0.04068462401795735,-0.039475656945683446
2018-10-11,0.8766463014058461,0.8803496759966232,0.8908114274714724,64.88999938964844,0.049851967955416236,-0.02669864749037887
2018-10-12,0.8686208693958639,0.8812447795290368,0.9014183221344875,66.23999786376953,0.05058245288130346,0.020804414960997164
2018-10-15,0.8659457253925364,0.8710998554776013,0.9023541861027801,65.62999725341797,0.017255892255892254,-0.009208946709299393
2018-10-16,0.8708501749631685,0.8893010527895531,0.9121811147881517,67.45999908447266,0.02153721119238361,0.027883618888303152
2018-10-17,0.8845230828080903,0.8876599537648406,0.9171725876292119,67.19999694824219,0.02351903453436021,-0.003854167503099082
2018-10-18,0.8837800565437828,0.8837809820861628,0.9007943731535925,65.75,0.028938813421572042,-0.021577336519211232
2018-10-19,0.8643109088689924,0.8694587564528886,0.8848839716560198,64.47000122070312,0.030406233471367575,-0.019467662042538025
2018-10-22,0.8476656691924584,0.8485721347207646,0.8739651620056069,64.27999877929688,0.027335939213333854,-0.0029471449947054973
2018-10-23,0.8198739016794012,0.8230607165520609,0.840272690576926,62.72999954223633,0.05945631280880324,-0.02411324310043028
2018-10-24,0.8213600675952071,0.8324596451111976,0.8345012517582222,61.130001068115234,0.047546022162880404,-0.025506113275894582
2018-10-25,0.8001076228699215,0.8194801316880096,0.8354371752295647,62.61000061035156,0.04491917901879588,0.024210690599975715
2018-10-26,0.805012015746958,0.8227623297374345,0.8363730987009071,62.72999954223633,0.04171988080034057,0.0019166096584404269
2018-10-29,0.8322092942162549,0.838576432532375,0.8363730987009071,62.08000183105469,0.03849478178980095,-0.010361831913357378
2018-10-30,0.8128887971492023,0.8318629283934105,0.8449521889275386,63.63999938964844,0.04102325941406401,0.02512882591142862
2018-10-31,0.8426125690140884,0.8655798985971423,0.8841041246844757,64.79000091552734,0.05302062773327142,0.01807042012740756
2018-11-01,0.8533131450273981,0.8560316343520282,0.8901874784905773,65.22000122070312,0.021764580672626647,0.006636831287229139
2018-11-02,0.8641623716484457,0.8749788271562791,0.9036020840645701,65.93000030517578,0.028048686094663107,0.010886216976139451
2018-11-05,0.8675805419160805,0.871696629106854,0.9003264411694462,65.91000366210938,0.029283899015699784,-0.00030330112200582793
2018-11-06,0.8677291925238184,0.8721441808730608,0.9071896419470916,65.9800033569336,0.028293793619464123,0.0010620496272928381
2018-11-07,0.8747142970540174,0.901385405768862,0.9167046556450656,68.26000213623047,0.034958460724744254,0.03455590577894818
2018-11-08,0.8967098247372061,0.9010870758657012,0.9338628360983287,67.79000091552734,0.030830333991253532,-0.006885455698713794
2018-11-09,0.8909136982945285,0.8921356990727713,0.9232559414353133,67.2699966430664,0.03290891030354632,-0.0076708108192669044
2018-11-12,0.8695126596551004,0.8696079783159347,0.8881596145511436,64.5,0.03978643394352207,-0.041177297179959216
2018-11-13,0.8461793898894612,0.8579711771028327,0.880204473305407,64.33999633789062,0.027152108569733095,-0.0024806769319283273
2018-11-14,0.8469225295409599,0.8485721347207646,0.8699095531328395,63.470001220703125,0.0696605260781506,-0.013521839706340577
2018-11-15,0.8273048446456226,0.8502132337454771,0.8583667945015315,64.72000122070312,0.05343021530760995,0.019694343405688652
2018-11-16,0.8430584074501111,0.859910606030706,0.8870677335861022,64.98999786376953,0.039194628275088045,0.004171765110845493
2018-11-19,0.8473683679769826,0.8503624556085232,0.8561830325714489,62.61000061035156,0.046109240553685,-0.036620977560375745
2018-11-20,0.8708501749631685,0.9021314012611608,0.8956468833157837,67.5199966430664,0.12343260188087773,0.07842191319038339
2018-11-21,0.8918054885537652,0.9057119292137465,0.9308992271967022,67.72000122070312,0.04877800998490654,0.0029621532520804905
2018-11-23,0.8825910784562616,0.9048168256813329,0.9285594482698708,68.20999908447266,0.013571216636350738,0.007235644638762029
2018-11-26,0.9108286844053417,0.9151109715958146,0.9496172205991525,69.25,0.030212727530735194,0.015247044853927916
2018-11-27,0.9097883569255583,0.9183930558223081,0.9544526764434641,69.36000061035156,0.03226550305094367,0.0015884564671706514
2018-11-28,0.9239071032065027,0.9477835025811554,0.965839537084123,71.4800033569336,0.03432472876917322,0.030565206573334835
2018-11-29,0.9448624167970991,0.958077648495637,0.9939166461938987,71.56999969482422,0.03375227369480243,0.0012590421609415259
2018-12-06,0.9444164649738853,0.9543478986800054,0.9731707888520144,71.91000366210938,0.04794432189068205,0.004750649276721308
2018-12-07,0.9519960585478449,0.9567348793740853,0.9692711969759956,70.25,0.026636092728046755,-0.023084460820074426
2018-12-10,0.9329728626962683,0.9361467013680533,0.9524249315101302,70.58999633789062,0.029259710773120735,0.004839805521574814
2018-12-11,0.9527391981993434,0.9619566201743148,0.9856494114516149,71.05000305175781,0.038593147309622405,0.006516599202885498
2018-12-12,0.9588325124703057,0.9709079969672447,0.9996879660065027,71.75,0.03725311867074319,0.00985217337333899
2018-12-13,0.958386674034283,0.9655371481269006,0.9887691563560898,71.13999938964844,0.02689571319839519,-0.008501750666920715
2018-12-14,0.9328242120885304,0.934654824206387,0.9611599792304605,69.36000061035156,0.023381967826412275,-0.025021068239647448
2018-12-17,0.913355177800931,0.9200341548470206,0.9341748700918259,67.8499984741211,0.027558471045061088,-0.021770503502635652
2018-12-18,0.9035462786596669,0.9110827780540907,0.9340188530950772,67.98999786376953,0.02546699433672614,0.0020633661429165784
2018-12-19,0.9008711346563394,0.9119778815865043,0.9093734038771742,66.83000183105469,0.03729504495788021,-0.01706127473395591
2018-12-20,0.8720391530506899,0.8727409545023137,0.8903433764812262,65.19000244140625,0.0486199801333901,-0.024539867495355305
2018-12-21,0.8555424505947027,0.869309648412774,0.8689736891645468,63.290000915527344,0.06692725466671827,-0.029145596789732497
2018-12-24,0.8215087182029452,0.8305202161833245,0.8533753216604714,62.66999816894531,0.01831533728085452,-0.009796219586243105
2018-12-26,0.8215087182029452,0.8596122761275453,0.8617983948903541,65.54000091552734,0.01885231626610937,0.04579548157708735
2018-12-27,0.844841874581393,0.8733377281315664,0.8811403967767496,66.4800033569336,0.0180976430976431,0.014342423379239744
2018-12-28,0.8816994015842161,0.8825875486505885,0.9078135909279866,65.95999908447266,0.022495065598513872,-0.007821965195594416
2018-12-31,0.8721876902712367,0.8879583974909326,0.9176405196133582,67.45999908447266,0.016760839557774423,0.022741055500607343
2019-01-02,0.8745656464462792,0.8743820535270261,0.9014183221344875,65.69000244140625,0.02548795748029465,-0.026237721124929725
2019-01-03,0.8601495989498589,0.862596030450878,0.8499436617685988,63.27000045776367,0.0782280015996491,-0.0368397304567184
2019-01-04,0.8387484469232396,0.865132233008004,0.8825441927291885,65.45999908447266,0.04178115768154082,0.03461353897367103
2019-01-07,0.8617844154734029,0.8872124019986338,0.906253777978799,66.8499984741211,0.0435775378304114,0.021234332555591928
2019-01-08,0.8907650476867905,0.8988492032117359,0.9232559414353133,67.83000183105469,0.01685759252809061,0.014659736414398994
2019-01-09,0.8998308071765562,0.9204818204361589,0.9435338667930512,69.25,0.03079324535263233,0.020934662105451807
2019-01-10,0.9124635009288857,0.924808230058112,0.9528928634942765,69.9000015258789,0.008839996387889107,0.00938630362280013
2019-01-11,0.9160303218042585,0.9316710698830541,0.958196370328834,70.37999725341797,0.010934698195234594,0.006866891517324891
2019-01-14,0.9224209372906966,0.9298807489952956,0.9695831119633932,69.75,0.026607066836951895,-0.008951367973907831
2019-01-15,0.9258391075583314,0.9367434749973063,0.9688032649918493,70.5999984741211,0.02032457396442071,0.012186358051915258
2019-01-16,0.9387689891389457,0.9424126537408111,0.9742626698170557,70.02999877929688,0.015280519111936739,-0.00807365024282769
2019-01-17,0.9230154263344574,0.9440537527655237,0.9709870269219317,70.81999969482422,0.011176580621025065,0.011280892893016814
2019-01-18,0.9457540936691446,0.9600170774235102,0.9879891903784462,71.93000030517578,0.01643187945869938,0.015673547234323015
2019-01-22,0.9479833992364493,0.9476343945410408,0.9820618535690934,71.31999969482422,0.023220712875885292,-0.008480475570186718
2019-01-23,0.9555628794232176,0.9680733506840267,0.9862733604325099,71.6500015258789,0.02447205129197467,0.00462705878388614
2019-05-15,0.8873468774191557,0.9240623483887445,0.9160807066641706,67.63999938964844,0.22561341383180464,-0.05596653246102323
2019-05-16,0.8909136982945285,0.9169011786606418,0.9372944959902011,69.30000305175781,0.0650663725376369,0.024541745669551585
2019-05-17,0.9033977414391201,0.9236147966225376,0.9464975947007775,69.11000061035156,0.0548750596643317,-0.002741737850492476
2019-05-20,0.9066673744862082,0.9251066737842042,0.9535168124751715,68.93000030517578,0.05639085619928532,-0.0026045478742018346
2019-05-21,0.9172192998917799,0.932118621649261,0.9474334586690701,68.31999969482422,0.054754118451436455,-0.00884956633760181
2019-05-22,0.8993849687405333,0.9052643774475397,0.9358907000377622,67.97000122070312,0.07180199182114891,-0.005122928508262459
2019-05-23,0.8846717334158283,0.8934783543713916,0.9128050637690467,67.69999694824219,0.07781841402531058,-0.0039724035252584056
2019-05-24,0.8989391303045107,0.9239131265256986,0.9447817647548412,68.36000061035156,0.053539868673968295,0.00974894670399995
2019-05-28,0.9032490908313822,0.9085465754969646,0.9273115503080808,67.08000183105469,0.03953971386921579,-0.01872438220989492
2019-05-29,0.8759031617543473,0.8955670051623108,0.921540111489377,67.30000305175781,0.05143065392107538,0.0032796841785605046
2019-05-30,0.8907650476867905,0.8942243498636906,0.9237239924255592,66.88999938964844,0.0389462956512765,-0.0060921789527120795
2019-05-31,0.8707015243554306,0.889151830926507,0.9134290127499417,67.05000305175781,0.0370338119380265,0.002392041614132978
2019-06-03,0.8825910784562616,0.8972081041870235,0.9251277883779981,66.98999786376953,0.03270089141736652,-0.0008949319203156447
2019-06-04,0.8918054885537652,0.8957162270253569,0.9187325195844992,67.94999694824219,0.06240727840344699,0.014330483879472666
2019-06-05,0.9059242348347096,0.91078444815093,0.9418180368471148,68.3499984741211,0.02832443206006425,0.005886704103660101
2019-06-06,0.9045866061394503,0.9207801503393196,0.9516449655324865,69.16000366210938,0.03122379607053937,0.011850844273170846
2019-06-07,0.9221236360752207,0.9288364235998359,0.9642797241349353,69.5199966430664,0.01636253982997278,0.005205219229250213
2019-06-10,0.921826448246936,0.9337597206739734,0.9647476561190816,70.29000091552734,0.015228917527768103,0.01107601135849201
2019-06-11,0.960021490557827,0.9643436008683948,0.9717668738934758,70.08999633789062,0.01960053923655456,-0.002845420045976099
2019-06-12,0.9277712252973516,0.9298807489952956,0.9580403533320853,70.29000091552734,0.016352864532941165,0.002853539564655394
2019-06-13,0.934904867048097,0.9361467013680533,0.9730147718552656,70.30000305175781,0.021837145400363793,0.00014229813771793332
2019-06-14,0.9311893955649864,0.9322677296893755,0.9706749929284345,69.97000122070312,0.017254279706386988,-0.00469419369458246
2019-06-17,0.9302977186929409,0.9345056023433409,0.9730147718552656,70.29000091552734,0.009941367699988391,0.004573384153801374
2019-06-18,0.938471801310661,0.95867442212489,0.983621666518281,71.91000366210938,0.02931131235728937,0.02304741393486265
2019-07-11,0.9826115072847763,0.9819480245510941,0.9978162380699175,71.73999786376953,0.09723189751925383,-0.0023641467067456734
2019-07-12,0.9456054430614067,0.9594203037942575,0.9876772753910484,71.6500015258789,0.03240740740740741,-0.001254479238506856
2019-07-15,0.9417413209705578,0.9407715547160986,0.9667754010524156,70.55000305175781,0.05519111936736459,-0.015352385913401378
2019-07-16,0.9265822472098302,0.9309250743907551,0.9642797241349353,69.94999694824219,0.040870067211063385,-0.008504692807389969
2019-07-17,0.9311893955649864,0.933908828714088,0.9683352140016032,69.58999633789062,0.030148225550524405,-0.005146542188099512
2019-07-18,0.9267308978175681,0.934654824206387,0.9694272139727443,70.12999725341797,0.035158416863397705,0.007759749158563034
2019-07-19,0.9352021682635729,0.9342072724401802,0.9528928634942765,68.69999694824219,0.03485848265541752,-0.020390708130337054
2019-07-22,0.9103828459693191,0.9176471741529406,0.9507091015641939,69.08999633789062,0.04145219758246579,0.005676847263068385
2019-07-23,0.9176651383278025,0.9280904281075371,0.9616280302207066,69.88999938964844,0.04469180953855283,0.011579144509507922
2019-07-24,0.9154358327604979,0.919288273177653,0.9532048974877739,69.58000183105469,0.04285672820155579,-0.0044355066719268255
2019-07-25,0.9228667757267193,0.9257034474134571,0.967711384026808,69.8499984741211,0.022124179212301816,0.0038803770618169864
2019-07-26,0.9285142515616589,0.9283888718336291,0.9645916391223331,69.5,0.029991808248513233,-0.0050107155585803476
2019-07-29,0.9191513042436086,0.9330137251816744,0.9650595711064794,70.37000274658203,0.03575506018034754,0.01251802513067668
2019-07-30,0.9154358327604979,0.9282396499705832,0.9450936797422388,70.1500015258789,0.03771914547776617,-0.0031263494687558957
2019-07-31,0.9294060418208956,0.9354008196986858,0.9578843363353365,69.41000366210938,0.05343021530760995,-0.0105487932669045
2019-08-01,0.9210833085954373,0.9356991496018465,0.9496172205991525,69.20999908447266,0.03162854599636209,-0.0028814949875287654
2019-08-02,0.9135038284086692,0.9125746552157572,0.9366705470093061,68.08000183105469,0.03661777416566689,-0.016327080889551482
2019-08-05,0.879618633237458,0.883333430319956,0.9070337439564425,65.86000061035156,0.044190306642413926,-0.03260871270556387
2019-08-06,0.8732281311382113,0.8909421518142655,0.9129610807657954,67.66000366210938,0.03069487983281087,0.027330747571765013
2019-08-07,0.8800645850606721,0.8997443067441495,0.9198244005495405,67.97000122070312,0.026449036985435458,0.004581695858928203
2019-08-08,0.9032490908313822,0.9182439477821935,0.9450936797422388,69.48999786376953,0.023891533470077532,0.022362757330706362
2019-08-09,0.9108286844053417,0.9097401227554704,0.9407261558820738,68.63999938964844,0.02150334765277294,-0.012231954241637144
2019-08-12,0.9001281083920321,0.901385405768862,0.9201363155369381,66.62999725341797,0.023046557529316156,-0.029283248165844156
2019-08-13,0.8806590741044327,0.907353028238459,0.9201363155369381,67.63999938964844,0.04243585278068037,0.015158369771336888
2019-08-14,0.8757546245338006,0.8810955576659907,0.9021981691060313,65.58999633789062,0.0480055987718823,-0.03030755574003663
2019-08-15,0.9554143422026709,0.9650895963606938,0.9656835200873742,69.58999633789062,0.09946689113355779,0.06098490964069847
2019-08-16,0.9250960812940241,0.9431586492331101,0.9585082853162316,71.08000183105469,0.04570610317736755,0.02141120235054217
2019-08-19,0.9552656915949329,0.9595695256573036,0.9981281530573151,71.75,0.024473663841479934,0.009425972871213384
2019-08-20,0.9476860980209734,0.9592711957541427,0.991888782254465,71.12000274658203,0.02642162364384587,-0.008780449524989131
2019-08-22,0.9629938223894392,0.9668798034255208,0.9942285611812963,71.73999786376953,0.017920262652063416,0.008717591299830074
2019-08-23,0.9488750761084948,0.9504689270013276,0.9630318261731455,69.55000305175781,0.039625178992995086,-0.030526831296683432
2019-08-26,0.9282170637333742,0.9351023759725938,0.9558565914020026,69.63999938964844,0.020876065895222985,0.0012939803586156096
2019-08-27,0.9273253868613287,0.9304775226245483,0.9608480642430629,69.4800033569336,0.0241817923810261,-0.0022974732067362336
2019-08-28,0.9155844833682358,0.9294331972290888,0.9561685063894004,69.94000244140625,0.018404027503644366,0.006620596750831265
2019-08-29,0.9386203385312077,0.9447997482578225,0.9822178705658421,70.69999694824219,0.017391346414334923,0.010866378042703628
2019-08-30,0.948131936456996,0.9621057282144296,0.9875212583942999,71.11000061035156,0.029408065327605558,0.005799203391897212
2019-09-03,0.9369855220076637,0.9410699984421909,0.9666195030617667,70.41000366210938,0.02733432666382858,-0.009843860810490379
2019-09-04,0.9405524562702279,0.943755422862363,0.974106652820307,70.86000061035156,0.020768025078369903,0.00639109394741233
2020-03-09,0.9650744773490059,0.988064868883737,0.9773822957154309,70.75,0.0655582001367442,-0.001552365359921981
2020-03-11,0.9378773122669004,0.9513641443566725,0.9368265640060548,68.83999633789062,0.07181005456867526,-0.02699651819235871
2020-03-12,0.8374109316151717,0.8828858785537492,0.8524393981891288,63.41999816894531,0.07292432627681669,-0.07873327218586823
2020-03-13,0.8750114848823021,0.9182439477821935,0.8772408049007308,69.19999694824219,0.04399841325128682,0.09113842551523677
2020-03-16,0.8286424166472863,0.875128049019325,0.8363730987009071,64.12999725341797,0.06788994672136434,-0.07326589477476853
2020-03-17,0.8674318913083425,0.9334612769478812,0.880204473305407,70.44000244140625,0.045298128152534284,0.09839397252823012
2020-03-18,0.85509661215868,0.9237639046626525,0.8995464751918026,68.87000274658203,0.05790987783324949,-0.022288467353904218
2020-03-19,0.9048839073549262,0.9045183819552409,0.8837920906909785,65.76000213623047,0.046731684662719146,-0.04515755025878676
2020-03-20,0.8669860528723197,0.9404732248129379,0.89611481529993,66.45999908447266,0.04395326186513926,0.010644722103141824
2020-03-23,0.8790242575808886,0.889151830926507,0.8513475172240875,63.369998931884766,0.03961872879497401,-0.046494134745027726
2020-03-24,0.8601495989498589,0.8984016514455291,0.8904993934779749,67.0,0.037672381542113345,0.05728264366892377
2020-03-25,0.8837800565437828,0.9522592478890861,0.8984545942267613,69.0,0.03378936233342364,0.029850746268656803
2020-03-27,0.9496182157599933,0.9734441995243708,0.9790981256613672,70.91000366210938,0.020916379632854733,0.027681212494338858
2020-03-31,0.9613590058658952,0.9673274690146592,0.9825297855532397,71.62000274658203,0.020792213320948952,0.010012678716755596
2020-04-01,0.9187054658075859,0.928985645462882,0.9458736457198825,68.91999816894531,0.026460324831972346,-0.03769902923894497
